axis	omitted_dataset_id	omitted_tissue	baseline_evidence_grade	n_cohorts	random_effect_smd	random_effect_se	ci95_low	ci95_high	z_score	random_effect_p	tau2	i2_percent	positive_cohorts	negative_cohorts	direction_consistency	contributing_datasets	evidence_grade	grade_changed	smd_shift_from_overall	abs_smd_shift_from_overall
Fibrocartilage_matrix_K14P4	GSE114007	cartilage	strong_consistent	8	0.7602315734653389	0.23071942863376863	0.3080214933431524	1.2124416535875253	3.295047920182261	0.0009840489753820503	0.1379876276486409	34.279160605848254	7	1	0.875	GSE143514,GSE169077,GSE185064,GSE191157,GSE55235,GSE55457,GSE89408,GSE98918	strong_consistent	False	-0.04351341434507716	0.04351341434507716
Fibrocartilage_matrix_K14P4	GSE143514	cartilage	strong_consistent	8	0.8023413531827084	0.2153043765534476	0.38034477513795106	1.2243379312274656	3.726544559968726	0.00019412276636578138	0.13390621722528795	38.34603958909874	7	1	0.875	GSE114007,GSE169077,GSE185064,GSE191157,GSE55235,GSE55457,GSE89408,GSE98918	strong_consistent	False	-0.0014036346277076506	0.0014036346277076506
Fibrocartilage_matrix_K14P4	GSE169077	cartilage	strong_consistent	8	0.7732956342427548	0.21302526562389446	0.3557661136199217	1.190825154865588	3.6300653444931856	0.00028334947831498307	0.12219680199266698	35.777205312098395	7	1	0.875	GSE114007,GSE143514,GSE185064,GSE191157,GSE55235,GSE55457,GSE89408,GSE98918	strong_consistent	False	-0.030449353567661208	0.030449353567661208
Fibrocartilage_matrix_K14P4	GSE185064	meniscus	strong_consistent	8	0.8511859307724438	0.20854443851269147	0.4424388312875685	1.259933030257319	4.0815566065581885	4.473507892362299e-05	0.11146731002274145	33.86167368374753	7	1	0.875	GSE114007,GSE143514,GSE169077,GSE191157,GSE55235,GSE55457,GSE89408,GSE98918	strong_consistent	False	0.04744094296202772	0.04744094296202772
Fibrocartilage_matrix_K14P4	GSE191157	meniscus	strong_consistent	8	0.780683934191236	0.21131617878677902	0.36650422376914915	1.194863644613323	3.6943879009801566	0.00022041710514027392	0.12299662573123238	36.417956212049	7	1	0.875	GSE114007,GSE143514,GSE169077,GSE185064,GSE55235,GSE55457,GSE89408,GSE98918	strong_consistent	False	-0.023061053619179983	0.023061053619179983
Fibrocartilage_matrix_K14P4	GSE55235	synovium	strong_consistent	8	0.6980590534453828	0.18290333644189616	0.3395685140192663	1.0565495928714992	3.816546308148615	0.00013533268524391564	0.038347199409849674	14.31374550469793	7	1	0.875	GSE114007,GSE143514,GSE169077,GSE185064,GSE191157,GSE55457,GSE89408,GSE98918	strong_consistent	False	-0.10568593436503326	0.10568593436503326
Fibrocartilage_matrix_K14P4	GSE55457	synovium	strong_consistent	8	0.7902044466786423	0.22584678442789483	0.3475447491999685	1.232864144157316	3.4988518817319165	0.00046726607513824326	0.14291957436194563	37.71297223607066	7	1	0.875	GSE114007,GSE143514,GSE169077,GSE185064,GSE191157,GSE55235,GSE89408,GSE98918	strong_consistent	False	-0.01354054113177372	0.01354054113177372
Fibrocartilage_matrix_K14P4	GSE89408	synovium	strong_consistent	8	0.8394996863246771	0.24508203835647768	0.35913889114598085	1.3198604815033734	3.4253823411718356	0.0006139347833689082	0.17363503403737524	37.9264427005433	7	1	0.875	GSE114007,GSE143514,GSE169077,GSE185064,GSE191157,GSE55235,GSE55457,GSE98918	strong_consistent	False	0.03575469851426105	0.03575469851426105
Fibrocartilage_matrix_K14P4	GSE98918	meniscus	strong_consistent	8	0.952470481304639	0.1682297843613431	0.6227401039564064	1.2822008586528715	5.661723249069941	1.4986037620463325e-08	0.0	0.0	8	0	1.0	GSE114007,GSE143514,GSE169077,GSE185064,GSE191157,GSE55235,GSE55457,GSE89408	strong_consistent	False	0.14872549349422293	0.14872549349422293
Fibrotic_remodeling_K14P7	GSE114007	cartilage	heterogeneous_or_inconsistent	8	0.0371723372783866	0.42570166089561945	-0.7972029180770275	0.8715475926338008	0.087320160321153	0.9304170296070646	1.0813855725800887	79.53644719790172	3	5	0.625	GSE143514,GSE169077,GSE185064,GSE191157,GSE55235,GSE55457,GSE89408,GSE98918	heterogeneous_or_inconsistent	False	-0.2610712808242172	0.2610712808242172
Fibrotic_remodeling_K14P7	GSE143514	cartilage	heterogeneous_or_inconsistent	8	0.37083540524412856	0.5001246624595435	-0.6094089331765766	1.3510797436648336	0.7414859395663707	0.4583988539154725	1.6695757970248783	87.3656086204458	4	4	0.5	GSE114007,GSE169077,GSE185064,GSE191157,GSE55235,GSE55457,GSE89408,GSE98918	heterogeneous_or_inconsistent	False	0.07259178714152476	0.07259178714152476
Fibrotic_remodeling_K14P7	GSE169077	cartilage	heterogeneous_or_inconsistent	8	0.13430296671151953	0.4899673123709543	-0.826032965535551	1.09463889895859	0.2741059726242283	0.7840031840704037	1.5891478087251876	86.79706276610737	3	5	0.625	GSE114007,GSE143514,GSE185064,GSE191157,GSE55235,GSE55457,GSE89408,GSE98918	heterogeneous_or_inconsistent	False	-0.16394065139108427	0.16394065139108427
Fibrotic_remodeling_K14P7	GSE185064	meniscus	heterogeneous_or_inconsistent	8	0.34155555465372456	0.5045860554116598	-0.6474331139531286	1.3305442232605778	0.6769024847011894	0.49846782752331753	1.7005161498941066	87.50129465618923	4	4	0.5	GSE114007,GSE143514,GSE169077,GSE191157,GSE55235,GSE55457,GSE89408,GSE98918	heterogeneous_or_inconsistent	False	0.043311936551120755	0.043311936551120755
Fibrotic_remodeling_K14P7	GSE191157	meniscus	heterogeneous_or_inconsistent	8	0.5213371925296727	0.4653716671244974	-0.3907912750343422	1.4334656600936877	1.1202598468251899	0.26260304751536223	1.4286530239140778	85.83523281627878	4	4	0.5	GSE114007,GSE143514,GSE169077,GSE185064,GSE55235,GSE55457,GSE89408,GSE98918	heterogeneous_or_inconsistent	False	0.2230935744270689	0.2230935744270689
Fibrotic_remodeling_K14P7	GSE55235	synovium	heterogeneous_or_inconsistent	8	0.08024143635587813	0.47710770208434417	-0.8548896597294364	1.0153725324411926	0.16818306643411277	0.8664392622183882	1.4658259165301768	85.2345798002872	3	5	0.625	GSE114007,GSE143514,GSE169077,GSE185064,GSE191157,GSE55457,GSE89408,GSE98918	heterogeneous_or_inconsistent	False	-0.21800218174672567	0.21800218174672567
Fibrotic_remodeling_K14P7	GSE55457	synovium	heterogeneous_or_inconsistent	8	0.36203441532080954	0.5252365844895849	-0.6674292902787768	1.3914981209203958	0.6892787479239053	0.4906478691613053	1.8314115056856854	87.11952362257331	4	4	0.5	GSE114007,GSE143514,GSE169077,GSE185064,GSE191157,GSE55235,GSE89408,GSE98918	heterogeneous_or_inconsistent	False	0.06379079721820574	0.06379079721820574
Fibrotic_remodeling_K14P7	GSE89408	synovium	heterogeneous_or_inconsistent	8	0.28271134418556265	0.5799674911812553	-0.8540249385296979	1.4194476269008232	0.4874606740625188	0.625931905132298	2.293278797730325	87.58408169554657	3	5	0.625	GSE114007,GSE143514,GSE169077,GSE185064,GSE191157,GSE55235,GSE55457,GSE98918	heterogeneous_or_inconsistent	False	-0.01553227391704115	0.01553227391704115
Fibrotic_remodeling_K14P7	GSE98918	meniscus	heterogeneous_or_inconsistent	8	0.5431970982879798	0.44622376681116055	-0.3314014846618949	1.4177956812378545	1.217319960722437	0.22348250263103553	1.2274022425437023	82.04593092625942	4	4	0.5	GSE114007,GSE143514,GSE169077,GSE185064,GSE191157,GSE55235,GSE55457,GSE89408	heterogeneous_or_inconsistent	False	0.244953480185376	0.244953480185376
Generic_stress_K14P1	GSE114007	cartilage	heterogeneous_or_inconsistent	8	-0.9499652595360134	0.4907958213873557	-1.9119250694552306	0.01199455038320385	-1.9355610177175138	0.0529214886579853	1.527342506920297	83.88073590220006	1	7	0.875	GSE143514,GSE169077,GSE185064,GSE191157,GSE55235,GSE55457,GSE89408,GSE98918	heterogeneous_or_inconsistent	False	0.016527739230422167	0.016527739230422167
Generic_stress_K14P1	GSE143514	cartilage	heterogeneous_or_inconsistent	8	-0.8802046216315293	0.4460012071435061	-1.7543669876328014	-0.006042255630257398	-1.9735476216958157	0.048433204546411764	1.2753304309738227	84.5945254148384	1	7	0.875	GSE114007,GSE169077,GSE185064,GSE191157,GSE55235,GSE55457,GSE89408,GSE98918	heterogeneous_signal	True	0.08628837713490622	0.08628837713490622
Generic_stress_K14P1	GSE169077	cartilage	heterogeneous_or_inconsistent	8	-0.8997570438390797	0.45513648778971405	-1.7918245599069191	-0.007689527771240212	-1.9768949929911859	0.04805350091756725	1.3124748600128378	84.59341057101271	1	7	0.875	GSE114007,GSE143514,GSE185064,GSE191157,GSE55235,GSE55457,GSE89408,GSE98918	heterogeneous_signal	True	0.06673595492735585	0.06673595492735585
Generic_stress_K14P1	GSE185064	meniscus	heterogeneous_or_inconsistent	8	-1.0667414976460512	0.4647419364550831	-1.977635693098014	-0.15584730219408838	-2.2953415949136127	0.02171355562808735	1.3814781615413791	85.24309020941024	1	7	0.875	GSE114007,GSE143514,GSE169077,GSE191157,GSE55235,GSE55457,GSE89408,GSE98918	heterogeneous_signal	True	-0.10024849887961562	0.10024849887961562
Generic_stress_K14P1	GSE191157	meniscus	heterogeneous_or_inconsistent	8	-1.0327799221916332	0.46545345722603104	-1.9450686983546541	-0.12049114602861233	-2.218868301777593	0.02649568558356777	1.3882050470465581	85.33074531602057	1	7	0.875	GSE114007,GSE143514,GSE169077,GSE185064,GSE55235,GSE55457,GSE89408,GSE98918	heterogeneous_signal	True	-0.0662869234251976	0.0662869234251976
Generic_stress_K14P1	GSE55235	synovium	heterogeneous_or_inconsistent	8	-0.6452510477890535	0.36892503099381113	-1.3683441085369235	0.07784201295881632	-1.7490031675293884	0.0802904718824779	0.7664130136127936	76.39362200025441	1	7	0.875	GSE114007,GSE143514,GSE169077,GSE185064,GSE191157,GSE55457,GSE89408,GSE98918	heterogeneous_or_inconsistent	False	0.32124195097738206	0.32124195097738206
Generic_stress_K14P1	GSE55457	synovium	heterogeneous_or_inconsistent	8	-1.0497648089991576	0.49107281372845746	-2.0122675239069343	-0.08726209409138097	-2.137696854014063	0.032541355014919796	1.542365978195021	85.32981778701159	1	7	0.875	GSE114007,GSE143514,GSE169077,GSE185064,GSE191157,GSE55235,GSE89408,GSE98918	heterogeneous_signal	True	-0.08327181023272201	0.08327181023272201
Generic_stress_K14P1	GSE89408	synovium	heterogeneous_or_inconsistent	8	-1.2010609895661075	0.3254103610961631	-1.8388652973145874	-0.5632566818176278	-3.690911947364755	0.00022345148604756382	0.47212499266919944	59.87454824477821	0	8	1.0	GSE114007,GSE143514,GSE169077,GSE185064,GSE191157,GSE55235,GSE55457,GSE98918	strong_consistent	True	-0.23456799079967194	0.23456799079967194
Generic_stress_K14P1	GSE98918	meniscus	heterogeneous_or_inconsistent	8	-0.9818560507496686	0.4890929199527303	-1.94047817385702	-0.023233927642317243	-2.0075041177135886	0.044696012628796335	1.5242633381616366	84.97108318916726	1	7	0.875	GSE114007,GSE143514,GSE169077,GSE185064,GSE191157,GSE55235,GSE55457,GSE89408	heterogeneous_signal	True	-0.015363051983233067	0.015363051983233067
MSP_angiogenic_K14P9	GSE114007	cartilage	heterogeneous_or_inconsistent	8	-0.304855268358252	0.3440990051563587	-0.9792893184647151	0.36957878174821107	-0.8859521933802907	0.3756432890865349	0.6249568499222321	70.54021759610885	3	5	0.625	GSE143514,GSE169077,GSE185064,GSE191157,GSE55235,GSE55457,GSE89408,GSE98918	not_supported	True	0.24313803879158363	0.24313803879158363
MSP_angiogenic_K14P9	GSE143514	cartilage	heterogeneous_or_inconsistent	8	-0.5036068811108061	0.4390369499622439	-1.3641193030368042	0.356905540815192	-1.1470717468179275	0.2513519696061882	1.2542027634212662	84.56417461462028	3	5	0.625	GSE114007,GSE169077,GSE185064,GSE191157,GSE55235,GSE55457,GSE89408,GSE98918	heterogeneous_or_inconsistent	False	0.044386426039029536	0.044386426039029536
MSP_angiogenic_K14P9	GSE169077	cartilage	heterogeneous_or_inconsistent	8	-0.5831637230049957	0.4497598641391545	-1.4646930567177385	0.29836561070774703	-1.2966113019470462	0.19476496176454572	1.3058433231525397	84.59882836695027	3	5	0.625	GSE114007,GSE143514,GSE185064,GSE191157,GSE55235,GSE55457,GSE89408,GSE98918	heterogeneous_or_inconsistent	False	-0.03517041585516012	0.03517041585516012
MSP_angiogenic_K14P9	GSE185064	meniscus	heterogeneous_or_inconsistent	8	-0.6678869785444522	0.43224217319631736	-1.5150816380092342	0.17930768092032978	-1.5451684725847166	0.12230551812658176	1.200182542998485	83.85853958923177	2	6	0.75	GSE114007,GSE143514,GSE169077,GSE191157,GSE55235,GSE55457,GSE89408,GSE98918	heterogeneous_or_inconsistent	False	-0.1198936713946166	0.1198936713946166
MSP_angiogenic_K14P9	GSE191157	meniscus	heterogeneous_or_inconsistent	8	-0.7220287935117121	0.4178717007474385	-1.5410573269766916	0.09699973995326738	-1.7278719573980101	0.0840111829252529	1.1109535869289846	82.91644716347918	2	6	0.75	GSE114007,GSE143514,GSE169077,GSE185064,GSE55235,GSE55457,GSE89408,GSE98918	heterogeneous_or_inconsistent	False	-0.1740354863618765	0.1740354863618765
MSP_angiogenic_K14P9	GSE55235	synovium	heterogeneous_or_inconsistent	8	-0.4231950927881281	0.439521321753281	-1.2846568834245589	0.4382666978483027	-0.9628545234164604	0.3356205342108839	1.2207107102952304	83.16536938156347	3	5	0.625	GSE114007,GSE143514,GSE169077,GSE185064,GSE191157,GSE55457,GSE89408,GSE98918	heterogeneous_or_inconsistent	False	0.12479821436170752	0.12479821436170752
MSP_angiogenic_K14P9	GSE55457	synovium	heterogeneous_or_inconsistent	8	-0.5108351454329338	0.4639883483034561	-1.4202523081077079	0.39858201724184006	-1.1009654602335814	0.2709116900208045	1.3889785407857433	84.54834187734191	3	5	0.625	GSE114007,GSE143514,GSE169077,GSE185064,GSE191157,GSE55235,GSE89408,GSE98918	heterogeneous_or_inconsistent	False	0.03715816171690178	0.03715816171690178
MSP_angiogenic_K14P9	GSE89408	synovium	heterogeneous_or_inconsistent	8	-0.7472308866576369	0.37740071523845115	-1.4869362885250013	-0.007525484790272707	-1.9799403034663512	0.04771023695710366	0.7934506263279811	72.26460836857069	2	6	0.75	GSE114007,GSE143514,GSE169077,GSE185064,GSE191157,GSE55235,GSE55457,GSE98918	strong_consistent	True	-0.1992375795078013	0.1992375795078013
MSP_angiogenic_K14P9	GSE98918	meniscus	heterogeneous_or_inconsistent	8	-0.47970475123625833	0.4630945862523537	-1.3873701402908716	0.4279606378183549	-1.0358677589352194	0.30026384077173707	1.3784730393073326	84.15790504424231	3	5	0.625	GSE114007,GSE143514,GSE169077,GSE185064,GSE191157,GSE55235,GSE55457,GSE89408	heterogeneous_or_inconsistent	False	0.0682885559135773	0.0682885559135773
MSP_inflammatory_K14P10	GSE114007	cartilage	heterogeneous_or_inconsistent	8	-0.8451360537550077	0.46648576427530775	-1.7594481517346108	0.06917604422459545	-1.8117081344763832	0.07003130606560466	1.3514200477706102	82.33058996800895	3	5	0.625	GSE143514,GSE169077,GSE185064,GSE191157,GSE55235,GSE55457,GSE89408,GSE98918	heterogeneous_or_inconsistent	False	0.12431827824341357	0.12431827824341357
MSP_inflammatory_K14P10	GSE143514	cartilage	heterogeneous_or_inconsistent	8	-0.8633519086435544	0.46521855900828013	-1.7751802842997835	0.04847646701267461	-1.8557985100250227	0.06348228304013465	1.4216614597020276	85.69655951963765	3	5	0.625	GSE114007,GSE169077,GSE185064,GSE191157,GSE55235,GSE55457,GSE89408,GSE98918	heterogeneous_or_inconsistent	False	0.10610242335486686	0.10610242335486686
MSP_inflammatory_K14P10	GSE169077	cartilage	heterogeneous_or_inconsistent	8	-1.0862260581036216	0.49265476882173426	-2.051829404994221	-0.12062271121302248	-2.2048422685555478	0.027465164811311123	1.5794834220361569	86.22366127463154	3	5	0.625	GSE114007,GSE143514,GSE185064,GSE191157,GSE55235,GSE55457,GSE89408,GSE98918	heterogeneous_signal	True	-0.11677172610520037	0.11677172610520037
MSP_inflammatory_K14P10	GSE185064	meniscus	heterogeneous_or_inconsistent	8	-1.0883220257916346	0.4850306088002688	-2.0389820190401613	-0.13766203254310772	-2.243821330129282	0.024843899433515844	1.5358479640661413	86.21687375257397	2	6	0.75	GSE114007,GSE143514,GSE169077,GSE191157,GSE55235,GSE55457,GSE89408,GSE98918	heterogeneous_signal	True	-0.11886769379321338	0.11886769379321338
MSP_inflammatory_K14P10	GSE191157	meniscus	heterogeneous_or_inconsistent	8	-0.974241411763878	0.4843863471344267	-1.9236386521473543	-0.024844171380401736	-2.0112899909904085	0.044294835093746994	1.53877120627049	86.36048160490702	3	5	0.625	GSE114007,GSE143514,GSE169077,GSE185064,GSE55235,GSE55457,GSE89408,GSE98918	heterogeneous_signal	True	-0.004787079765456781	0.004787079765456781
MSP_inflammatory_K14P10	GSE55235	synovium	heterogeneous_or_inconsistent	8	-0.7168820123855348	0.42300435907512296	-1.545970556172776	0.11220653140170611	-1.6947390659353017	0.09012493129529284	1.0887547790200083	81.47654638615678	3	5	0.625	GSE114007,GSE143514,GSE169077,GSE185064,GSE191157,GSE55457,GSE89408,GSE98918	heterogeneous_or_inconsistent	False	0.2525723196128864	0.2525723196128864
MSP_inflammatory_K14P10	GSE55457	synovium	heterogeneous_or_inconsistent	8	-0.8373094590025554	0.4679973805675262	-1.754584324914907	0.07996540690979603	-1.7891327895621458	0.07359343258092652	1.3857672975786954	84.34380379183843	3	5	0.625	GSE114007,GSE143514,GSE169077,GSE185064,GSE191157,GSE55235,GSE89408,GSE98918	heterogeneous_or_inconsistent	False	0.13214487299586586	0.13214487299586586
MSP_inflammatory_K14P10	GSE89408	synovium	heterogeneous_or_inconsistent	8	-1.1922329003670475	0.4239887558016513	-2.0232508617382843	-0.36121493899581103	-2.8119446189388877	0.004924298100508039	1.0423097025301424	76.02555622340884	2	6	0.75	GSE114007,GSE143514,GSE169077,GSE185064,GSE191157,GSE55235,GSE55457,GSE98918	heterogeneous_signal	True	-0.2227785683686263	0.2227785683686263
MSP_inflammatory_K14P10	GSE98918	meniscus	heterogeneous_or_inconsistent	8	-1.1293007197059965	0.5073237670808335	-2.1236553031844303	-0.1349461362275629	-2.2259960857029224	0.0260144436069643	1.6675423515048742	85.44734247600778	2	6	0.75	GSE114007,GSE143514,GSE169077,GSE185064,GSE191157,GSE55235,GSE55457,GSE89408	heterogeneous_signal	True	-0.1598463877075753	0.1598463877075753
MSP_paracrine_K12P8	GSE114007	cartilage	heterogeneous_or_inconsistent	8	-0.2720971649865915	0.3748408044971749	-1.0067851418010543	0.46259081182787126	-0.7259006002604026	0.46789970850832674	0.7892387039119096	74.92729356852816	4	4	0.5	GSE143514,GSE169077,GSE185064,GSE191157,GSE55235,GSE55457,GSE89408,GSE98918	heterogeneous_or_inconsistent	False	0.20873203663987883	0.20873203663987883
MSP_paracrine_K12P8	GSE143514	cartilage	heterogeneous_or_inconsistent	8	-0.3838836437775698	0.4270829772422229	-1.2209662791723266	0.453198991617187	-0.8988502568198772	0.36873242663716366	1.176602519291092	84.00814726934621	4	4	0.5	GSE114007,GSE169077,GSE185064,GSE191157,GSE55235,GSE55457,GSE89408,GSE98918	heterogeneous_or_inconsistent	False	0.09694555784890052	0.09694555784890052
MSP_paracrine_K12P8	GSE169077	cartilage	heterogeneous_or_inconsistent	8	-0.5430562601535257	0.4444547238578427	-1.4141875189148974	0.32807499860784595	-1.2218483256063228	0.22176498975129266	1.2636916511363288	84.34082276098623	3	5	0.625	GSE114007,GSE143514,GSE185064,GSE191157,GSE55235,GSE55457,GSE89408,GSE98918	heterogeneous_or_inconsistent	False	-0.0622270585270554	0.0622270585270554
MSP_paracrine_K12P8	GSE185064	meniscus	heterogeneous_or_inconsistent	8	-0.5945675803042181	0.4304666681677348	-1.4382822499129784	0.2491470893045422	-1.3812163037732343	0.16721246327775274	1.184040076929495	83.85780514255174	3	5	0.625	GSE114007,GSE143514,GSE169077,GSE191157,GSE55235,GSE55457,GSE89408,GSE98918	heterogeneous_or_inconsistent	False	-0.11373837867774778	0.11373837867774778
MSP_paracrine_K12P8	GSE191157	meniscus	heterogeneous_or_inconsistent	8	-0.6479054522244142	0.41677569659189306	-1.4647858175445245	0.16897491309569623	-1.5545662991449414	0.12004939525700795	1.099981061815688	82.96508275028174	3	5	0.625	GSE114007,GSE143514,GSE169077,GSE185064,GSE55235,GSE55457,GSE89408,GSE98918	heterogeneous_or_inconsistent	False	-0.1670762505979439	0.1670762505979439
MSP_paracrine_K12P8	GSE55235	synovium	heterogeneous_or_inconsistent	8	-0.3863662883804787	0.4462569814357674	-1.2610299719945828	0.48829739523362536	-0.8657932636423994	0.38660354399889063	1.2600375875128313	83.62707310496882	4	4	0.5	GSE114007,GSE143514,GSE169077,GSE185064,GSE191157,GSE55457,GSE89408,GSE98918	heterogeneous_or_inconsistent	False	0.0944629132459916	0.0944629132459916
MSP_paracrine_K12P8	GSE55457	synovium	heterogeneous_or_inconsistent	8	-0.3832484762277002	0.4452571565962317	-1.2559525031563143	0.48945555070091395	-0.8607351292395683	0.38938394054370773	1.2532557375401934	83.56639095556645	4	4	0.5	GSE114007,GSE143514,GSE169077,GSE185064,GSE191157,GSE55235,GSE89408,GSE98918	heterogeneous_or_inconsistent	False	0.09758072539877011	0.09758072539877011
MSP_paracrine_K12P8	GSE89408	synovium	heterogeneous_or_inconsistent	8	-0.7114842320623328	0.34782125902526057	-1.3932138997518435	-0.02975456437282209	-2.045545559970103	0.04080110233295488	0.6243285877502068	67.68250311680455	3	5	0.625	GSE114007,GSE143514,GSE169077,GSE185064,GSE191157,GSE55235,GSE55457,GSE98918	strong_consistent	True	-0.2306550304358625	0.2306550304358625
MSP_paracrine_K12P8	GSE98918	meniscus	heterogeneous_or_inconsistent	8	-0.4282738421220123	0.46308028083908076	-1.3359111925666105	0.47936350832258595	-0.9248371391370828	0.35505062880201943	1.3724692405334498	84.21133621331408	4	4	0.5	GSE114007,GSE143514,GSE169077,GSE185064,GSE191157,GSE55235,GSE55457,GSE89408	heterogeneous_or_inconsistent	False	0.052555359504458	0.052555359504458
MSP_paracrine_consensus_K12P8_K14P9	GSE114007	cartilage	heterogeneous_or_inconsistent	8	-0.38897616333398793	0.3659955187914231	-1.1063273801651772	0.32837505349720136	-1.0627894150683885	0.28787746077962073	0.7443121573481003	73.8302964631813	3	5	0.625	GSE143514,GSE169077,GSE185064,GSE191157,GSE55235,GSE55457,GSE89408,GSE98918	not_supported	True	0.2626139119945797	0.2626139119945797
MSP_paracrine_consensus_K12P8_K14P9	GSE143514	cartilage	heterogeneous_or_inconsistent	8	-0.5870696016999712	0.46371405925578335	-1.4959491578413067	0.32180995444136407	-1.2660163951944043	0.20550721252484982	1.432929761262791	86.02501761487515	3	5	0.625	GSE114007,GSE169077,GSE185064,GSE191157,GSE55235,GSE55457,GSE89408,GSE98918	heterogeneous_or_inconsistent	False	0.06452047362859636	0.06452047362859636
MSP_paracrine_consensus_K12P8_K14P9	GSE169077	cartilage	heterogeneous_or_inconsistent	8	-0.7036815191163759	0.4785540681707398	-1.641647492731026	0.23428445449827418	-1.4704326343022842	0.14144461824135313	1.514187565212144	86.16070786301853	3	5	0.625	GSE114007,GSE143514,GSE185064,GSE191157,GSE55235,GSE55457,GSE89408,GSE98918	heterogeneous_or_inconsistent	False	-0.05209144378780828	0.05209144378780828
MSP_paracrine_consensus_K12P8_K14P9	GSE185064	meniscus	heterogeneous_or_inconsistent	8	-0.7664976792927761	0.4644247628658931	-1.6767702145099266	0.14377485592437433	-1.6504237942930473	0.0988562877854668	1.4241125279912303	85.75048038344173	2	6	0.75	GSE114007,GSE143514,GSE169077,GSE191157,GSE55235,GSE55457,GSE89408,GSE98918	heterogeneous_or_inconsistent	False	-0.11490760396420852	0.11490760396420852
MSP_paracrine_consensus_K12P8_K14P9	GSE191157	meniscus	heterogeneous_or_inconsistent	8	-0.8136784037698467	0.4539990612511527	-1.703516563822106	0.07615975628241256	-1.7922468859901872	0.07309342722546575	1.3528490020090547	85.18830979658102	2	6	0.75	GSE114007,GSE143514,GSE169077,GSE185064,GSE55235,GSE55457,GSE89408,GSE98918	heterogeneous_or_inconsistent	False	-0.16208832844127907	0.16208832844127907
MSP_paracrine_consensus_K12P8_K14P9	GSE55235	synovium	heterogeneous_or_inconsistent	8	-0.5528824337951725	0.4757052417729969	-1.4852647076702463	0.37949984007990134	-1.1622374219265048	0.24513903780799873	1.4782146943333643	85.33685472686115	3	5	0.625	GSE114007,GSE143514,GSE169077,GSE185064,GSE191157,GSE55457,GSE89408,GSE98918	heterogeneous_or_inconsistent	False	0.09870764153339506	0.09870764153339506
MSP_paracrine_consensus_K12P8_K14P9	GSE55457	synovium	heterogeneous_or_inconsistent	8	-0.5952480325683386	0.48788552891579506	-1.5515036692432969	0.3610076041066197	-1.2200567495640424	0.22244336265720577	1.5680020924234306	85.8958909879887	3	5	0.625	GSE114007,GSE143514,GSE169077,GSE185064,GSE191157,GSE55235,GSE89408,GSE98918	heterogeneous_or_inconsistent	False	0.05634204276022903	0.05634204276022903
MSP_paracrine_consensus_K12P8_K14P9	GSE89408	synovium	heterogeneous_or_inconsistent	8	-0.8835840838703823	0.3771428976192674	-1.6227841632041464	-0.14438400453661826	-2.34283633457782	0.019137776113642875	0.7887878520103375	71.73871701797331	2	6	0.75	GSE114007,GSE143514,GSE169077,GSE185064,GSE191157,GSE55235,GSE55457,GSE98918	strong_consistent	True	-0.23199400854181473	0.23199400854181473
MSP_paracrine_consensus_K12P8_K14P9	GSE98918	meniscus	heterogeneous_or_inconsistent	8	-0.5899085256012894	0.4921508956197773	-1.554524281016053	0.37470722981347415	-1.198633449317213	0.23067050584985016	1.5957900013940471	85.76262585036896	3	5	0.625	GSE114007,GSE143514,GSE169077,GSE185064,GSE191157,GSE55235,GSE55457,GSE89408	heterogeneous_or_inconsistent	False	0.06168154972727824	0.06168154972727824
