reference_name	dataset_id	sample_id	tissue	condition	subtype_id	subtype_label	state	fraction	n_genes_used	reconstruction_rmse
GSE220243_broad	GSE114007	OA_Cart_1_7	cartilage	OA	S1	ECM_fibrotic_high	endothelial	0.0	405	1.874415944240185
GSE220243_broad	GSE114007	OA_Cart_1_7	cartilage	OA	S1	ECM_fibrotic_high	fibrochondrocyte_core	0.8809456612838271	405	1.874415944240185
GSE220243_broad	GSE114007	OA_Cart_1_7	cartilage	OA	S1	ECM_fibrotic_high	immune_myeloid	0.0	405	1.874415944240185
GSE220243_broad	GSE114007	OA_Cart_1_7	cartilage	OA	S1	ECM_fibrotic_high	inflammatory_like	0.0	405	1.874415944240185
GSE220243_broad	GSE114007	OA_Cart_1_7	cartilage	OA	S1	ECM_fibrotic_high	mural_smooth_muscle	0.05921481726767436	405	1.874415944240185
GSE220243_broad	GSE114007	OA_Cart_1_7	cartilage	OA	S1	ECM_fibrotic_high	outer_fibrous_like	0.059839521448498564	405	1.874415944240185
GSE220243_broad	GSE114007	OA_Cart_1_7	cartilage	OA	S1	ECM_fibrotic_high	t_nk	0.0	405	1.874415944240185
GSE220243_broad	GSE114007	OA_Cart_10_9	cartilage	OA	S2	mixed_low	endothelial	0.0	405	1.73518459830853
GSE220243_broad	GSE114007	OA_Cart_10_9	cartilage	OA	S2	mixed_low	fibrochondrocyte_core	0.8783009196449141	405	1.73518459830853
GSE220243_broad	GSE114007	OA_Cart_10_9	cartilage	OA	S2	mixed_low	immune_myeloid	0.0	405	1.73518459830853
GSE220243_broad	GSE114007	OA_Cart_10_9	cartilage	OA	S2	mixed_low	inflammatory_like	0.0	405	1.73518459830853
GSE220243_broad	GSE114007	OA_Cart_10_9	cartilage	OA	S2	mixed_low	mural_smooth_muscle	0.12169908035508593	405	1.73518459830853
GSE220243_broad	GSE114007	OA_Cart_10_9	cartilage	OA	S2	mixed_low	outer_fibrous_like	0.0	405	1.73518459830853
GSE220243_broad	GSE114007	OA_Cart_10_9	cartilage	OA	S2	mixed_low	t_nk	0.0	405	1.73518459830853
GSE220243_broad	GSE114007	OA_Cart_2_8	cartilage	OA	S2	mixed_low	endothelial	0.0	405	1.95570267508613
GSE220243_broad	GSE114007	OA_Cart_2_8	cartilage	OA	S2	mixed_low	fibrochondrocyte_core	0.5422668652438756	405	1.95570267508613
GSE220243_broad	GSE114007	OA_Cart_2_8	cartilage	OA	S2	mixed_low	immune_myeloid	0.003978246354062835	405	1.95570267508613
GSE220243_broad	GSE114007	OA_Cart_2_8	cartilage	OA	S2	mixed_low	inflammatory_like	0.0	405	1.95570267508613
GSE220243_broad	GSE114007	OA_Cart_2_8	cartilage	OA	S2	mixed_low	mural_smooth_muscle	0.0	405	1.95570267508613
GSE220243_broad	GSE114007	OA_Cart_2_8	cartilage	OA	S2	mixed_low	outer_fibrous_like	0.4537548884020616	405	1.95570267508613
GSE220243_broad	GSE114007	OA_Cart_2_8	cartilage	OA	S2	mixed_low	t_nk	0.0	405	1.95570267508613
GSE220243_broad	GSE114007	OA_Cart_3_9	cartilage	OA	S2	mixed_low	endothelial	0.0	405	1.80617266239733
GSE220243_broad	GSE114007	OA_Cart_3_9	cartilage	OA	S2	mixed_low	fibrochondrocyte_core	0.40976019232024236	405	1.80617266239733
GSE220243_broad	GSE114007	OA_Cart_3_9	cartilage	OA	S2	mixed_low	immune_myeloid	0.0	405	1.80617266239733
GSE220243_broad	GSE114007	OA_Cart_3_9	cartilage	OA	S2	mixed_low	inflammatory_like	0.0	405	1.80617266239733
GSE220243_broad	GSE114007	OA_Cart_3_9	cartilage	OA	S2	mixed_low	mural_smooth_muscle	0.24612820762515047	405	1.80617266239733
GSE220243_broad	GSE114007	OA_Cart_3_9	cartilage	OA	S2	mixed_low	outer_fibrous_like	0.34411160005460717	405	1.80617266239733
GSE220243_broad	GSE114007	OA_Cart_3_9	cartilage	OA	S2	mixed_low	t_nk	0.0	405	1.80617266239733
GSE220243_broad	GSE114007	OA_Cart_4_10	cartilage	OA	S2	mixed_low	endothelial	0.0	405	1.978499300164023
GSE220243_broad	GSE114007	OA_Cart_4_10	cartilage	OA	S2	mixed_low	fibrochondrocyte_core	1.0	405	1.978499300164023
GSE220243_broad	GSE114007	OA_Cart_4_10	cartilage	OA	S2	mixed_low	immune_myeloid	0.0	405	1.978499300164023
GSE220243_broad	GSE114007	OA_Cart_4_10	cartilage	OA	S2	mixed_low	inflammatory_like	0.0	405	1.978499300164023
GSE220243_broad	GSE114007	OA_Cart_4_10	cartilage	OA	S2	mixed_low	mural_smooth_muscle	0.0	405	1.978499300164023
GSE220243_broad	GSE114007	OA_Cart_4_10	cartilage	OA	S2	mixed_low	outer_fibrous_like	0.0	405	1.978499300164023
GSE220243_broad	GSE114007	OA_Cart_4_10	cartilage	OA	S2	mixed_low	t_nk	0.0	405	1.978499300164023
GSE220243_broad	GSE114007	OA_Cart_5_5	cartilage	OA	S1	ECM_fibrotic_high	endothelial	0.0	405	1.9989430216044595
GSE220243_broad	GSE114007	OA_Cart_5_5	cartilage	OA	S1	ECM_fibrotic_high	fibrochondrocyte_core	0.0	405	1.9989430216044595
GSE220243_broad	GSE114007	OA_Cart_5_5	cartilage	OA	S1	ECM_fibrotic_high	immune_myeloid	0.09201431931883658	405	1.9989430216044595
GSE220243_broad	GSE114007	OA_Cart_5_5	cartilage	OA	S1	ECM_fibrotic_high	inflammatory_like	0.0	405	1.9989430216044595
GSE220243_broad	GSE114007	OA_Cart_5_5	cartilage	OA	S1	ECM_fibrotic_high	mural_smooth_muscle	0.01513000754637632	405	1.9989430216044595
GSE220243_broad	GSE114007	OA_Cart_5_5	cartilage	OA	S1	ECM_fibrotic_high	outer_fibrous_like	0.8928556731347871	405	1.9989430216044595
GSE220243_broad	GSE114007	OA_Cart_5_5	cartilage	OA	S1	ECM_fibrotic_high	t_nk	0.0	405	1.9989430216044595
GSE220243_broad	GSE114007	OA_Cart_6_1	cartilage	OA	S2	mixed_low	endothelial	0.0	405	1.9553622572353355
GSE220243_broad	GSE114007	OA_Cart_6_1	cartilage	OA	S2	mixed_low	fibrochondrocyte_core	1.0	405	1.9553622572353355
GSE220243_broad	GSE114007	OA_Cart_6_1	cartilage	OA	S2	mixed_low	immune_myeloid	0.0	405	1.9553622572353355
GSE220243_broad	GSE114007	OA_Cart_6_1	cartilage	OA	S2	mixed_low	inflammatory_like	0.0	405	1.9553622572353355
GSE220243_broad	GSE114007	OA_Cart_6_1	cartilage	OA	S2	mixed_low	mural_smooth_muscle	0.0	405	1.9553622572353355
GSE220243_broad	GSE114007	OA_Cart_6_1	cartilage	OA	S2	mixed_low	outer_fibrous_like	0.0	405	1.9553622572353355
GSE220243_broad	GSE114007	OA_Cart_6_1	cartilage	OA	S2	mixed_low	t_nk	0.0	405	1.9553622572353355
GSE220243_broad	GSE114007	OA_Cart_7_2	cartilage	OA	S1	ECM_fibrotic_high	endothelial	0.0	405	1.9113026447125465
GSE220243_broad	GSE114007	OA_Cart_7_2	cartilage	OA	S1	ECM_fibrotic_high	fibrochondrocyte_core	0.7912675564247292	405	1.9113026447125465
GSE220243_broad	GSE114007	OA_Cart_7_2	cartilage	OA	S1	ECM_fibrotic_high	immune_myeloid	0.0	405	1.9113026447125465
GSE220243_broad	GSE114007	OA_Cart_7_2	cartilage	OA	S1	ECM_fibrotic_high	inflammatory_like	0.0	405	1.9113026447125465
GSE220243_broad	GSE114007	OA_Cart_7_2	cartilage	OA	S1	ECM_fibrotic_high	mural_smooth_muscle	0.2087324435752708	405	1.9113026447125465
GSE220243_broad	GSE114007	OA_Cart_7_2	cartilage	OA	S1	ECM_fibrotic_high	outer_fibrous_like	0.0	405	1.9113026447125465
GSE220243_broad	GSE114007	OA_Cart_7_2	cartilage	OA	S1	ECM_fibrotic_high	t_nk	0.0	405	1.9113026447125465
GSE220243_broad	GSE114007	OA_Cart_8_5	cartilage	OA	S1	ECM_fibrotic_high	endothelial	0.0	405	1.878367834141535
GSE220243_broad	GSE114007	OA_Cart_8_5	cartilage	OA	S1	ECM_fibrotic_high	fibrochondrocyte_core	1.0	405	1.878367834141535
GSE220243_broad	GSE114007	OA_Cart_8_5	cartilage	OA	S1	ECM_fibrotic_high	immune_myeloid	0.0	405	1.878367834141535
GSE220243_broad	GSE114007	OA_Cart_8_5	cartilage	OA	S1	ECM_fibrotic_high	inflammatory_like	0.0	405	1.878367834141535
GSE220243_broad	GSE114007	OA_Cart_8_5	cartilage	OA	S1	ECM_fibrotic_high	mural_smooth_muscle	0.0	405	1.878367834141535
GSE220243_broad	GSE114007	OA_Cart_8_5	cartilage	OA	S1	ECM_fibrotic_high	outer_fibrous_like	0.0	405	1.878367834141535
GSE220243_broad	GSE114007	OA_Cart_8_5	cartilage	OA	S1	ECM_fibrotic_high	t_nk	0.0	405	1.878367834141535
GSE220243_broad	GSE114007	OA_Cart_9_6	cartilage	OA	S2	mixed_low	endothelial	0.0	405	1.8592534844144664
GSE220243_broad	GSE114007	OA_Cart_9_6	cartilage	OA	S2	mixed_low	fibrochondrocyte_core	0.9927582672898914	405	1.8592534844144664
GSE220243_broad	GSE114007	OA_Cart_9_6	cartilage	OA	S2	mixed_low	immune_myeloid	0.0	405	1.8592534844144664
GSE220243_broad	GSE114007	OA_Cart_9_6	cartilage	OA	S2	mixed_low	inflammatory_like	0.0	405	1.8592534844144664
GSE220243_broad	GSE114007	OA_Cart_9_6	cartilage	OA	S2	mixed_low	mural_smooth_muscle	0.007241732710108549	405	1.8592534844144664
GSE220243_broad	GSE114007	OA_Cart_9_6	cartilage	OA	S2	mixed_low	outer_fibrous_like	0.0	405	1.8592534844144664
GSE220243_broad	GSE114007	OA_Cart_9_6	cartilage	OA	S2	mixed_low	t_nk	0.0	405	1.8592534844144664
GSE220243_broad	GSE114007	OA_01	cartilage	OA	S1	ECM_fibrotic_high	endothelial	0.0	405	1.803428252950879
GSE220243_broad	GSE114007	OA_01	cartilage	OA	S1	ECM_fibrotic_high	fibrochondrocyte_core	1.0	405	1.803428252950879
GSE220243_broad	GSE114007	OA_01	cartilage	OA	S1	ECM_fibrotic_high	immune_myeloid	0.0	405	1.803428252950879
GSE220243_broad	GSE114007	OA_01	cartilage	OA	S1	ECM_fibrotic_high	inflammatory_like	0.0	405	1.803428252950879
GSE220243_broad	GSE114007	OA_01	cartilage	OA	S1	ECM_fibrotic_high	mural_smooth_muscle	0.0	405	1.803428252950879
GSE220243_broad	GSE114007	OA_01	cartilage	OA	S1	ECM_fibrotic_high	outer_fibrous_like	0.0	405	1.803428252950879
GSE220243_broad	GSE114007	OA_01	cartilage	OA	S1	ECM_fibrotic_high	t_nk	0.0	405	1.803428252950879
GSE220243_broad	GSE114007	OA_02	cartilage	OA	S2	mixed_low	endothelial	0.0	405	1.7926209008317664
GSE220243_broad	GSE114007	OA_02	cartilage	OA	S2	mixed_low	fibrochondrocyte_core	0.0	405	1.7926209008317664
GSE220243_broad	GSE114007	OA_02	cartilage	OA	S2	mixed_low	immune_myeloid	0.0	405	1.7926209008317664
GSE220243_broad	GSE114007	OA_02	cartilage	OA	S2	mixed_low	inflammatory_like	0.0	405	1.7926209008317664
GSE220243_broad	GSE114007	OA_02	cartilage	OA	S2	mixed_low	mural_smooth_muscle	0.07494405934343748	405	1.7926209008317664
GSE220243_broad	GSE114007	OA_02	cartilage	OA	S2	mixed_low	outer_fibrous_like	0.9250559406565625	405	1.7926209008317664
GSE220243_broad	GSE114007	OA_02	cartilage	OA	S2	mixed_low	t_nk	0.0	405	1.7926209008317664
GSE220243_broad	GSE114007	OA_03	cartilage	OA	S2	mixed_low	endothelial	0.0	405	1.7754963940213098
GSE220243_broad	GSE114007	OA_03	cartilage	OA	S2	mixed_low	fibrochondrocyte_core	0.7257007490627243	405	1.7754963940213098
GSE220243_broad	GSE114007	OA_03	cartilage	OA	S2	mixed_low	immune_myeloid	0.0	405	1.7754963940213098
GSE220243_broad	GSE114007	OA_03	cartilage	OA	S2	mixed_low	inflammatory_like	0.0	405	1.7754963940213098
GSE220243_broad	GSE114007	OA_03	cartilage	OA	S2	mixed_low	mural_smooth_muscle	0.09242405779012436	405	1.7754963940213098
GSE220243_broad	GSE114007	OA_03	cartilage	OA	S2	mixed_low	outer_fibrous_like	0.1818751931471513	405	1.7754963940213098
GSE220243_broad	GSE114007	OA_03	cartilage	OA	S2	mixed_low	t_nk	0.0	405	1.7754963940213098
GSE220243_broad	GSE114007	OA_04	cartilage	OA	S2	mixed_low	endothelial	0.0	405	1.7892652037835912
GSE220243_broad	GSE114007	OA_04	cartilage	OA	S2	mixed_low	fibrochondrocyte_core	0.15369611855766613	405	1.7892652037835912
GSE220243_broad	GSE114007	OA_04	cartilage	OA	S2	mixed_low	immune_myeloid	0.0	405	1.7892652037835912
GSE220243_broad	GSE114007	OA_04	cartilage	OA	S2	mixed_low	inflammatory_like	0.0	405	1.7892652037835912
GSE220243_broad	GSE114007	OA_04	cartilage	OA	S2	mixed_low	mural_smooth_muscle	0.0	405	1.7892652037835912
GSE220243_broad	GSE114007	OA_04	cartilage	OA	S2	mixed_low	outer_fibrous_like	0.8463038814423338	405	1.7892652037835912
GSE220243_broad	GSE114007	OA_04	cartilage	OA	S2	mixed_low	t_nk	0.0	405	1.7892652037835912
GSE220243_broad	GSE114007	OA_05	cartilage	OA	S1	ECM_fibrotic_high	endothelial	0.0	405	1.8800201542030324
GSE220243_broad	GSE114007	OA_05	cartilage	OA	S1	ECM_fibrotic_high	fibrochondrocyte_core	0.11537264048995541	405	1.8800201542030324
GSE220243_broad	GSE114007	OA_05	cartilage	OA	S1	ECM_fibrotic_high	immune_myeloid	0.0	405	1.8800201542030324
GSE220243_broad	GSE114007	OA_05	cartilage	OA	S1	ECM_fibrotic_high	inflammatory_like	0.0	405	1.8800201542030324
GSE220243_broad	GSE114007	OA_05	cartilage	OA	S1	ECM_fibrotic_high	mural_smooth_muscle	0.15801052590940134	405	1.8800201542030324
GSE220243_broad	GSE114007	OA_05	cartilage	OA	S1	ECM_fibrotic_high	outer_fibrous_like	0.7266168336006432	405	1.8800201542030324
GSE220243_broad	GSE114007	OA_05	cartilage	OA	S1	ECM_fibrotic_high	t_nk	0.0	405	1.8800201542030324
GSE220243_broad	GSE114007	OA_06	cartilage	OA	S2	mixed_low	endothelial	0.0	405	1.8496892406650745
GSE220243_broad	GSE114007	OA_06	cartilage	OA	S2	mixed_low	fibrochondrocyte_core	0.7123619323377761	405	1.8496892406650745
GSE220243_broad	GSE114007	OA_06	cartilage	OA	S2	mixed_low	immune_myeloid	0.0	405	1.8496892406650745
GSE220243_broad	GSE114007	OA_06	cartilage	OA	S2	mixed_low	inflammatory_like	0.0	405	1.8496892406650745
GSE220243_broad	GSE114007	OA_06	cartilage	OA	S2	mixed_low	mural_smooth_muscle	0.2561277419412373	405	1.8496892406650745
GSE220243_broad	GSE114007	OA_06	cartilage	OA	S2	mixed_low	outer_fibrous_like	0.03151032572098662	405	1.8496892406650745
GSE220243_broad	GSE114007	OA_06	cartilage	OA	S2	mixed_low	t_nk	0.0	405	1.8496892406650745
GSE220243_broad	GSE114007	OA_07	cartilage	OA	S2	mixed_low	endothelial	0.0	405	1.9274525509760332
GSE220243_broad	GSE114007	OA_07	cartilage	OA	S2	mixed_low	fibrochondrocyte_core	0.47756426538173097	405	1.9274525509760332
GSE220243_broad	GSE114007	OA_07	cartilage	OA	S2	mixed_low	immune_myeloid	0.0	405	1.9274525509760332
GSE220243_broad	GSE114007	OA_07	cartilage	OA	S2	mixed_low	inflammatory_like	0.0	405	1.9274525509760332
GSE220243_broad	GSE114007	OA_07	cartilage	OA	S2	mixed_low	mural_smooth_muscle	0.05455261498338889	405	1.9274525509760332
GSE220243_broad	GSE114007	OA_07	cartilage	OA	S2	mixed_low	outer_fibrous_like	0.46788311963488033	405	1.9274525509760332
GSE220243_broad	GSE114007	OA_07	cartilage	OA	S2	mixed_low	t_nk	0.0	405	1.9274525509760332
GSE220243_broad	GSE114007	OA_08	cartilage	OA	S2	mixed_low	endothelial	0.0	405	1.801355353407647
GSE220243_broad	GSE114007	OA_08	cartilage	OA	S2	mixed_low	fibrochondrocyte_core	0.7864686858251531	405	1.801355353407647
GSE220243_broad	GSE114007	OA_08	cartilage	OA	S2	mixed_low	immune_myeloid	0.0	405	1.801355353407647
GSE220243_broad	GSE114007	OA_08	cartilage	OA	S2	mixed_low	inflammatory_like	0.0	405	1.801355353407647
GSE220243_broad	GSE114007	OA_08	cartilage	OA	S2	mixed_low	mural_smooth_muscle	0.21353131417484683	405	1.801355353407647
GSE220243_broad	GSE114007	OA_08	cartilage	OA	S2	mixed_low	outer_fibrous_like	0.0	405	1.801355353407647
GSE220243_broad	GSE114007	OA_08	cartilage	OA	S2	mixed_low	t_nk	0.0	405	1.801355353407647
GSE220243_broad	GSE114007	OA_09	cartilage	OA	S2	mixed_low	endothelial	0.0	405	1.8116604511601575
GSE220243_broad	GSE114007	OA_09	cartilage	OA	S2	mixed_low	fibrochondrocyte_core	0.0	405	1.8116604511601575
GSE220243_broad	GSE114007	OA_09	cartilage	OA	S2	mixed_low	immune_myeloid	0.0	405	1.8116604511601575
GSE220243_broad	GSE114007	OA_09	cartilage	OA	S2	mixed_low	inflammatory_like	0.0	405	1.8116604511601575
GSE220243_broad	GSE114007	OA_09	cartilage	OA	S2	mixed_low	mural_smooth_muscle	0.0	405	1.8116604511601575
GSE220243_broad	GSE114007	OA_09	cartilage	OA	S2	mixed_low	outer_fibrous_like	1.0	405	1.8116604511601575
GSE220243_broad	GSE114007	OA_09	cartilage	OA	S2	mixed_low	t_nk	0.0	405	1.8116604511601575
GSE220243_broad	GSE114007	OA_10	cartilage	OA	S1	ECM_fibrotic_high	endothelial	0.0	405	1.8541581907681293
GSE220243_broad	GSE114007	OA_10	cartilage	OA	S1	ECM_fibrotic_high	fibrochondrocyte_core	0.3616723318236093	405	1.8541581907681293
GSE220243_broad	GSE114007	OA_10	cartilage	OA	S1	ECM_fibrotic_high	immune_myeloid	0.0	405	1.8541581907681293
GSE220243_broad	GSE114007	OA_10	cartilage	OA	S1	ECM_fibrotic_high	inflammatory_like	0.0	405	1.8541581907681293
GSE220243_broad	GSE114007	OA_10	cartilage	OA	S1	ECM_fibrotic_high	mural_smooth_muscle	0.008105954877097593	405	1.8541581907681293
GSE220243_broad	GSE114007	OA_10	cartilage	OA	S1	ECM_fibrotic_high	outer_fibrous_like	0.6302217132992931	405	1.8541581907681293
GSE220243_broad	GSE114007	OA_10	cartilage	OA	S1	ECM_fibrotic_high	t_nk	0.0	405	1.8541581907681293
HRA001986_chondrocyte	GSE114007	OA_Cart_1_7	cartilage	OA	S1	ECM_fibrotic_high	Ch_1_CHAD	0.0	406	2.0134633222113894
HRA001986_chondrocyte	GSE114007	OA_Cart_1_7	cartilage	OA	S1	ECM_fibrotic_high	Ch_2_FNDC1	0.26725113868746597	406	2.0134633222113894
HRA001986_chondrocyte	GSE114007	OA_Cart_1_7	cartilage	OA	S1	ECM_fibrotic_high	Ch_3_PRG4	0.28134578821659784	406	2.0134633222113894
HRA001986_chondrocyte	GSE114007	OA_Cart_1_7	cartilage	OA	S1	ECM_fibrotic_high	Ch_4_CFD	0.0	406	2.0134633222113894
HRA001986_chondrocyte	GSE114007	OA_Cart_1_7	cartilage	OA	S1	ECM_fibrotic_high	Ch_5_cycling	0.45140307309593625	406	2.0134633222113894
HRA001986_chondrocyte	GSE114007	OA_Cart_1_7	cartilage	OA	S1	ECM_fibrotic_high	PCL_1	0.0	406	2.0134633222113894
HRA001986_chondrocyte	GSE114007	OA_Cart_1_7	cartilage	OA	S1	ECM_fibrotic_high	PCL_2	0.0	406	2.0134633222113894
HRA001986_chondrocyte	GSE114007	OA_Cart_10_9	cartilage	OA	S2	mixed_low	Ch_1_CHAD	0.0	406	1.8465074547835614
HRA001986_chondrocyte	GSE114007	OA_Cart_10_9	cartilage	OA	S2	mixed_low	Ch_2_FNDC1	0.814374165261907	406	1.8465074547835614
HRA001986_chondrocyte	GSE114007	OA_Cart_10_9	cartilage	OA	S2	mixed_low	Ch_3_PRG4	0.08043658481397098	406	1.8465074547835614
HRA001986_chondrocyte	GSE114007	OA_Cart_10_9	cartilage	OA	S2	mixed_low	Ch_4_CFD	0.0	406	1.8465074547835614
HRA001986_chondrocyte	GSE114007	OA_Cart_10_9	cartilage	OA	S2	mixed_low	Ch_5_cycling	0.10518924992412212	406	1.8465074547835614
HRA001986_chondrocyte	GSE114007	OA_Cart_10_9	cartilage	OA	S2	mixed_low	PCL_1	0.0	406	1.8465074547835614
HRA001986_chondrocyte	GSE114007	OA_Cart_10_9	cartilage	OA	S2	mixed_low	PCL_2	0.0	406	1.8465074547835614
HRA001986_chondrocyte	GSE114007	OA_Cart_2_8	cartilage	OA	S2	mixed_low	Ch_1_CHAD	0.0	406	2.0557961602473824
HRA001986_chondrocyte	GSE114007	OA_Cart_2_8	cartilage	OA	S2	mixed_low	Ch_2_FNDC1	0.7397590493905903	406	2.0557961602473824
HRA001986_chondrocyte	GSE114007	OA_Cart_2_8	cartilage	OA	S2	mixed_low	Ch_3_PRG4	0.0	406	2.0557961602473824
HRA001986_chondrocyte	GSE114007	OA_Cart_2_8	cartilage	OA	S2	mixed_low	Ch_4_CFD	0.23727036391902323	406	2.0557961602473824
HRA001986_chondrocyte	GSE114007	OA_Cart_2_8	cartilage	OA	S2	mixed_low	Ch_5_cycling	0.022970586690386464	406	2.0557961602473824
HRA001986_chondrocyte	GSE114007	OA_Cart_2_8	cartilage	OA	S2	mixed_low	PCL_1	0.0	406	2.0557961602473824
HRA001986_chondrocyte	GSE114007	OA_Cart_2_8	cartilage	OA	S2	mixed_low	PCL_2	0.0	406	2.0557961602473824
HRA001986_chondrocyte	GSE114007	OA_Cart_3_9	cartilage	OA	S2	mixed_low	Ch_1_CHAD	0.0	406	1.936715441615668
HRA001986_chondrocyte	GSE114007	OA_Cart_3_9	cartilage	OA	S2	mixed_low	Ch_2_FNDC1	0.6500757313947849	406	1.936715441615668
HRA001986_chondrocyte	GSE114007	OA_Cart_3_9	cartilage	OA	S2	mixed_low	Ch_3_PRG4	0.03301890163160346	406	1.936715441615668
HRA001986_chondrocyte	GSE114007	OA_Cart_3_9	cartilage	OA	S2	mixed_low	Ch_4_CFD	0.0	406	1.936715441615668
HRA001986_chondrocyte	GSE114007	OA_Cart_3_9	cartilage	OA	S2	mixed_low	Ch_5_cycling	0.3169053669736116	406	1.936715441615668
HRA001986_chondrocyte	GSE114007	OA_Cart_3_9	cartilage	OA	S2	mixed_low	PCL_1	0.0	406	1.936715441615668
HRA001986_chondrocyte	GSE114007	OA_Cart_3_9	cartilage	OA	S2	mixed_low	PCL_2	0.0	406	1.936715441615668
HRA001986_chondrocyte	GSE114007	OA_Cart_4_10	cartilage	OA	S2	mixed_low	Ch_1_CHAD	0.0	406	2.0894019181796555
HRA001986_chondrocyte	GSE114007	OA_Cart_4_10	cartilage	OA	S2	mixed_low	Ch_2_FNDC1	0.3160526285767694	406	2.0894019181796555
HRA001986_chondrocyte	GSE114007	OA_Cart_4_10	cartilage	OA	S2	mixed_low	Ch_3_PRG4	0.1353139648753556	406	2.0894019181796555
HRA001986_chondrocyte	GSE114007	OA_Cart_4_10	cartilage	OA	S2	mixed_low	Ch_4_CFD	0.0	406	2.0894019181796555
HRA001986_chondrocyte	GSE114007	OA_Cart_4_10	cartilage	OA	S2	mixed_low	Ch_5_cycling	0.5486334065478751	406	2.0894019181796555
HRA001986_chondrocyte	GSE114007	OA_Cart_4_10	cartilage	OA	S2	mixed_low	PCL_1	0.0	406	2.0894019181796555
HRA001986_chondrocyte	GSE114007	OA_Cart_4_10	cartilage	OA	S2	mixed_low	PCL_2	0.0	406	2.0894019181796555
HRA001986_chondrocyte	GSE114007	OA_Cart_5_5	cartilage	OA	S1	ECM_fibrotic_high	Ch_1_CHAD	0.0	406	2.015909077511234
HRA001986_chondrocyte	GSE114007	OA_Cart_5_5	cartilage	OA	S1	ECM_fibrotic_high	Ch_2_FNDC1	0.49018334482835535	406	2.015909077511234
HRA001986_chondrocyte	GSE114007	OA_Cart_5_5	cartilage	OA	S1	ECM_fibrotic_high	Ch_3_PRG4	0.0	406	2.015909077511234
HRA001986_chondrocyte	GSE114007	OA_Cart_5_5	cartilage	OA	S1	ECM_fibrotic_high	Ch_4_CFD	0.0	406	2.015909077511234
HRA001986_chondrocyte	GSE114007	OA_Cart_5_5	cartilage	OA	S1	ECM_fibrotic_high	Ch_5_cycling	0.5098166551716447	406	2.015909077511234
HRA001986_chondrocyte	GSE114007	OA_Cart_5_5	cartilage	OA	S1	ECM_fibrotic_high	PCL_1	0.0	406	2.015909077511234
HRA001986_chondrocyte	GSE114007	OA_Cart_5_5	cartilage	OA	S1	ECM_fibrotic_high	PCL_2	0.0	406	2.015909077511234
HRA001986_chondrocyte	GSE114007	OA_Cart_6_1	cartilage	OA	S2	mixed_low	Ch_1_CHAD	0.0	406	1.9918757430393172
HRA001986_chondrocyte	GSE114007	OA_Cart_6_1	cartilage	OA	S2	mixed_low	Ch_2_FNDC1	0.7272470431570689	406	1.9918757430393172
HRA001986_chondrocyte	GSE114007	OA_Cart_6_1	cartilage	OA	S2	mixed_low	Ch_3_PRG4	0.27275295684293105	406	1.9918757430393172
HRA001986_chondrocyte	GSE114007	OA_Cart_6_1	cartilage	OA	S2	mixed_low	Ch_4_CFD	0.0	406	1.9918757430393172
HRA001986_chondrocyte	GSE114007	OA_Cart_6_1	cartilage	OA	S2	mixed_low	Ch_5_cycling	0.0	406	1.9918757430393172
HRA001986_chondrocyte	GSE114007	OA_Cart_6_1	cartilage	OA	S2	mixed_low	PCL_1	0.0	406	1.9918757430393172
HRA001986_chondrocyte	GSE114007	OA_Cart_6_1	cartilage	OA	S2	mixed_low	PCL_2	0.0	406	1.9918757430393172
HRA001986_chondrocyte	GSE114007	OA_Cart_7_2	cartilage	OA	S1	ECM_fibrotic_high	Ch_1_CHAD	0.0	406	1.9333299801373305
HRA001986_chondrocyte	GSE114007	OA_Cart_7_2	cartilage	OA	S1	ECM_fibrotic_high	Ch_2_FNDC1	0.8761893419141192	406	1.9333299801373305
HRA001986_chondrocyte	GSE114007	OA_Cart_7_2	cartilage	OA	S1	ECM_fibrotic_high	Ch_3_PRG4	0.12381065808588082	406	1.9333299801373305
HRA001986_chondrocyte	GSE114007	OA_Cart_7_2	cartilage	OA	S1	ECM_fibrotic_high	Ch_4_CFD	0.0	406	1.9333299801373305
HRA001986_chondrocyte	GSE114007	OA_Cart_7_2	cartilage	OA	S1	ECM_fibrotic_high	Ch_5_cycling	0.0	406	1.9333299801373305
HRA001986_chondrocyte	GSE114007	OA_Cart_7_2	cartilage	OA	S1	ECM_fibrotic_high	PCL_1	0.0	406	1.9333299801373305
HRA001986_chondrocyte	GSE114007	OA_Cart_7_2	cartilage	OA	S1	ECM_fibrotic_high	PCL_2	0.0	406	1.9333299801373305
HRA001986_chondrocyte	GSE114007	OA_Cart_8_5	cartilage	OA	S1	ECM_fibrotic_high	Ch_1_CHAD	0.0	406	1.9300441055737534
HRA001986_chondrocyte	GSE114007	OA_Cart_8_5	cartilage	OA	S1	ECM_fibrotic_high	Ch_2_FNDC1	0.7615736346957099	406	1.9300441055737534
HRA001986_chondrocyte	GSE114007	OA_Cart_8_5	cartilage	OA	S1	ECM_fibrotic_high	Ch_3_PRG4	0.0	406	1.9300441055737534
HRA001986_chondrocyte	GSE114007	OA_Cart_8_5	cartilage	OA	S1	ECM_fibrotic_high	Ch_4_CFD	0.0	406	1.9300441055737534
HRA001986_chondrocyte	GSE114007	OA_Cart_8_5	cartilage	OA	S1	ECM_fibrotic_high	Ch_5_cycling	0.23842636530429012	406	1.9300441055737534
HRA001986_chondrocyte	GSE114007	OA_Cart_8_5	cartilage	OA	S1	ECM_fibrotic_high	PCL_1	0.0	406	1.9300441055737534
HRA001986_chondrocyte	GSE114007	OA_Cart_8_5	cartilage	OA	S1	ECM_fibrotic_high	PCL_2	0.0	406	1.9300441055737534
HRA001986_chondrocyte	GSE114007	OA_Cart_9_6	cartilage	OA	S2	mixed_low	Ch_1_CHAD	0.0	406	1.9121684225380724
HRA001986_chondrocyte	GSE114007	OA_Cart_9_6	cartilage	OA	S2	mixed_low	Ch_2_FNDC1	0.7269199723093305	406	1.9121684225380724
HRA001986_chondrocyte	GSE114007	OA_Cart_9_6	cartilage	OA	S2	mixed_low	Ch_3_PRG4	0.27308002769066936	406	1.9121684225380724
HRA001986_chondrocyte	GSE114007	OA_Cart_9_6	cartilage	OA	S2	mixed_low	Ch_4_CFD	0.0	406	1.9121684225380724
HRA001986_chondrocyte	GSE114007	OA_Cart_9_6	cartilage	OA	S2	mixed_low	Ch_5_cycling	0.0	406	1.9121684225380724
HRA001986_chondrocyte	GSE114007	OA_Cart_9_6	cartilage	OA	S2	mixed_low	PCL_1	0.0	406	1.9121684225380724
HRA001986_chondrocyte	GSE114007	OA_Cart_9_6	cartilage	OA	S2	mixed_low	PCL_2	0.0	406	1.9121684225380724
HRA001986_chondrocyte	GSE114007	OA_01	cartilage	OA	S1	ECM_fibrotic_high	Ch_1_CHAD	0.0	406	1.8577187336307344
HRA001986_chondrocyte	GSE114007	OA_01	cartilage	OA	S1	ECM_fibrotic_high	Ch_2_FNDC1	0.048431250679967466	406	1.8577187336307344
HRA001986_chondrocyte	GSE114007	OA_01	cartilage	OA	S1	ECM_fibrotic_high	Ch_3_PRG4	0.0	406	1.8577187336307344
HRA001986_chondrocyte	GSE114007	OA_01	cartilage	OA	S1	ECM_fibrotic_high	Ch_4_CFD	0.0	406	1.8577187336307344
HRA001986_chondrocyte	GSE114007	OA_01	cartilage	OA	S1	ECM_fibrotic_high	Ch_5_cycling	0.9515687493200327	406	1.8577187336307344
HRA001986_chondrocyte	GSE114007	OA_01	cartilage	OA	S1	ECM_fibrotic_high	PCL_1	0.0	406	1.8577187336307344
HRA001986_chondrocyte	GSE114007	OA_01	cartilage	OA	S1	ECM_fibrotic_high	PCL_2	0.0	406	1.8577187336307344
HRA001986_chondrocyte	GSE114007	OA_02	cartilage	OA	S2	mixed_low	Ch_1_CHAD	0.0	406	1.8105705060019213
HRA001986_chondrocyte	GSE114007	OA_02	cartilage	OA	S2	mixed_low	Ch_2_FNDC1	0.6993611757576521	406	1.8105705060019213
HRA001986_chondrocyte	GSE114007	OA_02	cartilage	OA	S2	mixed_low	Ch_3_PRG4	0.0	406	1.8105705060019213
HRA001986_chondrocyte	GSE114007	OA_02	cartilage	OA	S2	mixed_low	Ch_4_CFD	0.0	406	1.8105705060019213
HRA001986_chondrocyte	GSE114007	OA_02	cartilage	OA	S2	mixed_low	Ch_5_cycling	0.3006388242423478	406	1.8105705060019213
HRA001986_chondrocyte	GSE114007	OA_02	cartilage	OA	S2	mixed_low	PCL_1	0.0	406	1.8105705060019213
HRA001986_chondrocyte	GSE114007	OA_02	cartilage	OA	S2	mixed_low	PCL_2	0.0	406	1.8105705060019213
HRA001986_chondrocyte	GSE114007	OA_03	cartilage	OA	S2	mixed_low	Ch_1_CHAD	0.0	406	1.7949027165814258
HRA001986_chondrocyte	GSE114007	OA_03	cartilage	OA	S2	mixed_low	Ch_2_FNDC1	0.7815029757555697	406	1.7949027165814258
HRA001986_chondrocyte	GSE114007	OA_03	cartilage	OA	S2	mixed_low	Ch_3_PRG4	0.0	406	1.7949027165814258
HRA001986_chondrocyte	GSE114007	OA_03	cartilage	OA	S2	mixed_low	Ch_4_CFD	0.0	406	1.7949027165814258
HRA001986_chondrocyte	GSE114007	OA_03	cartilage	OA	S2	mixed_low	Ch_5_cycling	0.21849702424443032	406	1.7949027165814258
HRA001986_chondrocyte	GSE114007	OA_03	cartilage	OA	S2	mixed_low	PCL_1	0.0	406	1.7949027165814258
HRA001986_chondrocyte	GSE114007	OA_03	cartilage	OA	S2	mixed_low	PCL_2	0.0	406	1.7949027165814258
HRA001986_chondrocyte	GSE114007	OA_04	cartilage	OA	S2	mixed_low	Ch_1_CHAD	0.0	406	1.8274304167655224
HRA001986_chondrocyte	GSE114007	OA_04	cartilage	OA	S2	mixed_low	Ch_2_FNDC1	0.6629430028824587	406	1.8274304167655224
HRA001986_chondrocyte	GSE114007	OA_04	cartilage	OA	S2	mixed_low	Ch_3_PRG4	0.0	406	1.8274304167655224
HRA001986_chondrocyte	GSE114007	OA_04	cartilage	OA	S2	mixed_low	Ch_4_CFD	0.0	406	1.8274304167655224
HRA001986_chondrocyte	GSE114007	OA_04	cartilage	OA	S2	mixed_low	Ch_5_cycling	0.33705699711754133	406	1.8274304167655224
HRA001986_chondrocyte	GSE114007	OA_04	cartilage	OA	S2	mixed_low	PCL_1	0.0	406	1.8274304167655224
HRA001986_chondrocyte	GSE114007	OA_04	cartilage	OA	S2	mixed_low	PCL_2	0.0	406	1.8274304167655224
HRA001986_chondrocyte	GSE114007	OA_05	cartilage	OA	S1	ECM_fibrotic_high	Ch_1_CHAD	0.0	406	1.8707218759927582
HRA001986_chondrocyte	GSE114007	OA_05	cartilage	OA	S1	ECM_fibrotic_high	Ch_2_FNDC1	0.48081303134881115	406	1.8707218759927582
HRA001986_chondrocyte	GSE114007	OA_05	cartilage	OA	S1	ECM_fibrotic_high	Ch_3_PRG4	0.0	406	1.8707218759927582
HRA001986_chondrocyte	GSE114007	OA_05	cartilage	OA	S1	ECM_fibrotic_high	Ch_4_CFD	0.0	406	1.8707218759927582
HRA001986_chondrocyte	GSE114007	OA_05	cartilage	OA	S1	ECM_fibrotic_high	Ch_5_cycling	0.5191869686511887	406	1.8707218759927582
HRA001986_chondrocyte	GSE114007	OA_05	cartilage	OA	S1	ECM_fibrotic_high	PCL_1	0.0	406	1.8707218759927582
HRA001986_chondrocyte	GSE114007	OA_05	cartilage	OA	S1	ECM_fibrotic_high	PCL_2	0.0	406	1.8707218759927582
HRA001986_chondrocyte	GSE114007	OA_06	cartilage	OA	S2	mixed_low	Ch_1_CHAD	0.0	406	1.8884267879998073
HRA001986_chondrocyte	GSE114007	OA_06	cartilage	OA	S2	mixed_low	Ch_2_FNDC1	0.5564526045816321	406	1.8884267879998073
HRA001986_chondrocyte	GSE114007	OA_06	cartilage	OA	S2	mixed_low	Ch_3_PRG4	0.31321832564066504	406	1.8884267879998073
HRA001986_chondrocyte	GSE114007	OA_06	cartilage	OA	S2	mixed_low	Ch_4_CFD	0.0	406	1.8884267879998073
HRA001986_chondrocyte	GSE114007	OA_06	cartilage	OA	S2	mixed_low	Ch_5_cycling	0.1303290697777029	406	1.8884267879998073
HRA001986_chondrocyte	GSE114007	OA_06	cartilage	OA	S2	mixed_low	PCL_1	0.0	406	1.8884267879998073
HRA001986_chondrocyte	GSE114007	OA_06	cartilage	OA	S2	mixed_low	PCL_2	0.0	406	1.8884267879998073
HRA001986_chondrocyte	GSE114007	OA_07	cartilage	OA	S2	mixed_low	Ch_1_CHAD	0.0	406	1.8904634985870248
HRA001986_chondrocyte	GSE114007	OA_07	cartilage	OA	S2	mixed_low	Ch_2_FNDC1	0.9820312090099019	406	1.8904634985870248
HRA001986_chondrocyte	GSE114007	OA_07	cartilage	OA	S2	mixed_low	Ch_3_PRG4	0.0	406	1.8904634985870248
HRA001986_chondrocyte	GSE114007	OA_07	cartilage	OA	S2	mixed_low	Ch_4_CFD	0.0	406	1.8904634985870248
HRA001986_chondrocyte	GSE114007	OA_07	cartilage	OA	S2	mixed_low	Ch_5_cycling	0.017968790990097953	406	1.8904634985870248
HRA001986_chondrocyte	GSE114007	OA_07	cartilage	OA	S2	mixed_low	PCL_1	0.0	406	1.8904634985870248
HRA001986_chondrocyte	GSE114007	OA_07	cartilage	OA	S2	mixed_low	PCL_2	0.0	406	1.8904634985870248
HRA001986_chondrocyte	GSE114007	OA_08	cartilage	OA	S2	mixed_low	Ch_1_CHAD	0.0	406	1.841747597494146
HRA001986_chondrocyte	GSE114007	OA_08	cartilage	OA	S2	mixed_low	Ch_2_FNDC1	0.5427458743778856	406	1.841747597494146
HRA001986_chondrocyte	GSE114007	OA_08	cartilage	OA	S2	mixed_low	Ch_3_PRG4	0.3189389712376425	406	1.841747597494146
HRA001986_chondrocyte	GSE114007	OA_08	cartilage	OA	S2	mixed_low	Ch_4_CFD	0.0	406	1.841747597494146
HRA001986_chondrocyte	GSE114007	OA_08	cartilage	OA	S2	mixed_low	Ch_5_cycling	0.13831515438447198	406	1.841747597494146
HRA001986_chondrocyte	GSE114007	OA_08	cartilage	OA	S2	mixed_low	PCL_1	0.0	406	1.841747597494146
HRA001986_chondrocyte	GSE114007	OA_08	cartilage	OA	S2	mixed_low	PCL_2	0.0	406	1.841747597494146
HRA001986_chondrocyte	GSE114007	OA_09	cartilage	OA	S2	mixed_low	Ch_1_CHAD	0.0	406	1.818469036269639
HRA001986_chondrocyte	GSE114007	OA_09	cartilage	OA	S2	mixed_low	Ch_2_FNDC1	0.76043121832368	406	1.818469036269639
HRA001986_chondrocyte	GSE114007	OA_09	cartilage	OA	S2	mixed_low	Ch_3_PRG4	0.0	406	1.818469036269639
HRA001986_chondrocyte	GSE114007	OA_09	cartilage	OA	S2	mixed_low	Ch_4_CFD	0.0	406	1.818469036269639
HRA001986_chondrocyte	GSE114007	OA_09	cartilage	OA	S2	mixed_low	Ch_5_cycling	0.23956878167632	406	1.818469036269639
HRA001986_chondrocyte	GSE114007	OA_09	cartilage	OA	S2	mixed_low	PCL_1	0.0	406	1.818469036269639
HRA001986_chondrocyte	GSE114007	OA_09	cartilage	OA	S2	mixed_low	PCL_2	0.0	406	1.818469036269639
HRA001986_chondrocyte	GSE114007	OA_10	cartilage	OA	S1	ECM_fibrotic_high	Ch_1_CHAD	0.0	406	1.865666927137282
HRA001986_chondrocyte	GSE114007	OA_10	cartilage	OA	S1	ECM_fibrotic_high	Ch_2_FNDC1	0.44117269636475775	406	1.865666927137282
HRA001986_chondrocyte	GSE114007	OA_10	cartilage	OA	S1	ECM_fibrotic_high	Ch_3_PRG4	0.0	406	1.865666927137282
HRA001986_chondrocyte	GSE114007	OA_10	cartilage	OA	S1	ECM_fibrotic_high	Ch_4_CFD	0.0	406	1.865666927137282
HRA001986_chondrocyte	GSE114007	OA_10	cartilage	OA	S1	ECM_fibrotic_high	Ch_5_cycling	0.5588273036352422	406	1.865666927137282
HRA001986_chondrocyte	GSE114007	OA_10	cartilage	OA	S1	ECM_fibrotic_high	PCL_1	0.0	406	1.865666927137282
HRA001986_chondrocyte	GSE114007	OA_10	cartilage	OA	S1	ECM_fibrotic_high	PCL_2	0.0	406	1.865666927137282
GSE220243_broad	GSE98918	GSM2627530	meniscus	OA	S1	ECM_fibrotic_high	endothelial	0.17746086129799962	408	1.1394251873619912
GSE220243_broad	GSE98918	GSM2627530	meniscus	OA	S1	ECM_fibrotic_high	fibrochondrocyte_core	0.11174286062572265	408	1.1394251873619912
GSE220243_broad	GSE98918	GSM2627530	meniscus	OA	S1	ECM_fibrotic_high	immune_myeloid	0.14931902302610361	408	1.1394251873619912
GSE220243_broad	GSE98918	GSM2627530	meniscus	OA	S1	ECM_fibrotic_high	inflammatory_like	0.09246100471680863	408	1.1394251873619912
GSE220243_broad	GSE98918	GSM2627530	meniscus	OA	S1	ECM_fibrotic_high	mural_smooth_muscle	0.10149615840220212	408	1.1394251873619912
GSE220243_broad	GSE98918	GSM2627530	meniscus	OA	S1	ECM_fibrotic_high	outer_fibrous_like	0.07355807336324839	408	1.1394251873619912
GSE220243_broad	GSE98918	GSM2627530	meniscus	OA	S1	ECM_fibrotic_high	t_nk	0.29396201856791493	408	1.1394251873619912
GSE220243_broad	GSE98918	GSM2627531	meniscus	OA	S1	ECM_fibrotic_high	endothelial	0.17543284565559053	408	1.1523448844223678
GSE220243_broad	GSE98918	GSM2627531	meniscus	OA	S1	ECM_fibrotic_high	fibrochondrocyte_core	0.10588206741079294	408	1.1523448844223678
GSE220243_broad	GSE98918	GSM2627531	meniscus	OA	S1	ECM_fibrotic_high	immune_myeloid	0.15662495360124337	408	1.1523448844223678
GSE220243_broad	GSE98918	GSM2627531	meniscus	OA	S1	ECM_fibrotic_high	inflammatory_like	0.09748528430368004	408	1.1523448844223678
GSE220243_broad	GSE98918	GSM2627531	meniscus	OA	S1	ECM_fibrotic_high	mural_smooth_muscle	0.09820607651183998	408	1.1523448844223678
GSE220243_broad	GSE98918	GSM2627531	meniscus	OA	S1	ECM_fibrotic_high	outer_fibrous_like	0.08326690607880524	408	1.1523448844223678
GSE220243_broad	GSE98918	GSM2627531	meniscus	OA	S1	ECM_fibrotic_high	t_nk	0.2831018664380479	408	1.1523448844223678
GSE220243_broad	GSE98918	GSM2627532	meniscus	OA	S2	mixed_low	endothelial	0.18262019302925342	408	1.1053583406485248
GSE220243_broad	GSE98918	GSM2627532	meniscus	OA	S2	mixed_low	fibrochondrocyte_core	0.11119287025366882	408	1.1053583406485248
GSE220243_broad	GSE98918	GSM2627532	meniscus	OA	S2	mixed_low	immune_myeloid	0.14819025222796106	408	1.1053583406485248
GSE220243_broad	GSE98918	GSM2627532	meniscus	OA	S2	mixed_low	inflammatory_like	0.0937037495242118	408	1.1053583406485248
GSE220243_broad	GSE98918	GSM2627532	meniscus	OA	S2	mixed_low	mural_smooth_muscle	0.10232721240768461	408	1.1053583406485248
GSE220243_broad	GSE98918	GSM2627532	meniscus	OA	S2	mixed_low	outer_fibrous_like	0.06504321338896994	408	1.1053583406485248
GSE220243_broad	GSE98918	GSM2627532	meniscus	OA	S2	mixed_low	t_nk	0.2969225091682502	408	1.1053583406485248
GSE220243_broad	GSE98918	GSM2627533	meniscus	OA	S2	mixed_low	endothelial	0.1818939536264469	408	1.0789442462728542
GSE220243_broad	GSE98918	GSM2627533	meniscus	OA	S2	mixed_low	fibrochondrocyte_core	0.09720706798804449	408	1.0789442462728542
GSE220243_broad	GSE98918	GSM2627533	meniscus	OA	S2	mixed_low	immune_myeloid	0.15144025969689504	408	1.0789442462728542
GSE220243_broad	GSE98918	GSM2627533	meniscus	OA	S2	mixed_low	inflammatory_like	0.1044025584926949	408	1.0789442462728542
GSE220243_broad	GSE98918	GSM2627533	meniscus	OA	S2	mixed_low	mural_smooth_muscle	0.10002382639768807	408	1.0789442462728542
GSE220243_broad	GSE98918	GSM2627533	meniscus	OA	S2	mixed_low	outer_fibrous_like	0.07054373128469113	408	1.0789442462728542
GSE220243_broad	GSE98918	GSM2627533	meniscus	OA	S2	mixed_low	t_nk	0.2944886025135394	408	1.0789442462728542
GSE220243_broad	GSE98918	GSM2627534	meniscus	OA	S2	mixed_low	endothelial	0.1800390997433735	408	1.11547489791227
GSE220243_broad	GSE98918	GSM2627534	meniscus	OA	S2	mixed_low	fibrochondrocyte_core	0.0954772577209824	408	1.11547489791227
GSE220243_broad	GSE98918	GSM2627534	meniscus	OA	S2	mixed_low	immune_myeloid	0.15897907608091252	408	1.11547489791227
GSE220243_broad	GSE98918	GSM2627534	meniscus	OA	S2	mixed_low	inflammatory_like	0.09987009621360475	408	1.11547489791227
GSE220243_broad	GSE98918	GSM2627534	meniscus	OA	S2	mixed_low	mural_smooth_muscle	0.09643312056281597	408	1.11547489791227
GSE220243_broad	GSE98918	GSM2627534	meniscus	OA	S2	mixed_low	outer_fibrous_like	0.08046492025763372	408	1.11547489791227
GSE220243_broad	GSE98918	GSM2627534	meniscus	OA	S2	mixed_low	t_nk	0.28873642942067723	408	1.11547489791227
GSE220243_broad	GSE98918	GSM2627535	meniscus	OA	S1	ECM_fibrotic_high	endothelial	0.17856198713755753	408	1.1231886236557196
GSE220243_broad	GSE98918	GSM2627535	meniscus	OA	S1	ECM_fibrotic_high	fibrochondrocyte_core	0.09668471972335702	408	1.1231886236557196
GSE220243_broad	GSE98918	GSM2627535	meniscus	OA	S1	ECM_fibrotic_high	immune_myeloid	0.16135050693324307	408	1.1231886236557196
GSE220243_broad	GSE98918	GSM2627535	meniscus	OA	S1	ECM_fibrotic_high	inflammatory_like	0.10081886407188824	408	1.1231886236557196
GSE220243_broad	GSE98918	GSM2627535	meniscus	OA	S1	ECM_fibrotic_high	mural_smooth_muscle	0.09622786441280735	408	1.1231886236557196
GSE220243_broad	GSE98918	GSM2627535	meniscus	OA	S1	ECM_fibrotic_high	outer_fibrous_like	0.0839312054541868	408	1.1231886236557196
GSE220243_broad	GSE98918	GSM2627535	meniscus	OA	S1	ECM_fibrotic_high	t_nk	0.2824248522669599	408	1.1231886236557196
GSE220243_broad	GSE98918	GSM2627536	meniscus	OA	S2	mixed_low	endothelial	0.17866726115535742	408	1.1182646822045323
GSE220243_broad	GSE98918	GSM2627536	meniscus	OA	S2	mixed_low	fibrochondrocyte_core	0.08004477307756137	408	1.1182646822045323
GSE220243_broad	GSE98918	GSM2627536	meniscus	OA	S2	mixed_low	immune_myeloid	0.15700079259688687	408	1.1182646822045323
GSE220243_broad	GSE98918	GSM2627536	meniscus	OA	S2	mixed_low	inflammatory_like	0.10723686247206805	408	1.1182646822045323
GSE220243_broad	GSE98918	GSM2627536	meniscus	OA	S2	mixed_low	mural_smooth_muscle	0.09946978577858978	408	1.1182646822045323
GSE220243_broad	GSE98918	GSM2627536	meniscus	OA	S2	mixed_low	outer_fibrous_like	0.08597844850507609	408	1.1182646822045323
GSE220243_broad	GSE98918	GSM2627536	meniscus	OA	S2	mixed_low	t_nk	0.2916020764144605	408	1.1182646822045323
GSE220243_broad	GSE98918	GSM2627537	meniscus	OA	S2	mixed_low	endothelial	0.17995299331255826	408	1.1196900100224791
GSE220243_broad	GSE98918	GSM2627537	meniscus	OA	S2	mixed_low	fibrochondrocyte_core	0.0783636925274782	408	1.1196900100224791
GSE220243_broad	GSE98918	GSM2627537	meniscus	OA	S2	mixed_low	immune_myeloid	0.15653198704350713	408	1.1196900100224791
GSE220243_broad	GSE98918	GSM2627537	meniscus	OA	S2	mixed_low	inflammatory_like	0.10721902557821535	408	1.1196900100224791
GSE220243_broad	GSE98918	GSM2627537	meniscus	OA	S2	mixed_low	mural_smooth_muscle	0.10077770049347706	408	1.1196900100224791
GSE220243_broad	GSE98918	GSM2627537	meniscus	OA	S2	mixed_low	outer_fibrous_like	0.0874748042798523	408	1.1196900100224791
GSE220243_broad	GSE98918	GSM2627537	meniscus	OA	S2	mixed_low	t_nk	0.2896797967649117	408	1.1196900100224791
GSE220243_broad	GSE98918	GSM2627538	meniscus	OA	S2	mixed_low	endothelial	0.1835306082871237	408	1.0952881037297677
GSE220243_broad	GSE98918	GSM2627538	meniscus	OA	S2	mixed_low	fibrochondrocyte_core	0.09949486443733863	408	1.0952881037297677
GSE220243_broad	GSE98918	GSM2627538	meniscus	OA	S2	mixed_low	immune_myeloid	0.1526771939700871	408	1.0952881037297677
GSE220243_broad	GSE98918	GSM2627538	meniscus	OA	S2	mixed_low	inflammatory_like	0.09855138243507507	408	1.0952881037297677
GSE220243_broad	GSE98918	GSM2627538	meniscus	OA	S2	mixed_low	mural_smooth_muscle	0.10231120454682582	408	1.0952881037297677
GSE220243_broad	GSE98918	GSM2627538	meniscus	OA	S2	mixed_low	outer_fibrous_like	0.07520350434655	408	1.0952881037297677
GSE220243_broad	GSE98918	GSM2627538	meniscus	OA	S2	mixed_low	t_nk	0.28823124197699973	408	1.0952881037297677
GSE220243_broad	GSE98918	GSM2627539	meniscus	OA	S2	mixed_low	endothelial	0.17359902333429278	408	1.0757442121295586
GSE220243_broad	GSE98918	GSM2627539	meniscus	OA	S2	mixed_low	fibrochondrocyte_core	0.11029980985454257	408	1.0757442121295586
GSE220243_broad	GSE98918	GSM2627539	meniscus	OA	S2	mixed_low	immune_myeloid	0.14849621171072291	408	1.0757442121295586
GSE220243_broad	GSE98918	GSM2627539	meniscus	OA	S2	mixed_low	inflammatory_like	0.10200049809570189	408	1.0757442121295586
GSE220243_broad	GSE98918	GSM2627539	meniscus	OA	S2	mixed_low	mural_smooth_muscle	0.09699497535718114	408	1.0757442121295586
GSE220243_broad	GSE98918	GSM2627539	meniscus	OA	S2	mixed_low	outer_fibrous_like	0.07608424676609227	408	1.0757442121295586
GSE220243_broad	GSE98918	GSM2627539	meniscus	OA	S2	mixed_low	t_nk	0.2925252348814664	408	1.0757442121295586
GSE220243_broad	GSE98918	GSM2627540	meniscus	OA	S1	ECM_fibrotic_high	endothelial	0.17612978246489677	408	1.1409555420887039
GSE220243_broad	GSE98918	GSM2627540	meniscus	OA	S1	ECM_fibrotic_high	fibrochondrocyte_core	0.1183291733268515	408	1.1409555420887039
GSE220243_broad	GSE98918	GSM2627540	meniscus	OA	S1	ECM_fibrotic_high	immune_myeloid	0.14881492803926702	408	1.1409555420887039
GSE220243_broad	GSE98918	GSM2627540	meniscus	OA	S1	ECM_fibrotic_high	inflammatory_like	0.09332739575061653	408	1.1409555420887039
GSE220243_broad	GSE98918	GSM2627540	meniscus	OA	S1	ECM_fibrotic_high	mural_smooth_muscle	0.10282610456870113	408	1.1409555420887039
GSE220243_broad	GSE98918	GSM2627540	meniscus	OA	S1	ECM_fibrotic_high	outer_fibrous_like	0.06820109880333249	408	1.1409555420887039
GSE220243_broad	GSE98918	GSM2627540	meniscus	OA	S1	ECM_fibrotic_high	t_nk	0.2923715170463345	408	1.1409555420887039
GSE220243_broad	GSE98918	GSM2627541	meniscus	OA	S2	mixed_low	endothelial	0.16976569025314112	408	1.0878645935173337
GSE220243_broad	GSE98918	GSM2627541	meniscus	OA	S2	mixed_low	fibrochondrocyte_core	0.11756553483682744	408	1.0878645935173337
GSE220243_broad	GSE98918	GSM2627541	meniscus	OA	S2	mixed_low	immune_myeloid	0.14693146264295903	408	1.0878645935173337
GSE220243_broad	GSE98918	GSM2627541	meniscus	OA	S2	mixed_low	inflammatory_like	0.09858918197666805	408	1.0878645935173337
GSE220243_broad	GSE98918	GSM2627541	meniscus	OA	S2	mixed_low	mural_smooth_muscle	0.09711102457313206	408	1.0878645935173337
GSE220243_broad	GSE98918	GSM2627541	meniscus	OA	S2	mixed_low	outer_fibrous_like	0.08032034675259225	408	1.0878645935173337
GSE220243_broad	GSE98918	GSM2627541	meniscus	OA	S2	mixed_low	t_nk	0.28971675896468	408	1.0878645935173337
HRA001986_chondrocyte	GSE98918	GSM2627530	meniscus	OA	S1	ECM_fibrotic_high	Ch_1_CHAD	0.12061760959217256	407	1.2634869366186385
HRA001986_chondrocyte	GSE98918	GSM2627530	meniscus	OA	S1	ECM_fibrotic_high	Ch_2_FNDC1	0.0	407	1.2634869366186385
HRA001986_chondrocyte	GSE98918	GSM2627530	meniscus	OA	S1	ECM_fibrotic_high	Ch_3_PRG4	0.11036582099528609	407	1.2634869366186385
HRA001986_chondrocyte	GSE98918	GSM2627530	meniscus	OA	S1	ECM_fibrotic_high	Ch_4_CFD	0.13093404817755303	407	1.2634869366186385
HRA001986_chondrocyte	GSE98918	GSM2627530	meniscus	OA	S1	ECM_fibrotic_high	Ch_5_cycling	0.26768064478360926	407	1.2634869366186385
HRA001986_chondrocyte	GSE98918	GSM2627530	meniscus	OA	S1	ECM_fibrotic_high	PCL_1	0.23588096481416065	407	1.2634869366186385
HRA001986_chondrocyte	GSE98918	GSM2627530	meniscus	OA	S1	ECM_fibrotic_high	PCL_2	0.13452091163721838	407	1.2634869366186385
HRA001986_chondrocyte	GSE98918	GSM2627531	meniscus	OA	S1	ECM_fibrotic_high	Ch_1_CHAD	0.11241518191672967	407	1.289020051220163
HRA001986_chondrocyte	GSE98918	GSM2627531	meniscus	OA	S1	ECM_fibrotic_high	Ch_2_FNDC1	0.0	407	1.289020051220163
HRA001986_chondrocyte	GSE98918	GSM2627531	meniscus	OA	S1	ECM_fibrotic_high	Ch_3_PRG4	0.12168916301629265	407	1.289020051220163
HRA001986_chondrocyte	GSE98918	GSM2627531	meniscus	OA	S1	ECM_fibrotic_high	Ch_4_CFD	0.1335050798340269	407	1.289020051220163
HRA001986_chondrocyte	GSE98918	GSM2627531	meniscus	OA	S1	ECM_fibrotic_high	Ch_5_cycling	0.261698180723656	407	1.289020051220163
HRA001986_chondrocyte	GSE98918	GSM2627531	meniscus	OA	S1	ECM_fibrotic_high	PCL_1	0.23129884823395855	407	1.289020051220163
HRA001986_chondrocyte	GSE98918	GSM2627531	meniscus	OA	S1	ECM_fibrotic_high	PCL_2	0.13939354627533615	407	1.289020051220163
HRA001986_chondrocyte	GSE98918	GSM2627532	meniscus	OA	S2	mixed_low	Ch_1_CHAD	0.11492338330518653	407	1.2272132023703737
HRA001986_chondrocyte	GSE98918	GSM2627532	meniscus	OA	S2	mixed_low	Ch_2_FNDC1	0.0	407	1.2272132023703737
HRA001986_chondrocyte	GSE98918	GSM2627532	meniscus	OA	S2	mixed_low	Ch_3_PRG4	0.11966771264228429	407	1.2272132023703737
HRA001986_chondrocyte	GSE98918	GSM2627532	meniscus	OA	S2	mixed_low	Ch_4_CFD	0.11987882506533211	407	1.2272132023703737
HRA001986_chondrocyte	GSE98918	GSM2627532	meniscus	OA	S2	mixed_low	Ch_5_cycling	0.2635817041794041	407	1.2272132023703737
HRA001986_chondrocyte	GSE98918	GSM2627532	meniscus	OA	S2	mixed_low	PCL_1	0.24553071418582922	407	1.2272132023703737
HRA001986_chondrocyte	GSE98918	GSM2627532	meniscus	OA	S2	mixed_low	PCL_2	0.1364176606219638	407	1.2272132023703737
HRA001986_chondrocyte	GSE98918	GSM2627533	meniscus	OA	S2	mixed_low	Ch_1_CHAD	0.11783532415933606	407	1.2195049249008965
HRA001986_chondrocyte	GSE98918	GSM2627533	meniscus	OA	S2	mixed_low	Ch_2_FNDC1	0.0	407	1.2195049249008965
HRA001986_chondrocyte	GSE98918	GSM2627533	meniscus	OA	S2	mixed_low	Ch_3_PRG4	0.11487481108932607	407	1.2195049249008965
HRA001986_chondrocyte	GSE98918	GSM2627533	meniscus	OA	S2	mixed_low	Ch_4_CFD	0.12605878037628274	407	1.2195049249008965
HRA001986_chondrocyte	GSE98918	GSM2627533	meniscus	OA	S2	mixed_low	Ch_5_cycling	0.2656412920872543	407	1.2195049249008965
HRA001986_chondrocyte	GSE98918	GSM2627533	meniscus	OA	S2	mixed_low	PCL_1	0.235354208866711	407	1.2195049249008965
HRA001986_chondrocyte	GSE98918	GSM2627533	meniscus	OA	S2	mixed_low	PCL_2	0.1402355834210898	407	1.2195049249008965
HRA001986_chondrocyte	GSE98918	GSM2627534	meniscus	OA	S2	mixed_low	Ch_1_CHAD	0.09868236434949178	407	1.251815620210048
HRA001986_chondrocyte	GSE98918	GSM2627534	meniscus	OA	S2	mixed_low	Ch_2_FNDC1	0.0	407	1.251815620210048
HRA001986_chondrocyte	GSE98918	GSM2627534	meniscus	OA	S2	mixed_low	Ch_3_PRG4	0.12676481786815702	407	1.251815620210048
HRA001986_chondrocyte	GSE98918	GSM2627534	meniscus	OA	S2	mixed_low	Ch_4_CFD	0.13149713525030426	407	1.251815620210048
HRA001986_chondrocyte	GSE98918	GSM2627534	meniscus	OA	S2	mixed_low	Ch_5_cycling	0.2688471813427464	407	1.251815620210048
HRA001986_chondrocyte	GSE98918	GSM2627534	meniscus	OA	S2	mixed_low	PCL_1	0.24112220476760027	407	1.251815620210048
HRA001986_chondrocyte	GSE98918	GSM2627534	meniscus	OA	S2	mixed_low	PCL_2	0.1330862964217003	407	1.251815620210048
HRA001986_chondrocyte	GSE98918	GSM2627535	meniscus	OA	S1	ECM_fibrotic_high	Ch_1_CHAD	0.10164464738846454	407	1.2621746062302361
HRA001986_chondrocyte	GSE98918	GSM2627535	meniscus	OA	S1	ECM_fibrotic_high	Ch_2_FNDC1	0.0	407	1.2621746062302361
HRA001986_chondrocyte	GSE98918	GSM2627535	meniscus	OA	S1	ECM_fibrotic_high	Ch_3_PRG4	0.12935066010474983	407	1.2621746062302361
HRA001986_chondrocyte	GSE98918	GSM2627535	meniscus	OA	S1	ECM_fibrotic_high	Ch_4_CFD	0.12892464073497722	407	1.2621746062302361
HRA001986_chondrocyte	GSE98918	GSM2627535	meniscus	OA	S1	ECM_fibrotic_high	Ch_5_cycling	0.262701531023852	407	1.2621746062302361
HRA001986_chondrocyte	GSE98918	GSM2627535	meniscus	OA	S1	ECM_fibrotic_high	PCL_1	0.24735254569204077	407	1.2621746062302361
HRA001986_chondrocyte	GSE98918	GSM2627535	meniscus	OA	S1	ECM_fibrotic_high	PCL_2	0.1300259750559157	407	1.2621746062302361
HRA001986_chondrocyte	GSE98918	GSM2627536	meniscus	OA	S2	mixed_low	Ch_1_CHAD	0.10802130801714611	407	1.25607992762695
HRA001986_chondrocyte	GSE98918	GSM2627536	meniscus	OA	S2	mixed_low	Ch_2_FNDC1	0.0	407	1.25607992762695
HRA001986_chondrocyte	GSE98918	GSM2627536	meniscus	OA	S2	mixed_low	Ch_3_PRG4	0.1050652263226448	407	1.25607992762695
HRA001986_chondrocyte	GSE98918	GSM2627536	meniscus	OA	S2	mixed_low	Ch_4_CFD	0.14747470256308196	407	1.25607992762695
HRA001986_chondrocyte	GSE98918	GSM2627536	meniscus	OA	S2	mixed_low	Ch_5_cycling	0.2649473314979694	407	1.25607992762695
HRA001986_chondrocyte	GSE98918	GSM2627536	meniscus	OA	S2	mixed_low	PCL_1	0.24290973311314903	407	1.25607992762695
HRA001986_chondrocyte	GSE98918	GSM2627536	meniscus	OA	S2	mixed_low	PCL_2	0.13158169848600876	407	1.25607992762695
HRA001986_chondrocyte	GSE98918	GSM2627537	meniscus	OA	S2	mixed_low	Ch_1_CHAD	0.10864648915868678	407	1.2533620566194827
HRA001986_chondrocyte	GSE98918	GSM2627537	meniscus	OA	S2	mixed_low	Ch_2_FNDC1	0.0	407	1.2533620566194827
HRA001986_chondrocyte	GSE98918	GSM2627537	meniscus	OA	S2	mixed_low	Ch_3_PRG4	0.10585331195375206	407	1.2533620566194827
HRA001986_chondrocyte	GSE98918	GSM2627537	meniscus	OA	S2	mixed_low	Ch_4_CFD	0.14844663341033212	407	1.2533620566194827
HRA001986_chondrocyte	GSE98918	GSM2627537	meniscus	OA	S2	mixed_low	Ch_5_cycling	0.2613353177799456	407	1.2533620566194827
HRA001986_chondrocyte	GSE98918	GSM2627537	meniscus	OA	S2	mixed_low	PCL_1	0.23906418673700106	407	1.2533620566194827
HRA001986_chondrocyte	GSE98918	GSM2627537	meniscus	OA	S2	mixed_low	PCL_2	0.13665406096028238	407	1.2533620566194827
HRA001986_chondrocyte	GSE98918	GSM2627538	meniscus	OA	S2	mixed_low	Ch_1_CHAD	0.10509826409416008	407	1.230910624320107
HRA001986_chondrocyte	GSE98918	GSM2627538	meniscus	OA	S2	mixed_low	Ch_2_FNDC1	0.0	407	1.230910624320107
HRA001986_chondrocyte	GSE98918	GSM2627538	meniscus	OA	S2	mixed_low	Ch_3_PRG4	0.11570524292675961	407	1.230910624320107
HRA001986_chondrocyte	GSE98918	GSM2627538	meniscus	OA	S2	mixed_low	Ch_4_CFD	0.1355403039677759	407	1.230910624320107
HRA001986_chondrocyte	GSE98918	GSM2627538	meniscus	OA	S2	mixed_low	Ch_5_cycling	0.2627016930339123	407	1.230910624320107
HRA001986_chondrocyte	GSE98918	GSM2627538	meniscus	OA	S2	mixed_low	PCL_1	0.24297039387414396	407	1.230910624320107
HRA001986_chondrocyte	GSE98918	GSM2627538	meniscus	OA	S2	mixed_low	PCL_2	0.13798410210324835	407	1.230910624320107
HRA001986_chondrocyte	GSE98918	GSM2627539	meniscus	OA	S2	mixed_low	Ch_1_CHAD	0.1184715278231139	407	1.2204648237398101
HRA001986_chondrocyte	GSE98918	GSM2627539	meniscus	OA	S2	mixed_low	Ch_2_FNDC1	0.0	407	1.2204648237398101
HRA001986_chondrocyte	GSE98918	GSM2627539	meniscus	OA	S2	mixed_low	Ch_3_PRG4	0.1280218322917145	407	1.2204648237398101
HRA001986_chondrocyte	GSE98918	GSM2627539	meniscus	OA	S2	mixed_low	Ch_4_CFD	0.12254762959630267	407	1.2204648237398101
HRA001986_chondrocyte	GSE98918	GSM2627539	meniscus	OA	S2	mixed_low	Ch_5_cycling	0.2669739098030035	407	1.2204648237398101
HRA001986_chondrocyte	GSE98918	GSM2627539	meniscus	OA	S2	mixed_low	PCL_1	0.22614883355606022	407	1.2204648237398101
HRA001986_chondrocyte	GSE98918	GSM2627539	meniscus	OA	S2	mixed_low	PCL_2	0.13783626692980522	407	1.2204648237398101
HRA001986_chondrocyte	GSE98918	GSM2627540	meniscus	OA	S1	ECM_fibrotic_high	Ch_1_CHAD	0.12253398444625374	407	1.267640059682685
HRA001986_chondrocyte	GSE98918	GSM2627540	meniscus	OA	S1	ECM_fibrotic_high	Ch_2_FNDC1	0.0	407	1.267640059682685
HRA001986_chondrocyte	GSE98918	GSM2627540	meniscus	OA	S1	ECM_fibrotic_high	Ch_3_PRG4	0.12027633418789921	407	1.267640059682685
HRA001986_chondrocyte	GSE98918	GSM2627540	meniscus	OA	S1	ECM_fibrotic_high	Ch_4_CFD	0.11718198304954898	407	1.267640059682685
HRA001986_chondrocyte	GSE98918	GSM2627540	meniscus	OA	S1	ECM_fibrotic_high	Ch_5_cycling	0.2613880682709757	407	1.267640059682685
HRA001986_chondrocyte	GSE98918	GSM2627540	meniscus	OA	S1	ECM_fibrotic_high	PCL_1	0.24151893083328663	407	1.267640059682685
HRA001986_chondrocyte	GSE98918	GSM2627540	meniscus	OA	S1	ECM_fibrotic_high	PCL_2	0.13710069921203566	407	1.267640059682685
HRA001986_chondrocyte	GSE98918	GSM2627541	meniscus	OA	S2	mixed_low	Ch_1_CHAD	0.12223452305391262	407	1.2263056392519542
HRA001986_chondrocyte	GSE98918	GSM2627541	meniscus	OA	S2	mixed_low	Ch_2_FNDC1	0.0	407	1.2263056392519542
HRA001986_chondrocyte	GSE98918	GSM2627541	meniscus	OA	S2	mixed_low	Ch_3_PRG4	0.12913008356109826	407	1.2263056392519542
HRA001986_chondrocyte	GSE98918	GSM2627541	meniscus	OA	S2	mixed_low	Ch_4_CFD	0.12324298637466898	407	1.2263056392519542
HRA001986_chondrocyte	GSE98918	GSM2627541	meniscus	OA	S2	mixed_low	Ch_5_cycling	0.26673235680658935	407	1.2263056392519542
HRA001986_chondrocyte	GSE98918	GSM2627541	meniscus	OA	S2	mixed_low	PCL_1	0.22127259468606225	407	1.2263056392519542
HRA001986_chondrocyte	GSE98918	GSM2627541	meniscus	OA	S2	mixed_low	PCL_2	0.13738745551766857	407	1.2263056392519542
GSE220243_broad	GSE55235	GSM1332211	synovium	OA	S1	ECM_fibrotic_high	endothelial	0.1656059706254688	372	1.0913275181531894
GSE220243_broad	GSE55235	GSM1332211	synovium	OA	S1	ECM_fibrotic_high	fibrochondrocyte_core	0.075442138163761	372	1.0913275181531894
GSE220243_broad	GSE55235	GSM1332211	synovium	OA	S1	ECM_fibrotic_high	immune_myeloid	0.18343074500363682	372	1.0913275181531894
GSE220243_broad	GSE55235	GSM1332211	synovium	OA	S1	ECM_fibrotic_high	inflammatory_like	0.10204319103829178	372	1.0913275181531894
GSE220243_broad	GSE55235	GSM1332211	synovium	OA	S1	ECM_fibrotic_high	mural_smooth_muscle	0.09293991907642966	372	1.0913275181531894
GSE220243_broad	GSE55235	GSM1332211	synovium	OA	S1	ECM_fibrotic_high	outer_fibrous_like	0.11476544511598338	372	1.0913275181531894
GSE220243_broad	GSE55235	GSM1332211	synovium	OA	S1	ECM_fibrotic_high	t_nk	0.26577259097642847	372	1.0913275181531894
GSE220243_broad	GSE55235	GSM1332212	synovium	OA	S2	mixed_low	endothelial	0.1361712438870648	372	1.066699616381204
GSE220243_broad	GSE55235	GSM1332212	synovium	OA	S2	mixed_low	fibrochondrocyte_core	0.05465804392601509	372	1.066699616381204
GSE220243_broad	GSE55235	GSM1332212	synovium	OA	S2	mixed_low	immune_myeloid	0.20131080962366932	372	1.066699616381204
GSE220243_broad	GSE55235	GSM1332212	synovium	OA	S2	mixed_low	inflammatory_like	0.13076876955811842	372	1.066699616381204
GSE220243_broad	GSE55235	GSM1332212	synovium	OA	S2	mixed_low	mural_smooth_muscle	0.0738450158363939	372	1.066699616381204
GSE220243_broad	GSE55235	GSM1332212	synovium	OA	S2	mixed_low	outer_fibrous_like	0.12398203118089308	372	1.066699616381204
GSE220243_broad	GSE55235	GSM1332212	synovium	OA	S2	mixed_low	t_nk	0.2792640859878453	372	1.066699616381204
GSE220243_broad	GSE55235	GSM1332213	synovium	OA	S2	mixed_low	endothelial	0.14046028580506348	372	1.0454718606861322
GSE220243_broad	GSE55235	GSM1332213	synovium	OA	S2	mixed_low	fibrochondrocyte_core	0.05536702517260823	372	1.0454718606861322
GSE220243_broad	GSE55235	GSM1332213	synovium	OA	S2	mixed_low	immune_myeloid	0.19410263681408682	372	1.0454718606861322
GSE220243_broad	GSE55235	GSM1332213	synovium	OA	S2	mixed_low	inflammatory_like	0.14151118655261372	372	1.0454718606861322
GSE220243_broad	GSE55235	GSM1332213	synovium	OA	S2	mixed_low	mural_smooth_muscle	0.07810495067412847	372	1.0454718606861322
GSE220243_broad	GSE55235	GSM1332213	synovium	OA	S2	mixed_low	outer_fibrous_like	0.11836402450565635	372	1.0454718606861322
GSE220243_broad	GSE55235	GSM1332213	synovium	OA	S2	mixed_low	t_nk	0.272089890475843	372	1.0454718606861322
GSE220243_broad	GSE55235	GSM1332214	synovium	OA	S1	ECM_fibrotic_high	endothelial	0.15963012502453294	372	1.093817217829968
GSE220243_broad	GSE55235	GSM1332214	synovium	OA	S1	ECM_fibrotic_high	fibrochondrocyte_core	0.06587762339838799	372	1.093817217829968
GSE220243_broad	GSE55235	GSM1332214	synovium	OA	S1	ECM_fibrotic_high	immune_myeloid	0.1821710827108999	372	1.093817217829968
GSE220243_broad	GSE55235	GSM1332214	synovium	OA	S1	ECM_fibrotic_high	inflammatory_like	0.11568503684752374	372	1.093817217829968
GSE220243_broad	GSE55235	GSM1332214	synovium	OA	S1	ECM_fibrotic_high	mural_smooth_muscle	0.09985547076676354	372	1.093817217829968
GSE220243_broad	GSE55235	GSM1332214	synovium	OA	S1	ECM_fibrotic_high	outer_fibrous_like	0.11570676902512601	372	1.093817217829968
GSE220243_broad	GSE55235	GSM1332214	synovium	OA	S1	ECM_fibrotic_high	t_nk	0.2610738922267658	372	1.093817217829968
GSE220243_broad	GSE55235	GSM1332215	synovium	OA	S1	ECM_fibrotic_high	endothelial	0.13217120636647672	372	1.071230970584477
GSE220243_broad	GSE55235	GSM1332215	synovium	OA	S1	ECM_fibrotic_high	fibrochondrocyte_core	0.06260828393346234	372	1.071230970584477
GSE220243_broad	GSE55235	GSM1332215	synovium	OA	S1	ECM_fibrotic_high	immune_myeloid	0.2013623819730474	372	1.071230970584477
GSE220243_broad	GSE55235	GSM1332215	synovium	OA	S1	ECM_fibrotic_high	inflammatory_like	0.12747115949217783	372	1.071230970584477
GSE220243_broad	GSE55235	GSM1332215	synovium	OA	S1	ECM_fibrotic_high	mural_smooth_muscle	0.07252509634059426	372	1.071230970584477
GSE220243_broad	GSE55235	GSM1332215	synovium	OA	S1	ECM_fibrotic_high	outer_fibrous_like	0.1248166369003693	372	1.071230970584477
GSE220243_broad	GSE55235	GSM1332215	synovium	OA	S1	ECM_fibrotic_high	t_nk	0.2790452349938721	372	1.071230970584477
GSE220243_broad	GSE55235	GSM1332216	synovium	OA	S1	ECM_fibrotic_high	endothelial	0.15325746238583018	372	1.0698149821304155
GSE220243_broad	GSE55235	GSM1332216	synovium	OA	S1	ECM_fibrotic_high	fibrochondrocyte_core	0.07564336826660883	372	1.0698149821304155
GSE220243_broad	GSE55235	GSM1332216	synovium	OA	S1	ECM_fibrotic_high	immune_myeloid	0.20017837723959891	372	1.0698149821304155
GSE220243_broad	GSE55235	GSM1332216	synovium	OA	S1	ECM_fibrotic_high	inflammatory_like	0.11821026994321292	372	1.0698149821304155
GSE220243_broad	GSE55235	GSM1332216	synovium	OA	S1	ECM_fibrotic_high	mural_smooth_muscle	0.07174292654261544	372	1.0698149821304155
GSE220243_broad	GSE55235	GSM1332216	synovium	OA	S1	ECM_fibrotic_high	outer_fibrous_like	0.11799453800727992	372	1.0698149821304155
GSE220243_broad	GSE55235	GSM1332216	synovium	OA	S1	ECM_fibrotic_high	t_nk	0.26297305761485384	372	1.0698149821304155
GSE220243_broad	GSE55235	GSM1332217	synovium	OA	S1	ECM_fibrotic_high	endothelial	0.15329712449687574	372	1.0779506777003036
GSE220243_broad	GSE55235	GSM1332217	synovium	OA	S1	ECM_fibrotic_high	fibrochondrocyte_core	0.07794678420502368	372	1.0779506777003036
GSE220243_broad	GSE55235	GSM1332217	synovium	OA	S1	ECM_fibrotic_high	immune_myeloid	0.19192493434121916	372	1.0779506777003036
GSE220243_broad	GSE55235	GSM1332217	synovium	OA	S1	ECM_fibrotic_high	inflammatory_like	0.1178950463795885	372	1.0779506777003036
GSE220243_broad	GSE55235	GSM1332217	synovium	OA	S1	ECM_fibrotic_high	mural_smooth_muscle	0.08078950864095967	372	1.0779506777003036
GSE220243_broad	GSE55235	GSM1332217	synovium	OA	S1	ECM_fibrotic_high	outer_fibrous_like	0.10883022411167605	372	1.0779506777003036
GSE220243_broad	GSE55235	GSM1332217	synovium	OA	S1	ECM_fibrotic_high	t_nk	0.26931637782465717	372	1.0779506777003036
GSE220243_broad	GSE55235	GSM1332218	synovium	OA	S2	mixed_low	endothelial	0.14456042692149276	372	1.0454213674859045
GSE220243_broad	GSE55235	GSM1332218	synovium	OA	S2	mixed_low	fibrochondrocyte_core	0.07303660877552437	372	1.0454213674859045
GSE220243_broad	GSE55235	GSM1332218	synovium	OA	S2	mixed_low	immune_myeloid	0.2118232442995899	372	1.0454213674859045
GSE220243_broad	GSE55235	GSM1332218	synovium	OA	S2	mixed_low	inflammatory_like	0.11717726019346163	372	1.0454213674859045
GSE220243_broad	GSE55235	GSM1332218	synovium	OA	S2	mixed_low	mural_smooth_muscle	0.07723939890933526	372	1.0454213674859045
GSE220243_broad	GSE55235	GSM1332218	synovium	OA	S2	mixed_low	outer_fibrous_like	0.11177361818955692	372	1.0454213674859045
GSE220243_broad	GSE55235	GSM1332218	synovium	OA	S2	mixed_low	t_nk	0.2643894427110392	372	1.0454213674859045
GSE220243_broad	GSE55235	GSM1332219	synovium	OA	S2	mixed_low	endothelial	0.16803248264520068	372	1.0898904113695351
GSE220243_broad	GSE55235	GSM1332219	synovium	OA	S2	mixed_low	fibrochondrocyte_core	0.06396976686695248	372	1.0898904113695351
GSE220243_broad	GSE55235	GSM1332219	synovium	OA	S2	mixed_low	immune_myeloid	0.17719351134711336	372	1.0898904113695351
GSE220243_broad	GSE55235	GSM1332219	synovium	OA	S2	mixed_low	inflammatory_like	0.11691700567638132	372	1.0898904113695351
GSE220243_broad	GSE55235	GSM1332219	synovium	OA	S2	mixed_low	mural_smooth_muscle	0.09049119093716829	372	1.0898904113695351
GSE220243_broad	GSE55235	GSM1332219	synovium	OA	S2	mixed_low	outer_fibrous_like	0.10572040429373576	372	1.0898904113695351
GSE220243_broad	GSE55235	GSM1332219	synovium	OA	S2	mixed_low	t_nk	0.277675638233448	372	1.0898904113695351
GSE220243_broad	GSE55235	GSM1332220	synovium	OA	S2	mixed_low	endothelial	0.15518438123358846	372	1.0937868563311466
GSE220243_broad	GSE55235	GSM1332220	synovium	OA	S2	mixed_low	fibrochondrocyte_core	0.0630359279571839	372	1.0937868563311466
GSE220243_broad	GSE55235	GSM1332220	synovium	OA	S2	mixed_low	immune_myeloid	0.18899975074636505	372	1.0937868563311466
GSE220243_broad	GSE55235	GSM1332220	synovium	OA	S2	mixed_low	inflammatory_like	0.11513349117432083	372	1.0937868563311466
GSE220243_broad	GSE55235	GSM1332220	synovium	OA	S2	mixed_low	mural_smooth_muscle	0.09388063630891394	372	1.0937868563311466
GSE220243_broad	GSE55235	GSM1332220	synovium	OA	S2	mixed_low	outer_fibrous_like	0.11149281298297252	372	1.0937868563311466
GSE220243_broad	GSE55235	GSM1332220	synovium	OA	S2	mixed_low	t_nk	0.27227299959665524	372	1.0937868563311466
GSE220243_broad	GSE55457	GSM1337327	synovium	OA	S1	ECM_fibrotic_high	endothelial	0.1532994864175013	372	1.100960337108172
GSE220243_broad	GSE55457	GSM1337327	synovium	OA	S1	ECM_fibrotic_high	fibrochondrocyte_core	0.09862426618233984	372	1.100960337108172
GSE220243_broad	GSE55457	GSM1337327	synovium	OA	S1	ECM_fibrotic_high	immune_myeloid	0.17956224712563743	372	1.100960337108172
GSE220243_broad	GSE55457	GSM1337327	synovium	OA	S1	ECM_fibrotic_high	inflammatory_like	0.0980735082041018	372	1.100960337108172
GSE220243_broad	GSE55457	GSM1337327	synovium	OA	S1	ECM_fibrotic_high	mural_smooth_muscle	0.09844200671714547	372	1.100960337108172
GSE220243_broad	GSE55457	GSM1337327	synovium	OA	S1	ECM_fibrotic_high	outer_fibrous_like	0.06939381657670032	372	1.100960337108172
GSE220243_broad	GSE55457	GSM1337327	synovium	OA	S1	ECM_fibrotic_high	t_nk	0.3026046687765739	372	1.100960337108172
GSE220243_broad	GSE55457	GSM1337328	synovium	OA	S1	ECM_fibrotic_high	endothelial	0.1564220570826932	372	1.0578095451358434
GSE220243_broad	GSE55457	GSM1337328	synovium	OA	S1	ECM_fibrotic_high	fibrochondrocyte_core	0.08885162125212816	372	1.0578095451358434
GSE220243_broad	GSE55457	GSM1337328	synovium	OA	S1	ECM_fibrotic_high	immune_myeloid	0.18430773554466792	372	1.0578095451358434
GSE220243_broad	GSE55457	GSM1337328	synovium	OA	S1	ECM_fibrotic_high	inflammatory_like	0.10697566040510659	372	1.0578095451358434
GSE220243_broad	GSE55457	GSM1337328	synovium	OA	S1	ECM_fibrotic_high	mural_smooth_muscle	0.08264098676697185	372	1.0578095451358434
GSE220243_broad	GSE55457	GSM1337328	synovium	OA	S1	ECM_fibrotic_high	outer_fibrous_like	0.078832401336113	372	1.0578095451358434
GSE220243_broad	GSE55457	GSM1337328	synovium	OA	S1	ECM_fibrotic_high	t_nk	0.30196953761231926	372	1.0578095451358434
GSE220243_broad	GSE55457	GSM1337329	synovium	OA	S2	mixed_low	endothelial	0.16872837624113204	372	1.1137282378498532
GSE220243_broad	GSE55457	GSM1337329	synovium	OA	S2	mixed_low	fibrochondrocyte_core	0.08406277938774294	372	1.1137282378498532
GSE220243_broad	GSE55457	GSM1337329	synovium	OA	S2	mixed_low	immune_myeloid	0.17820054312577768	372	1.1137282378498532
GSE220243_broad	GSE55457	GSM1337329	synovium	OA	S2	mixed_low	inflammatory_like	0.10418783965852876	372	1.1137282378498532
GSE220243_broad	GSE55457	GSM1337329	synovium	OA	S2	mixed_low	mural_smooth_muscle	0.08847993101839684	372	1.1137282378498532
GSE220243_broad	GSE55457	GSM1337329	synovium	OA	S2	mixed_low	outer_fibrous_like	0.07700914461543812	372	1.1137282378498532
GSE220243_broad	GSE55457	GSM1337329	synovium	OA	S2	mixed_low	t_nk	0.2993313859529837	372	1.1137282378498532
GSE220243_broad	GSE55457	GSM1337330	synovium	OA	S1	ECM_fibrotic_high	endothelial	0.1549479711608479	372	1.114812741926009
GSE220243_broad	GSE55457	GSM1337330	synovium	OA	S1	ECM_fibrotic_high	fibrochondrocyte_core	0.08207116640424034	372	1.114812741926009
GSE220243_broad	GSE55457	GSM1337330	synovium	OA	S1	ECM_fibrotic_high	immune_myeloid	0.1601612502761756	372	1.114812741926009
GSE220243_broad	GSE55457	GSM1337330	synovium	OA	S1	ECM_fibrotic_high	inflammatory_like	0.11022571699210273	372	1.114812741926009
GSE220243_broad	GSE55457	GSM1337330	synovium	OA	S1	ECM_fibrotic_high	mural_smooth_muscle	0.0861936724334537	372	1.114812741926009
GSE220243_broad	GSE55457	GSM1337330	synovium	OA	S1	ECM_fibrotic_high	outer_fibrous_like	0.062182838944713506	372	1.114812741926009
GSE220243_broad	GSE55457	GSM1337330	synovium	OA	S1	ECM_fibrotic_high	t_nk	0.3442173837884663	372	1.114812741926009
GSE220243_broad	GSE55457	GSM1337331	synovium	OA	S2	mixed_low	endothelial	0.184657461215071	372	1.1009689668111313
GSE220243_broad	GSE55457	GSM1337331	synovium	OA	S2	mixed_low	fibrochondrocyte_core	0.09006946269540342	372	1.1009689668111313
GSE220243_broad	GSE55457	GSM1337331	synovium	OA	S2	mixed_low	immune_myeloid	0.16115771148974742	372	1.1009689668111313
GSE220243_broad	GSE55457	GSM1337331	synovium	OA	S2	mixed_low	inflammatory_like	0.11390918246842273	372	1.1009689668111313
GSE220243_broad	GSE55457	GSM1337331	synovium	OA	S2	mixed_low	mural_smooth_muscle	0.1006195635965824	372	1.1009689668111313
GSE220243_broad	GSE55457	GSM1337331	synovium	OA	S2	mixed_low	outer_fibrous_like	0.05575556415467555	372	1.1009689668111313
GSE220243_broad	GSE55457	GSM1337331	synovium	OA	S2	mixed_low	t_nk	0.2938310543800975	372	1.1009689668111313
GSE220243_broad	GSE55457	GSM1337332	synovium	OA	S1	ECM_fibrotic_high	endothelial	0.16120650491106864	372	1.0455303819010293
GSE220243_broad	GSE55457	GSM1337332	synovium	OA	S1	ECM_fibrotic_high	fibrochondrocyte_core	0.08799793591454279	372	1.0455303819010293
GSE220243_broad	GSE55457	GSM1337332	synovium	OA	S1	ECM_fibrotic_high	immune_myeloid	0.20095539941305876	372	1.0455303819010293
GSE220243_broad	GSE55457	GSM1337332	synovium	OA	S1	ECM_fibrotic_high	inflammatory_like	0.11203192131153018	372	1.0455303819010293
GSE220243_broad	GSE55457	GSM1337332	synovium	OA	S1	ECM_fibrotic_high	mural_smooth_muscle	0.0741061946460549	372	1.0455303819010293
GSE220243_broad	GSE55457	GSM1337332	synovium	OA	S1	ECM_fibrotic_high	outer_fibrous_like	0.0824569978582442	372	1.0455303819010293
GSE220243_broad	GSE55457	GSM1337332	synovium	OA	S1	ECM_fibrotic_high	t_nk	0.28124504594550065	372	1.0455303819010293
GSE220243_broad	GSE55457	GSM1337333	synovium	OA	S2	mixed_low	endothelial	0.16402511423682434	372	1.0767932122658157
GSE220243_broad	GSE55457	GSM1337333	synovium	OA	S2	mixed_low	fibrochondrocyte_core	0.07405193316541069	372	1.0767932122658157
GSE220243_broad	GSE55457	GSM1337333	synovium	OA	S2	mixed_low	immune_myeloid	0.18384217573712772	372	1.0767932122658157
GSE220243_broad	GSE55457	GSM1337333	synovium	OA	S2	mixed_low	inflammatory_like	0.1220983666683954	372	1.0767932122658157
GSE220243_broad	GSE55457	GSM1337333	synovium	OA	S2	mixed_low	mural_smooth_muscle	0.08420367190990156	372	1.0767932122658157
GSE220243_broad	GSE55457	GSM1337333	synovium	OA	S2	mixed_low	outer_fibrous_like	0.06929226542743924	372	1.0767932122658157
GSE220243_broad	GSE55457	GSM1337333	synovium	OA	S2	mixed_low	t_nk	0.3024864728549012	372	1.0767932122658157
GSE220243_broad	GSE55457	GSM1337334	synovium	OA	S1	ECM_fibrotic_high	endothelial	0.161920595625031	372	1.0983323843173243
GSE220243_broad	GSE55457	GSM1337334	synovium	OA	S1	ECM_fibrotic_high	fibrochondrocyte_core	0.10745493514331879	372	1.0983323843173243
GSE220243_broad	GSE55457	GSM1337334	synovium	OA	S1	ECM_fibrotic_high	immune_myeloid	0.18490011814726118	372	1.0983323843173243
GSE220243_broad	GSE55457	GSM1337334	synovium	OA	S1	ECM_fibrotic_high	inflammatory_like	0.09514631403283982	372	1.0983323843173243
GSE220243_broad	GSE55457	GSM1337334	synovium	OA	S1	ECM_fibrotic_high	mural_smooth_muscle	0.07943528450219892	372	1.0983323843173243
GSE220243_broad	GSE55457	GSM1337334	synovium	OA	S1	ECM_fibrotic_high	outer_fibrous_like	0.0712538140450395	372	1.0983323843173243
GSE220243_broad	GSE55457	GSM1337334	synovium	OA	S1	ECM_fibrotic_high	t_nk	0.29988893850431086	372	1.0983323843173243
GSE220243_broad	GSE55457	GSM1337335	synovium	OA	S2	mixed_low	endothelial	0.1746606989836246	372	1.1257735041217132
GSE220243_broad	GSE55457	GSM1337335	synovium	OA	S2	mixed_low	fibrochondrocyte_core	0.11324679972180357	372	1.1257735041217132
GSE220243_broad	GSE55457	GSM1337335	synovium	OA	S2	mixed_low	immune_myeloid	0.1715085342979771	372	1.1257735041217132
GSE220243_broad	GSE55457	GSM1337335	synovium	OA	S2	mixed_low	inflammatory_like	0.07161149789011811	372	1.1257735041217132
GSE220243_broad	GSE55457	GSM1337335	synovium	OA	S2	mixed_low	mural_smooth_muscle	0.10129477517870022	372	1.1257735041217132
GSE220243_broad	GSE55457	GSM1337335	synovium	OA	S2	mixed_low	outer_fibrous_like	0.06805693556176694	372	1.1257735041217132
GSE220243_broad	GSE55457	GSM1337335	synovium	OA	S2	mixed_low	t_nk	0.29962075836600954	372	1.1257735041217132
GSE220243_broad	GSE55457	GSM1337336	synovium	OA	S1	ECM_fibrotic_high	endothelial	0.151789105491521	372	1.056695363458232
GSE220243_broad	GSE55457	GSM1337336	synovium	OA	S1	ECM_fibrotic_high	fibrochondrocyte_core	0.09171968338432906	372	1.056695363458232
GSE220243_broad	GSE55457	GSM1337336	synovium	OA	S1	ECM_fibrotic_high	immune_myeloid	0.19398574795996942	372	1.056695363458232
GSE220243_broad	GSE55457	GSM1337336	synovium	OA	S1	ECM_fibrotic_high	inflammatory_like	0.10136795004629581	372	1.056695363458232
GSE220243_broad	GSE55457	GSM1337336	synovium	OA	S1	ECM_fibrotic_high	mural_smooth_muscle	0.0861275023094501	372	1.056695363458232
GSE220243_broad	GSE55457	GSM1337336	synovium	OA	S1	ECM_fibrotic_high	outer_fibrous_like	0.08604971639645315	372	1.056695363458232
GSE220243_broad	GSE55457	GSM1337336	synovium	OA	S1	ECM_fibrotic_high	t_nk	0.28896029441198134	372	1.056695363458232
GSE220243_broad	GSE89408	OA_tissue_1	synovium	OA	S2	mixed_low	endothelial	0.207509377868885	407	0.9894370417120735
GSE220243_broad	GSE89408	OA_tissue_1	synovium	OA	S2	mixed_low	fibrochondrocyte_core	0.0	407	0.9894370417120735
GSE220243_broad	GSE89408	OA_tissue_1	synovium	OA	S2	mixed_low	immune_myeloid	0.15989403639975588	407	0.9894370417120735
GSE220243_broad	GSE89408	OA_tissue_1	synovium	OA	S2	mixed_low	inflammatory_like	0.10985203403518219	407	0.9894370417120735
GSE220243_broad	GSE89408	OA_tissue_1	synovium	OA	S2	mixed_low	mural_smooth_muscle	0.12549032259105636	407	0.9894370417120735
GSE220243_broad	GSE89408	OA_tissue_1	synovium	OA	S2	mixed_low	outer_fibrous_like	0.19615154114725075	407	0.9894370417120735
GSE220243_broad	GSE89408	OA_tissue_1	synovium	OA	S2	mixed_low	t_nk	0.20110268795786979	407	0.9894370417120735
GSE220243_broad	GSE89408	OA_tissue_2	synovium	OA	S1	ECM_fibrotic_high	endothelial	0.19305507722349127	407	1.2421462202654656
GSE220243_broad	GSE89408	OA_tissue_2	synovium	OA	S1	ECM_fibrotic_high	fibrochondrocyte_core	0.039039904538148755	407	1.2421462202654656
GSE220243_broad	GSE89408	OA_tissue_2	synovium	OA	S1	ECM_fibrotic_high	immune_myeloid	0.23348375984909722	407	1.2421462202654656
GSE220243_broad	GSE89408	OA_tissue_2	synovium	OA	S1	ECM_fibrotic_high	inflammatory_like	0.09039082380268788	407	1.2421462202654656
GSE220243_broad	GSE89408	OA_tissue_2	synovium	OA	S1	ECM_fibrotic_high	mural_smooth_muscle	0.07371749062662411	407	1.2421462202654656
GSE220243_broad	GSE89408	OA_tissue_2	synovium	OA	S1	ECM_fibrotic_high	outer_fibrous_like	0.16056499444021258	407	1.2421462202654656
GSE220243_broad	GSE89408	OA_tissue_2	synovium	OA	S1	ECM_fibrotic_high	t_nk	0.2097479495197383	407	1.2421462202654656
GSE220243_broad	GSE89408	OA_tissue_3	synovium	OA	S1	ECM_fibrotic_high	endothelial	0.18874848567522048	407	1.2245760267026036
GSE220243_broad	GSE89408	OA_tissue_3	synovium	OA	S1	ECM_fibrotic_high	fibrochondrocyte_core	0.02420442506993005	407	1.2245760267026036
GSE220243_broad	GSE89408	OA_tissue_3	synovium	OA	S1	ECM_fibrotic_high	immune_myeloid	0.20271299420466524	407	1.2245760267026036
GSE220243_broad	GSE89408	OA_tissue_3	synovium	OA	S1	ECM_fibrotic_high	inflammatory_like	0.0987528178633256	407	1.2245760267026036
GSE220243_broad	GSE89408	OA_tissue_3	synovium	OA	S1	ECM_fibrotic_high	mural_smooth_muscle	0.07906048442782919	407	1.2245760267026036
GSE220243_broad	GSE89408	OA_tissue_3	synovium	OA	S1	ECM_fibrotic_high	outer_fibrous_like	0.16922022654392704	407	1.2245760267026036
GSE220243_broad	GSE89408	OA_tissue_3	synovium	OA	S1	ECM_fibrotic_high	t_nk	0.2373005662151023	407	1.2245760267026036
GSE220243_broad	GSE89408	OA_tissue_4	synovium	OA	S1	ECM_fibrotic_high	endothelial	0.20482283011054989	407	1.2731551277721496
GSE220243_broad	GSE89408	OA_tissue_4	synovium	OA	S1	ECM_fibrotic_high	fibrochondrocyte_core	0.023469581269921675	407	1.2731551277721496
GSE220243_broad	GSE89408	OA_tissue_4	synovium	OA	S1	ECM_fibrotic_high	immune_myeloid	0.1634221147844579	407	1.2731551277721496
GSE220243_broad	GSE89408	OA_tissue_4	synovium	OA	S1	ECM_fibrotic_high	inflammatory_like	0.07988977255655996	407	1.2731551277721496
GSE220243_broad	GSE89408	OA_tissue_4	synovium	OA	S1	ECM_fibrotic_high	mural_smooth_muscle	0.09643385293342147	407	1.2731551277721496
GSE220243_broad	GSE89408	OA_tissue_4	synovium	OA	S1	ECM_fibrotic_high	outer_fibrous_like	0.17520586606685387	407	1.2731551277721496
GSE220243_broad	GSE89408	OA_tissue_4	synovium	OA	S1	ECM_fibrotic_high	t_nk	0.25675598227823526	407	1.2731551277721496
GSE220243_broad	GSE89408	OA_tissue_5	synovium	OA	S2	mixed_low	endothelial	0.1963457411191532	407	1.2247473703938212
GSE220243_broad	GSE89408	OA_tissue_5	synovium	OA	S2	mixed_low	fibrochondrocyte_core	0.0	407	1.2247473703938212
GSE220243_broad	GSE89408	OA_tissue_5	synovium	OA	S2	mixed_low	immune_myeloid	0.2143357957911797	407	1.2247473703938212
GSE220243_broad	GSE89408	OA_tissue_5	synovium	OA	S2	mixed_low	inflammatory_like	0.09838639028263016	407	1.2247473703938212
GSE220243_broad	GSE89408	OA_tissue_5	synovium	OA	S2	mixed_low	mural_smooth_muscle	0.0753252484836097	407	1.2247473703938212
GSE220243_broad	GSE89408	OA_tissue_5	synovium	OA	S2	mixed_low	outer_fibrous_like	0.1837536642176753	407	1.2247473703938212
GSE220243_broad	GSE89408	OA_tissue_5	synovium	OA	S2	mixed_low	t_nk	0.2318531601057519	407	1.2247473703938212
GSE220243_broad	GSE89408	OA_tissue_6	synovium	OA	S2	mixed_low	endothelial	0.18151803011944728	407	1.213877825530764
GSE220243_broad	GSE89408	OA_tissue_6	synovium	OA	S2	mixed_low	fibrochondrocyte_core	0.0	407	1.213877825530764
GSE220243_broad	GSE89408	OA_tissue_6	synovium	OA	S2	mixed_low	immune_myeloid	0.24780618766637352	407	1.213877825530764
GSE220243_broad	GSE89408	OA_tissue_6	synovium	OA	S2	mixed_low	inflammatory_like	0.0969792509371601	407	1.213877825530764
GSE220243_broad	GSE89408	OA_tissue_6	synovium	OA	S2	mixed_low	mural_smooth_muscle	0.0660960649724634	407	1.213877825530764
GSE220243_broad	GSE89408	OA_tissue_6	synovium	OA	S2	mixed_low	outer_fibrous_like	0.1779292805348353	407	1.213877825530764
GSE220243_broad	GSE89408	OA_tissue_6	synovium	OA	S2	mixed_low	t_nk	0.2296711857697203	407	1.213877825530764
GSE220243_broad	GSE89408	OA_tissue_7	synovium	OA	S1	ECM_fibrotic_high	endothelial	0.1851297684849884	407	1.276521590891206
GSE220243_broad	GSE89408	OA_tissue_7	synovium	OA	S1	ECM_fibrotic_high	fibrochondrocyte_core	0.012986369520463592	407	1.276521590891206
GSE220243_broad	GSE89408	OA_tissue_7	synovium	OA	S1	ECM_fibrotic_high	immune_myeloid	0.1924875216945201	407	1.276521590891206
GSE220243_broad	GSE89408	OA_tissue_7	synovium	OA	S1	ECM_fibrotic_high	inflammatory_like	0.08298763131511795	407	1.276521590891206
GSE220243_broad	GSE89408	OA_tissue_7	synovium	OA	S1	ECM_fibrotic_high	mural_smooth_muscle	0.080259917472099	407	1.276521590891206
GSE220243_broad	GSE89408	OA_tissue_7	synovium	OA	S1	ECM_fibrotic_high	outer_fibrous_like	0.1678021752894306	407	1.276521590891206
GSE220243_broad	GSE89408	OA_tissue_7	synovium	OA	S1	ECM_fibrotic_high	t_nk	0.27834661622338036	407	1.276521590891206
GSE220243_broad	GSE89408	OA_tissue_8	synovium	OA	S1	ECM_fibrotic_high	endothelial	0.19441705713670973	407	1.17673123024731
GSE220243_broad	GSE89408	OA_tissue_8	synovium	OA	S1	ECM_fibrotic_high	fibrochondrocyte_core	0.055039724569989706	407	1.17673123024731
GSE220243_broad	GSE89408	OA_tissue_8	synovium	OA	S1	ECM_fibrotic_high	immune_myeloid	0.18170320074622032	407	1.17673123024731
GSE220243_broad	GSE89408	OA_tissue_8	synovium	OA	S1	ECM_fibrotic_high	inflammatory_like	0.0272180699700693	407	1.17673123024731
GSE220243_broad	GSE89408	OA_tissue_8	synovium	OA	S1	ECM_fibrotic_high	mural_smooth_muscle	0.12742729118194512	407	1.17673123024731
GSE220243_broad	GSE89408	OA_tissue_8	synovium	OA	S1	ECM_fibrotic_high	outer_fibrous_like	0.19331128165272507	407	1.17673123024731
GSE220243_broad	GSE89408	OA_tissue_8	synovium	OA	S1	ECM_fibrotic_high	t_nk	0.22088337474234085	407	1.17673123024731
GSE220243_broad	GSE89408	OA_tissue_9	synovium	OA	S2	mixed_low	endothelial	0.21268774429974735	407	1.2678224952224586
GSE220243_broad	GSE89408	OA_tissue_9	synovium	OA	S2	mixed_low	fibrochondrocyte_core	0.02654483689792693	407	1.2678224952224586
GSE220243_broad	GSE89408	OA_tissue_9	synovium	OA	S2	mixed_low	immune_myeloid	0.1570754486376361	407	1.2678224952224586
GSE220243_broad	GSE89408	OA_tissue_9	synovium	OA	S2	mixed_low	inflammatory_like	0.08878353311783713	407	1.2678224952224586
GSE220243_broad	GSE89408	OA_tissue_9	synovium	OA	S2	mixed_low	mural_smooth_muscle	0.13330828878428788	407	1.2678224952224586
GSE220243_broad	GSE89408	OA_tissue_9	synovium	OA	S2	mixed_low	outer_fibrous_like	0.14918321483175528	407	1.2678224952224586
GSE220243_broad	GSE89408	OA_tissue_9	synovium	OA	S2	mixed_low	t_nk	0.23241693343080935	407	1.2678224952224586
GSE220243_broad	GSE89408	OA_tissue_10	synovium	OA	S2	mixed_low	endothelial	0.2168071699848019	407	1.095084441419187
GSE220243_broad	GSE89408	OA_tissue_10	synovium	OA	S2	mixed_low	fibrochondrocyte_core	0.07129481009272251	407	1.095084441419187
GSE220243_broad	GSE89408	OA_tissue_10	synovium	OA	S2	mixed_low	immune_myeloid	0.1830343436728526	407	1.095084441419187
GSE220243_broad	GSE89408	OA_tissue_10	synovium	OA	S2	mixed_low	inflammatory_like	0.023470480140197637	407	1.095084441419187
GSE220243_broad	GSE89408	OA_tissue_10	synovium	OA	S2	mixed_low	mural_smooth_muscle	0.12093844170648428	407	1.095084441419187
GSE220243_broad	GSE89408	OA_tissue_10	synovium	OA	S2	mixed_low	outer_fibrous_like	0.16235819372284171	407	1.095084441419187
GSE220243_broad	GSE89408	OA_tissue_10	synovium	OA	S2	mixed_low	t_nk	0.22209656068009936	407	1.095084441419187
GSE220243_broad	GSE89408	OA_tissue_11	synovium	OA	S2	mixed_low	endothelial	0.19421290816573877	407	1.1795774521660223
GSE220243_broad	GSE89408	OA_tissue_11	synovium	OA	S2	mixed_low	fibrochondrocyte_core	0.024579211993472246	407	1.1795774521660223
GSE220243_broad	GSE89408	OA_tissue_11	synovium	OA	S2	mixed_low	immune_myeloid	0.16001101075670834	407	1.1795774521660223
GSE220243_broad	GSE89408	OA_tissue_11	synovium	OA	S2	mixed_low	inflammatory_like	0.06591862534884874	407	1.1795774521660223
GSE220243_broad	GSE89408	OA_tissue_11	synovium	OA	S2	mixed_low	mural_smooth_muscle	0.12241479473657436	407	1.1795774521660223
GSE220243_broad	GSE89408	OA_tissue_11	synovium	OA	S2	mixed_low	outer_fibrous_like	0.1699279701870996	407	1.1795774521660223
GSE220243_broad	GSE89408	OA_tissue_11	synovium	OA	S2	mixed_low	t_nk	0.2629354788115579	407	1.1795774521660223
GSE220243_broad	GSE89408	OA_tissue_12	synovium	OA	S2	mixed_low	endothelial	0.23208080079017732	407	1.1587621465745472
GSE220243_broad	GSE89408	OA_tissue_12	synovium	OA	S2	mixed_low	fibrochondrocyte_core	0.09843515202116374	407	1.1587621465745472
GSE220243_broad	GSE89408	OA_tissue_12	synovium	OA	S2	mixed_low	immune_myeloid	0.16711994893430757	407	1.1587621465745472
GSE220243_broad	GSE89408	OA_tissue_12	synovium	OA	S2	mixed_low	inflammatory_like	0.0	407	1.1587621465745472
GSE220243_broad	GSE89408	OA_tissue_12	synovium	OA	S2	mixed_low	mural_smooth_muscle	0.18077472580414633	407	1.1587621465745472
GSE220243_broad	GSE89408	OA_tissue_12	synovium	OA	S2	mixed_low	outer_fibrous_like	0.14984855054541665	407	1.1587621465745472
GSE220243_broad	GSE89408	OA_tissue_12	synovium	OA	S2	mixed_low	t_nk	0.17174082190478848	407	1.1587621465745472
GSE220243_broad	GSE89408	OA_tissue_13	synovium	OA	S1	ECM_fibrotic_high	endothelial	0.1969601803753783	407	1.254052697097379
GSE220243_broad	GSE89408	OA_tissue_13	synovium	OA	S1	ECM_fibrotic_high	fibrochondrocyte_core	0.03112268721116962	407	1.254052697097379
GSE220243_broad	GSE89408	OA_tissue_13	synovium	OA	S1	ECM_fibrotic_high	immune_myeloid	0.18031668085006275	407	1.254052697097379
GSE220243_broad	GSE89408	OA_tissue_13	synovium	OA	S1	ECM_fibrotic_high	inflammatory_like	0.05524112278752252	407	1.254052697097379
GSE220243_broad	GSE89408	OA_tissue_13	synovium	OA	S1	ECM_fibrotic_high	mural_smooth_muscle	0.09707016947087235	407	1.254052697097379
GSE220243_broad	GSE89408	OA_tissue_13	synovium	OA	S1	ECM_fibrotic_high	outer_fibrous_like	0.17081037208218733	407	1.254052697097379
GSE220243_broad	GSE89408	OA_tissue_13	synovium	OA	S1	ECM_fibrotic_high	t_nk	0.2684787872228072	407	1.254052697097379
GSE220243_broad	GSE89408	OA_tissue_14	synovium	OA	S1	ECM_fibrotic_high	endothelial	0.19398453318816405	407	1.2358296368669248
GSE220243_broad	GSE89408	OA_tissue_14	synovium	OA	S1	ECM_fibrotic_high	fibrochondrocyte_core	0.0	407	1.2358296368669248
GSE220243_broad	GSE89408	OA_tissue_14	synovium	OA	S1	ECM_fibrotic_high	immune_myeloid	0.19663767580425792	407	1.2358296368669248
GSE220243_broad	GSE89408	OA_tissue_14	synovium	OA	S1	ECM_fibrotic_high	inflammatory_like	0.08431594118519392	407	1.2358296368669248
GSE220243_broad	GSE89408	OA_tissue_14	synovium	OA	S1	ECM_fibrotic_high	mural_smooth_muscle	0.09432289050662133	407	1.2358296368669248
GSE220243_broad	GSE89408	OA_tissue_14	synovium	OA	S1	ECM_fibrotic_high	outer_fibrous_like	0.20144791178261134	407	1.2358296368669248
GSE220243_broad	GSE89408	OA_tissue_14	synovium	OA	S1	ECM_fibrotic_high	t_nk	0.2292910475331515	407	1.2358296368669248
GSE220243_broad	GSE89408	OA_tissue_15	synovium	OA	S1	ECM_fibrotic_high	endothelial	0.1946217958854796	407	1.247218095049096
GSE220243_broad	GSE89408	OA_tissue_15	synovium	OA	S1	ECM_fibrotic_high	fibrochondrocyte_core	0.033769537625654204	407	1.247218095049096
GSE220243_broad	GSE89408	OA_tissue_15	synovium	OA	S1	ECM_fibrotic_high	immune_myeloid	0.19251968440779285	407	1.247218095049096
GSE220243_broad	GSE89408	OA_tissue_15	synovium	OA	S1	ECM_fibrotic_high	inflammatory_like	0.04796606247043	407	1.247218095049096
GSE220243_broad	GSE89408	OA_tissue_15	synovium	OA	S1	ECM_fibrotic_high	mural_smooth_muscle	0.11029803844788841	407	1.247218095049096
GSE220243_broad	GSE89408	OA_tissue_15	synovium	OA	S1	ECM_fibrotic_high	outer_fibrous_like	0.15763164939949156	407	1.247218095049096
GSE220243_broad	GSE89408	OA_tissue_15	synovium	OA	S1	ECM_fibrotic_high	t_nk	0.26319323176326337	407	1.247218095049096
GSE220243_broad	GSE89408	OA_tissue_16	synovium	OA	S2	mixed_low	endothelial	0.20226708602225824	407	1.2739727946304713
GSE220243_broad	GSE89408	OA_tissue_16	synovium	OA	S2	mixed_low	fibrochondrocyte_core	0.0	407	1.2739727946304713
GSE220243_broad	GSE89408	OA_tissue_16	synovium	OA	S2	mixed_low	immune_myeloid	0.170542737993892	407	1.2739727946304713
GSE220243_broad	GSE89408	OA_tissue_16	synovium	OA	S2	mixed_low	inflammatory_like	0.10551350223467487	407	1.2739727946304713
GSE220243_broad	GSE89408	OA_tissue_16	synovium	OA	S2	mixed_low	mural_smooth_muscle	0.0796231764424763	407	1.2739727946304713
GSE220243_broad	GSE89408	OA_tissue_16	synovium	OA	S2	mixed_low	outer_fibrous_like	0.15965710530104765	407	1.2739727946304713
GSE220243_broad	GSE89408	OA_tissue_16	synovium	OA	S2	mixed_low	t_nk	0.2823963920056509	407	1.2739727946304713
GSE220243_broad	GSE89408	OA_tissue_17	synovium	OA	S1	ECM_fibrotic_high	endothelial	0.14315636896685402	407	1.2374486291445752
GSE220243_broad	GSE89408	OA_tissue_17	synovium	OA	S1	ECM_fibrotic_high	fibrochondrocyte_core	0.030540225911662153	407	1.2374486291445752
GSE220243_broad	GSE89408	OA_tissue_17	synovium	OA	S1	ECM_fibrotic_high	immune_myeloid	0.20478943581903003	407	1.2374486291445752
GSE220243_broad	GSE89408	OA_tissue_17	synovium	OA	S1	ECM_fibrotic_high	inflammatory_like	0.09211565934190052	407	1.2374486291445752
GSE220243_broad	GSE89408	OA_tissue_17	synovium	OA	S1	ECM_fibrotic_high	mural_smooth_muscle	0.07143732265953943	407	1.2374486291445752
GSE220243_broad	GSE89408	OA_tissue_17	synovium	OA	S1	ECM_fibrotic_high	outer_fibrous_like	0.1757229659626757	407	1.2374486291445752
GSE220243_broad	GSE89408	OA_tissue_17	synovium	OA	S1	ECM_fibrotic_high	t_nk	0.282238021338338	407	1.2374486291445752
GSE220243_broad	GSE89408	OA_tissue_18	synovium	OA	S1	ECM_fibrotic_high	endothelial	0.15415696525059103	407	1.1916046017626378
GSE220243_broad	GSE89408	OA_tissue_18	synovium	OA	S1	ECM_fibrotic_high	fibrochondrocyte_core	0.0	407	1.1916046017626378
GSE220243_broad	GSE89408	OA_tissue_18	synovium	OA	S1	ECM_fibrotic_high	immune_myeloid	0.22477670902821267	407	1.1916046017626378
GSE220243_broad	GSE89408	OA_tissue_18	synovium	OA	S1	ECM_fibrotic_high	inflammatory_like	0.10604631085983754	407	1.1916046017626378
GSE220243_broad	GSE89408	OA_tissue_18	synovium	OA	S1	ECM_fibrotic_high	mural_smooth_muscle	0.0487184073842149	407	1.1916046017626378
GSE220243_broad	GSE89408	OA_tissue_18	synovium	OA	S1	ECM_fibrotic_high	outer_fibrous_like	0.1982569706760809	407	1.1916046017626378
GSE220243_broad	GSE89408	OA_tissue_18	synovium	OA	S1	ECM_fibrotic_high	t_nk	0.26804463680106316	407	1.1916046017626378
GSE220243_broad	GSE89408	OA_tissue_19	synovium	OA	S1	ECM_fibrotic_high	endothelial	0.19228384212581062	407	1.3175004286364338
GSE220243_broad	GSE89408	OA_tissue_19	synovium	OA	S1	ECM_fibrotic_high	fibrochondrocyte_core	0.007860319417785245	407	1.3175004286364338
GSE220243_broad	GSE89408	OA_tissue_19	synovium	OA	S1	ECM_fibrotic_high	immune_myeloid	0.19097255652532785	407	1.3175004286364338
GSE220243_broad	GSE89408	OA_tissue_19	synovium	OA	S1	ECM_fibrotic_high	inflammatory_like	0.09676862712344607	407	1.3175004286364338
GSE220243_broad	GSE89408	OA_tissue_19	synovium	OA	S1	ECM_fibrotic_high	mural_smooth_muscle	0.08384321506208453	407	1.3175004286364338
GSE220243_broad	GSE89408	OA_tissue_19	synovium	OA	S1	ECM_fibrotic_high	outer_fibrous_like	0.15341519654534708	407	1.3175004286364338
GSE220243_broad	GSE89408	OA_tissue_19	synovium	OA	S1	ECM_fibrotic_high	t_nk	0.2748562432001986	407	1.3175004286364338
GSE220243_broad	GSE89408	OA_tissue_20	synovium	OA	S2	mixed_low	endothelial	0.1877190593664268	407	1.2506920150551453
GSE220243_broad	GSE89408	OA_tissue_20	synovium	OA	S2	mixed_low	fibrochondrocyte_core	0.010400866040665554	407	1.2506920150551453
GSE220243_broad	GSE89408	OA_tissue_20	synovium	OA	S2	mixed_low	immune_myeloid	0.19575031508060872	407	1.2506920150551453
GSE220243_broad	GSE89408	OA_tissue_20	synovium	OA	S2	mixed_low	inflammatory_like	0.115024625770596	407	1.2506920150551453
GSE220243_broad	GSE89408	OA_tissue_20	synovium	OA	S2	mixed_low	mural_smooth_muscle	0.08196118822854248	407	1.2506920150551453
GSE220243_broad	GSE89408	OA_tissue_20	synovium	OA	S2	mixed_low	outer_fibrous_like	0.15329755935462894	407	1.2506920150551453
GSE220243_broad	GSE89408	OA_tissue_20	synovium	OA	S2	mixed_low	t_nk	0.2558463861585315	407	1.2506920150551453
GSE220243_broad	GSE89408	OA_tissue_21	synovium	OA	S2	mixed_low	endothelial	0.16067494429202173	407	1.1706156097225808
GSE220243_broad	GSE89408	OA_tissue_21	synovium	OA	S2	mixed_low	fibrochondrocyte_core	0.0	407	1.1706156097225808
GSE220243_broad	GSE89408	OA_tissue_21	synovium	OA	S2	mixed_low	immune_myeloid	0.23164738167040252	407	1.1706156097225808
GSE220243_broad	GSE89408	OA_tissue_21	synovium	OA	S2	mixed_low	inflammatory_like	0.11487912816803898	407	1.1706156097225808
GSE220243_broad	GSE89408	OA_tissue_21	synovium	OA	S2	mixed_low	mural_smooth_muscle	0.05548501835890922	407	1.1706156097225808
GSE220243_broad	GSE89408	OA_tissue_21	synovium	OA	S2	mixed_low	outer_fibrous_like	0.165071042943892	407	1.1706156097225808
GSE220243_broad	GSE89408	OA_tissue_21	synovium	OA	S2	mixed_low	t_nk	0.2722424845667355	407	1.1706156097225808
GSE220243_broad	GSE89408	OA_tissue_22	synovium	OA	S1	ECM_fibrotic_high	endothelial	0.19346445966834042	407	1.2363936740799384
GSE220243_broad	GSE89408	OA_tissue_22	synovium	OA	S1	ECM_fibrotic_high	fibrochondrocyte_core	0.004430470165649996	407	1.2363936740799384
GSE220243_broad	GSE89408	OA_tissue_22	synovium	OA	S1	ECM_fibrotic_high	immune_myeloid	0.19209249003541712	407	1.2363936740799384
GSE220243_broad	GSE89408	OA_tissue_22	synovium	OA	S1	ECM_fibrotic_high	inflammatory_like	0.10679904465653416	407	1.2363936740799384
GSE220243_broad	GSE89408	OA_tissue_22	synovium	OA	S1	ECM_fibrotic_high	mural_smooth_muscle	0.08734901508361795	407	1.2363936740799384
GSE220243_broad	GSE89408	OA_tissue_22	synovium	OA	S1	ECM_fibrotic_high	outer_fibrous_like	0.17030421166820012	407	1.2363936740799384
GSE220243_broad	GSE89408	OA_tissue_22	synovium	OA	S1	ECM_fibrotic_high	t_nk	0.24556030872224038	407	1.2363936740799384
GSE220243_broad	GSE169077	GSM5176143	cartilage	OA	S1	ECM_fibrotic_high	endothelial	0.14567688644618454	372	1.0694449258274674
GSE220243_broad	GSE169077	GSM5176143	cartilage	OA	S1	ECM_fibrotic_high	fibrochondrocyte_core	0.09141066739519196	372	1.0694449258274674
GSE220243_broad	GSE169077	GSM5176143	cartilage	OA	S1	ECM_fibrotic_high	immune_myeloid	0.15061279602340194	372	1.0694449258274674
GSE220243_broad	GSE169077	GSM5176143	cartilage	OA	S1	ECM_fibrotic_high	inflammatory_like	0.14113637051642733	372	1.0694449258274674
GSE220243_broad	GSE169077	GSM5176143	cartilage	OA	S1	ECM_fibrotic_high	mural_smooth_muscle	0.08424563184589955	372	1.0694449258274674
GSE220243_broad	GSE169077	GSM5176143	cartilage	OA	S1	ECM_fibrotic_high	outer_fibrous_like	0.113214419494145	372	1.0694449258274674
GSE220243_broad	GSE169077	GSM5176143	cartilage	OA	S1	ECM_fibrotic_high	t_nk	0.2737032282787497	372	1.0694449258274674
GSE220243_broad	GSE169077	GSM5176144	cartilage	OA	S1	ECM_fibrotic_high	endothelial	0.15717613829850705	372	1.046365632660406
GSE220243_broad	GSE169077	GSM5176144	cartilage	OA	S1	ECM_fibrotic_high	fibrochondrocyte_core	0.09934000710031356	372	1.046365632660406
GSE220243_broad	GSE169077	GSM5176144	cartilage	OA	S1	ECM_fibrotic_high	immune_myeloid	0.14867138595418336	372	1.046365632660406
GSE220243_broad	GSE169077	GSM5176144	cartilage	OA	S1	ECM_fibrotic_high	inflammatory_like	0.13402897572748482	372	1.046365632660406
GSE220243_broad	GSE169077	GSM5176144	cartilage	OA	S1	ECM_fibrotic_high	mural_smooth_muscle	0.07513279137056218	372	1.046365632660406
GSE220243_broad	GSE169077	GSM5176144	cartilage	OA	S1	ECM_fibrotic_high	outer_fibrous_like	0.11856921113289427	372	1.046365632660406
GSE220243_broad	GSE169077	GSM5176144	cartilage	OA	S1	ECM_fibrotic_high	t_nk	0.2670814904160549	372	1.046365632660406
GSE220243_broad	GSE169077	GSM5176145	cartilage	OA	S1	ECM_fibrotic_high	endothelial	0.16350489138070326	372	1.1689940605358682
GSE220243_broad	GSE169077	GSM5176145	cartilage	OA	S1	ECM_fibrotic_high	fibrochondrocyte_core	0.0823945730417865	372	1.1689940605358682
GSE220243_broad	GSE169077	GSM5176145	cartilage	OA	S1	ECM_fibrotic_high	immune_myeloid	0.14274969092079823	372	1.1689940605358682
GSE220243_broad	GSE169077	GSM5176145	cartilage	OA	S1	ECM_fibrotic_high	inflammatory_like	0.1352271657299272	372	1.1689940605358682
GSE220243_broad	GSE169077	GSM5176145	cartilage	OA	S1	ECM_fibrotic_high	mural_smooth_muscle	0.08817307156361326	372	1.1689940605358682
GSE220243_broad	GSE169077	GSM5176145	cartilage	OA	S1	ECM_fibrotic_high	outer_fibrous_like	0.11457637542729522	372	1.1689940605358682
GSE220243_broad	GSE169077	GSM5176145	cartilage	OA	S1	ECM_fibrotic_high	t_nk	0.2733742319358764	372	1.1689940605358682
GSE220243_broad	GSE169077	GSM5176146	cartilage	OA	S1	ECM_fibrotic_high	endothelial	0.1440730678479312	372	0.9960130459193267
GSE220243_broad	GSE169077	GSM5176146	cartilage	OA	S1	ECM_fibrotic_high	fibrochondrocyte_core	0.10975185008162415	372	0.9960130459193267
GSE220243_broad	GSE169077	GSM5176146	cartilage	OA	S1	ECM_fibrotic_high	immune_myeloid	0.146285268454804	372	0.9960130459193267
GSE220243_broad	GSE169077	GSM5176146	cartilage	OA	S1	ECM_fibrotic_high	inflammatory_like	0.15469643851485287	372	0.9960130459193267
GSE220243_broad	GSE169077	GSM5176146	cartilage	OA	S1	ECM_fibrotic_high	mural_smooth_muscle	0.0823109825448961	372	0.9960130459193267
GSE220243_broad	GSE169077	GSM5176146	cartilage	OA	S1	ECM_fibrotic_high	outer_fibrous_like	0.10823825419959816	372	0.9960130459193267
GSE220243_broad	GSE169077	GSM5176146	cartilage	OA	S1	ECM_fibrotic_high	t_nk	0.2546441383562937	372	0.9960130459193267
GSE220243_broad	GSE169077	GSM5176147	cartilage	OA	S1	ECM_fibrotic_high	endothelial	0.14971817921085553	372	1.0196496715502057
GSE220243_broad	GSE169077	GSM5176147	cartilage	OA	S1	ECM_fibrotic_high	fibrochondrocyte_core	0.10723141346555384	372	1.0196496715502057
GSE220243_broad	GSE169077	GSM5176147	cartilage	OA	S1	ECM_fibrotic_high	immune_myeloid	0.14414107607716756	372	1.0196496715502057
GSE220243_broad	GSE169077	GSM5176147	cartilage	OA	S1	ECM_fibrotic_high	inflammatory_like	0.1430019417065117	372	1.0196496715502057
GSE220243_broad	GSE169077	GSM5176147	cartilage	OA	S1	ECM_fibrotic_high	mural_smooth_muscle	0.08500539484871508	372	1.0196496715502057
GSE220243_broad	GSE169077	GSM5176147	cartilage	OA	S1	ECM_fibrotic_high	outer_fibrous_like	0.11710702482287899	372	1.0196496715502057
GSE220243_broad	GSE169077	GSM5176147	cartilage	OA	S1	ECM_fibrotic_high	t_nk	0.2537949698683173	372	1.0196496715502057
GSE220243_broad	GSE169077	GSM5176148	cartilage	OA	S2	mixed_low	endothelial	0.13935927340691664	372	0.9185806013927197
GSE220243_broad	GSE169077	GSM5176148	cartilage	OA	S2	mixed_low	fibrochondrocyte_core	0.13036881304820458	372	0.9185806013927197
GSE220243_broad	GSE169077	GSM5176148	cartilage	OA	S2	mixed_low	immune_myeloid	0.13635610159936112	372	0.9185806013927197
GSE220243_broad	GSE169077	GSM5176148	cartilage	OA	S2	mixed_low	inflammatory_like	0.1539394492606971	372	0.9185806013927197
GSE220243_broad	GSE169077	GSM5176148	cartilage	OA	S2	mixed_low	mural_smooth_muscle	0.07441177476568389	372	0.9185806013927197
GSE220243_broad	GSE169077	GSM5176148	cartilage	OA	S2	mixed_low	outer_fibrous_like	0.12018276415241394	372	0.9185806013927197
GSE220243_broad	GSE169077	GSM5176148	cartilage	OA	S2	mixed_low	t_nk	0.24538182376672268	372	0.9185806013927197
HRA001986_chondrocyte	GSE169077	GSM5176143	cartilage	OA	S1	ECM_fibrotic_high	Ch_1_CHAD	0.12814149119252202	351	1.1970374267831139
HRA001986_chondrocyte	GSE169077	GSM5176143	cartilage	OA	S1	ECM_fibrotic_high	Ch_2_FNDC1	0.0	351	1.1970374267831139
HRA001986_chondrocyte	GSE169077	GSM5176143	cartilage	OA	S1	ECM_fibrotic_high	Ch_3_PRG4	0.1545104063373707	351	1.1970374267831139
HRA001986_chondrocyte	GSE169077	GSM5176143	cartilage	OA	S1	ECM_fibrotic_high	Ch_4_CFD	0.1268954028757966	351	1.1970374267831139
HRA001986_chondrocyte	GSE169077	GSM5176143	cartilage	OA	S1	ECM_fibrotic_high	Ch_5_cycling	0.28078198461101544	351	1.1970374267831139
HRA001986_chondrocyte	GSE169077	GSM5176143	cartilage	OA	S1	ECM_fibrotic_high	PCL_1	0.23278160987260987	351	1.1970374267831139
HRA001986_chondrocyte	GSE169077	GSM5176143	cartilage	OA	S1	ECM_fibrotic_high	PCL_2	0.07688910511068532	351	1.1970374267831139
HRA001986_chondrocyte	GSE169077	GSM5176144	cartilage	OA	S1	ECM_fibrotic_high	Ch_1_CHAD	0.13438431710609108	351	1.1818053329120912
HRA001986_chondrocyte	GSE169077	GSM5176144	cartilage	OA	S1	ECM_fibrotic_high	Ch_2_FNDC1	0.0	351	1.1818053329120912
HRA001986_chondrocyte	GSE169077	GSM5176144	cartilage	OA	S1	ECM_fibrotic_high	Ch_3_PRG4	0.14793959945960822	351	1.1818053329120912
HRA001986_chondrocyte	GSE169077	GSM5176144	cartilage	OA	S1	ECM_fibrotic_high	Ch_4_CFD	0.13897261220700738	351	1.1818053329120912
HRA001986_chondrocyte	GSE169077	GSM5176144	cartilage	OA	S1	ECM_fibrotic_high	Ch_5_cycling	0.2765995636362892	351	1.1818053329120912
HRA001986_chondrocyte	GSE169077	GSM5176144	cartilage	OA	S1	ECM_fibrotic_high	PCL_1	0.23171208723651054	351	1.1818053329120912
HRA001986_chondrocyte	GSE169077	GSM5176144	cartilage	OA	S1	ECM_fibrotic_high	PCL_2	0.07039182035449348	351	1.1818053329120912
HRA001986_chondrocyte	GSE169077	GSM5176145	cartilage	OA	S1	ECM_fibrotic_high	Ch_1_CHAD	0.10855417352114943	351	1.3271795889536269
HRA001986_chondrocyte	GSE169077	GSM5176145	cartilage	OA	S1	ECM_fibrotic_high	Ch_2_FNDC1	0.0	351	1.3271795889536269
HRA001986_chondrocyte	GSE169077	GSM5176145	cartilage	OA	S1	ECM_fibrotic_high	Ch_3_PRG4	0.15545740656568113	351	1.3271795889536269
HRA001986_chondrocyte	GSE169077	GSM5176145	cartilage	OA	S1	ECM_fibrotic_high	Ch_4_CFD	0.13881488405391748	351	1.3271795889536269
HRA001986_chondrocyte	GSE169077	GSM5176145	cartilage	OA	S1	ECM_fibrotic_high	Ch_5_cycling	0.2800823625111572	351	1.3271795889536269
HRA001986_chondrocyte	GSE169077	GSM5176145	cartilage	OA	S1	ECM_fibrotic_high	PCL_1	0.22944860431304817	351	1.3271795889536269
HRA001986_chondrocyte	GSE169077	GSM5176145	cartilage	OA	S1	ECM_fibrotic_high	PCL_2	0.08764256903504662	351	1.3271795889536269
HRA001986_chondrocyte	GSE169077	GSM5176146	cartilage	OA	S1	ECM_fibrotic_high	Ch_1_CHAD	0.15740923073508614	351	1.1410114435676233
HRA001986_chondrocyte	GSE169077	GSM5176146	cartilage	OA	S1	ECM_fibrotic_high	Ch_2_FNDC1	0.0	351	1.1410114435676233
HRA001986_chondrocyte	GSE169077	GSM5176146	cartilage	OA	S1	ECM_fibrotic_high	Ch_3_PRG4	0.15024915425066765	351	1.1410114435676233
HRA001986_chondrocyte	GSE169077	GSM5176146	cartilage	OA	S1	ECM_fibrotic_high	Ch_4_CFD	0.12245417582492372	351	1.1410114435676233
HRA001986_chondrocyte	GSE169077	GSM5176146	cartilage	OA	S1	ECM_fibrotic_high	Ch_5_cycling	0.2685514825054599	351	1.1410114435676233
HRA001986_chondrocyte	GSE169077	GSM5176146	cartilage	OA	S1	ECM_fibrotic_high	PCL_1	0.22695288908534825	351	1.1410114435676233
HRA001986_chondrocyte	GSE169077	GSM5176146	cartilage	OA	S1	ECM_fibrotic_high	PCL_2	0.07438306759851418	351	1.1410114435676233
HRA001986_chondrocyte	GSE169077	GSM5176147	cartilage	OA	S1	ECM_fibrotic_high	Ch_1_CHAD	0.13889548809291408	351	1.1785418052020402
HRA001986_chondrocyte	GSE169077	GSM5176147	cartilage	OA	S1	ECM_fibrotic_high	Ch_2_FNDC1	0.0	351	1.1785418052020402
HRA001986_chondrocyte	GSE169077	GSM5176147	cartilage	OA	S1	ECM_fibrotic_high	Ch_3_PRG4	0.1539987988853186	351	1.1785418052020402
HRA001986_chondrocyte	GSE169077	GSM5176147	cartilage	OA	S1	ECM_fibrotic_high	Ch_4_CFD	0.12775645527268484	351	1.1785418052020402
HRA001986_chondrocyte	GSE169077	GSM5176147	cartilage	OA	S1	ECM_fibrotic_high	Ch_5_cycling	0.2725337557042983	351	1.1785418052020402
HRA001986_chondrocyte	GSE169077	GSM5176147	cartilage	OA	S1	ECM_fibrotic_high	PCL_1	0.24327841165192576	351	1.1785418052020402
HRA001986_chondrocyte	GSE169077	GSM5176147	cartilage	OA	S1	ECM_fibrotic_high	PCL_2	0.06353709039285842	351	1.1785418052020402
HRA001986_chondrocyte	GSE169077	GSM5176148	cartilage	OA	S2	mixed_low	Ch_1_CHAD	0.1692406610230379	351	1.0489138599783678
HRA001986_chondrocyte	GSE169077	GSM5176148	cartilage	OA	S2	mixed_low	Ch_2_FNDC1	0.0	351	1.0489138599783678
HRA001986_chondrocyte	GSE169077	GSM5176148	cartilage	OA	S2	mixed_low	Ch_3_PRG4	0.15575874143660537	351	1.0489138599783678
HRA001986_chondrocyte	GSE169077	GSM5176148	cartilage	OA	S2	mixed_low	Ch_4_CFD	0.13196784672406106	351	1.0489138599783678
HRA001986_chondrocyte	GSE169077	GSM5176148	cartilage	OA	S2	mixed_low	Ch_5_cycling	0.26395667586893584	351	1.0489138599783678
HRA001986_chondrocyte	GSE169077	GSM5176148	cartilage	OA	S2	mixed_low	PCL_1	0.2083170750635836	351	1.0489138599783678
HRA001986_chondrocyte	GSE169077	GSM5176148	cartilage	OA	S2	mixed_low	PCL_2	0.07075899988377618	351	1.0489138599783678
