dataset_id	tissue	axis	contrast	group_a	group_b	n_group_a	n_group_b	mean_delta_group_a_minus_group_b	p_value	fdr_bh	n_present_genes	smd_hedges_g	se_smd	ci95_low	ci95_high	direction
GSE114007	cartilage	MSP_paracrine_K12P8	OA_vs_normal	OA	normal	20	18	-0.5534064297483825	6.276668955151854e-06	9.88575360436417e-05	20	-1.9498198076099789	0.3979425782514255	-2.7297872609827727	-1.169852354237185	negative
GSE114007	cartilage	MSP_angiogenic_K14P9	OA_vs_normal	OA	normal	20	18	-0.6313646763824291	6.208592851368702e-07	2.371331272593756e-05	19	-2.3666380416006345	0.42819024231109537	-3.2058909165303815	-1.5273851666708875	negative
GSE114007	cartilage	MSP_inflammatory_K14P10	OA_vs_normal	OA	normal	20	18	-0.8258550604515467	2.3947597062215867e-05	0.0003017397229839	20	-1.8095805610840954	0.38863332130852807	-2.5713018708488105	-1.0478592513193803	negative
GSE114007	cartilage	Fibrocartilage_matrix_K14P4	OA_vs_normal	OA	normal	20	18	0.7199477293363408	0.0010055560831511	0.0045358930816953	20	1.0483808984706655	0.34759296335013745	0.3670986903043961	1.7296631066369348	positive
GSE114007	cartilage	Fibrotic_remodeling_K14P7	OA_vs_normal	OA	normal	20	18	1.1780094083682764	9.735674906890938e-07	2.371331272593756e-05	20	2.2167270055995587	0.41689791278618504	1.399607096538636	3.033846914660481	positive
GSE114007	cartilage	Generic_stress_K14P1	OA_vs_normal	OA	normal	20	18	-0.6623376667444753	0.0016734514551653	0.0067183568901209	19	-1.1839579746247195	0.3535878895471525	-1.8769902381371384	-0.49092571111230066	negative
GSE114007	cartilage	MSP_paracrine_consensus_K12P8_K14P9	OA_vs_normal	OA	normal	20	18	-0.6586782099355881	1.1292053679017886e-06	2.371331272593756e-05	28	-2.5815070821705777	0.4450995334269636	-3.4539021676874264	-1.709111996653729	negative
GSE143514	cartilage	MSP_paracrine_K12P8	OA_vs_normal	OA	normal	5	3	-0.923266002064693	0.3928571428571428	0.5625	20	-1.478711610598878	0.8459012958239636	-3.1366781504138466	0.17925492921609054	negative
GSE143514	cartilage	MSP_angiogenic_K14P9	OA_vs_normal	OA	normal	5	3	-0.7225027478461918	0.5714285714285714	0.7206217529856923	19	-0.9515728703134477	0.7802505434963702	-2.4808639355663336	0.577718194939438	negative
GSE143514	cartilage	MSP_inflammatory_K14P10	OA_vs_normal	OA	normal	5	3	-0.8922940985141852	0.0357142857142857	0.0661764705882353	20	-2.1124614006397517	0.9514240716417707	-3.9772525810576225	-0.24767022022188123	negative
GSE143514	cartilage	Fibrocartilage_matrix_K14P4	OA_vs_normal	OA	normal	5	3	0.4457064822908458	0.5714285714285714	0.7206217529856923	20	0.9124222469180479	0.7763436930397397	-0.609211391439842	2.4340558852759377	positive
GSE143514	cartilage	Fibrotic_remodeling_K14P7	OA_vs_normal	OA	normal	5	3	-0.3780447626258335	0.5714285714285714	0.7206217529856923	20	-0.3674740264426581	0.7379609949104119	-1.8138775764670654	1.078929523581749	negative
GSE143514	cartilage	Generic_stress_K14P1	OA_vs_normal	OA	normal	5	3	-0.7843865714725768	0.0714285714285714	0.125	19	-1.8901453278478708	0.9116216942160975	-3.676923848511422	-0.10336680718431968	negative
GSE143514	cartilage	MSP_paracrine_consensus_K12P8_K14P9	OA_vs_normal	OA	normal	5	3	-0.8217051081036123	0.3928571428571428	0.5625	28	-1.2714373217927994	0.8173408541956678	-2.8734253960163083	0.3305507524307094	negative
GSE169077	cartilage	MSP_paracrine_K12P8	OA_vs_normal	OA	normal	6	5	0.0390838190735964	0.6623376623376623	0.7854545454545455	17	0.05259054691075514	0.6056569328526382	-1.1344970414804159	1.239678135301926	positive
GSE169077	cartilage	MSP_angiogenic_K14P9	OA_vs_normal	OA	normal	6	5	-0.1648626922309712	0.7922077922077921	0.8755980861244018	19	-0.22309311950746671	0.6078089310507763	-1.4143986243669882	0.9682123853520547	negative
GSE169077	cartilage	MSP_inflammatory_K14P10	OA_vs_normal	OA	normal	6	5	-0.0736073728456993	0.7922077922077921	0.8755980861244018	19	-0.07934342844117138	0.6058187930229816	-1.2667482627662152	1.1080614058838725	negative
GSE169077	cartilage	Fibrocartilage_matrix_K14P4	OA_vs_normal	OA	normal	6	5	0.7413630350339312	0.0303030303030303	0.0580035692280115	15	1.2370347773425727	0.6720720464171063	-0.08022643363495563	2.554295988320101	positive
GSE169077	cartilage	Fibrotic_remodeling_K14P7	OA_vs_normal	OA	normal	6	5	1.2791913332807103	0.0173160173160173	0.0474308300395256	18	1.7431582517884665	0.7317634974186302	0.30890179684795127	3.1774147067289817	positive
GSE169077	cartilage	Generic_stress_K14P1	OA_vs_normal	OA	normal	6	5	-0.6085697513998047	0.0303030303030303	0.0580035692280115	16	-1.5806886670419555	0.7109686921578222	-2.974187303671287	-0.18719003041262394	negative
GSE169077	cartilage	MSP_paracrine_consensus_K12P8_K14P9	OA_vs_normal	OA	normal	6	5	-0.1569301685638034	0.9307359307359306	0.9615116251352904	25	-0.20586392054293437	0.6074710763019141	-1.3965072300946861	0.9847793890088173	negative
GSE185064	meniscus	MSP_paracrine_K12P8	OA_vs_normal	OA	normal	4	4	0.1811524474828664	0.6857142857142857	0.7854545454545455	20	0.5782885063178669	0.7265453413552012	-0.8457403627383275	2.0023173753740613	positive
GSE185064	meniscus	MSP_angiogenic_K14P9	OA_vs_normal	OA	normal	4	4	0.2803160219273624	0.4857142857142857	0.6652173913043479	20	0.5708520053336613	0.7260550950165251	-0.8522159808987279	1.9939199915660506	positive
GSE185064	meniscus	MSP_inflammatory_K14P10	OA_vs_normal	OA	normal	4	4	0.0092608552331201	0.8857142857142857	0.9457627118644067	20	0.021987514062076885	0.707135268222815	-1.3639976116546406	1.4079726397787944	positive
GSE185064	meniscus	Fibrocartilage_matrix_K14P4	OA_vs_normal	OA	normal	4	4	0.1093317600365761	1.0	1.0	19	0.16448608491924852	0.7086992587440307	-1.2245644622190517	1.5535366320575485	positive
GSE185064	meniscus	Fibrotic_remodeling_K14P7	OA_vs_normal	OA	normal	4	4	-0.0563873038329262	0.8857142857142857	0.9457627118644067	20	-0.10504641493410435	0.7077567113358062	-1.4922495691522846	1.2821567392840758	negative
GSE185064	meniscus	Generic_stress_K14P1	OA_vs_normal	OA	normal	4	4	-0.0852379708205471	1.0	1.0	19	-0.15557291528111866	0.7085315172929304	-1.5442946891752622	1.2331488586130248	negative
GSE185064	meniscus	MSP_paracrine_consensus_K12P8_K14P9	OA_vs_normal	OA	normal	4	4	0.1563293023271754	0.6857142857142857	0.7854545454545455	29	0.3889451153358776	0.7159654497450534	-1.014347166164427	1.7922373968361822	positive
GSE191157	meniscus	MSP_paracrine_K12P8	aged_vs_young	aged	young	4	4	0.4410243421136268	0.0571428571428571	0.1028571428571428	19	1.1577991783522426	0.782117794697679	-0.3751516992552082	2.6907500559596933	positive
GSE191157	meniscus	MSP_angiogenic_K14P9	aged_vs_young	aged	young	4	4	0.5357891134914161	0.1142857142857142	0.1846153846153846	20	1.1523494944528325	0.7814468076035682	-0.3792862484501611	2.6839852373558264	positive
GSE191157	meniscus	MSP_inflammatory_K14P10	aged_vs_young	aged	young	4	4	-0.3748008746274615	0.1142857142857142	0.1846153846153846	20	-0.9658039193315225	0.7600864649606281	-2.4555733906543535	0.5239655519913086	negative
GSE191157	meniscus	Fibrocartilage_matrix_K14P4	aged_vs_young	aged	young	4	4	0.6015660951751114	0.1142857142857142	0.1846153846153846	20	1.258970658213573	0.7950370598407513	-0.2993019790742997	2.8172432955014455	positive
GSE191157	meniscus	Fibrotic_remodeling_K14P7	aged_vs_young	aged	young	4	4	-0.9531795809502722	0.0285714285714285	0.0580035692280115	20	-1.991975047696057	0.9114075465383067	-3.778333838911138	-0.2056162564809758	negative
GSE191157	meniscus	Generic_stress_K14P1	aged_vs_young	aged	young	4	4	-0.1095543811980103	0.4857142857142857	0.6652173913043479	20	-0.4506408612764458	0.7189736426469319	-1.8598292008644324	0.9585474783115406	negative
GSE191157	meniscus	MSP_paracrine_consensus_K12P8_K14P9	aged_vs_young	aged	young	4	4	0.326021904233004	0.3428571428571428	0.5142857142857143	28	0.8534384799005262	0.7487966590345095	-0.6142029718071124	2.321079931608165	positive
GSE55235	synovium	MSP_paracrine_K12P8	OA_vs_normal	OA	normal	10	10	-0.6825953402290499	0.0140192771139599	0.0401461117354307	17	-1.173806409369982	0.48813196891249633	-2.130545068438475	-0.21706775030148928	negative
GSE55235	synovium	MSP_angiogenic_K14P9	OA_vs_normal	OA	normal	10	10	-0.8319689789005955	0.0004396387526265	0.0030774712683859	19	-1.4923831553639846	0.5117292980780996	-2.49537257959706	-0.48939373113090934	negative
GSE55235	synovium	MSP_inflammatory_K14P10	OA_vs_normal	OA	normal	10	10	-1.352003861603961	0.0001826717911095	0.0014385403549877	19	-3.011226121960317	0.6722161267358754	-4.328769730362633	-1.6936825135580014	negative
GSE55235	synovium	Fibrocartilage_matrix_K14P4	OA_vs_normal	OA	normal	10	10	0.7668819391483328	0.0010079762403767	0.0045358930816953	15	1.6875406288271608	0.5283042414162498	0.6520643156513113	2.72301694200301	positive
GSE55235	synovium	Fibrotic_remodeling_K14P7	OA_vs_normal	OA	normal	10	10	0.940081671318452	0.0017062493689195	0.0067183568901209	18	2.0227844554914647	0.5600510133852368	0.9250844692564006	3.1204844417265285	positive
GSE55235	synovium	Generic_stress_K14P1	OA_vs_normal	OA	normal	10	10	-1.318278822196447	0.0001826717911095	0.0014385403549877	16	-3.691776623654629	0.7606505738686744	-5.182651748437231	-2.2009014988720272	negative
GSE55235	synovium	MSP_paracrine_consensus_K12P8_K14P9	OA_vs_normal	OA	normal	10	10	-0.7586272854463776	0.0001826717911095	0.0014385403549877	25	-1.3942525433753443	0.5039824775037273	-2.3820581992826497	-0.4064468874680389	negative
GSE55457	synovium	MSP_paracrine_K12P8	OA_vs_normal	OA	normal	10	10	-0.7850299715785132	0.0036105143123296	0.0126368000931536	17	-1.198953191663739	0.48982674816376165	-2.1590136180647117	-0.23889276526276626	negative
GSE55457	synovium	MSP_angiogenic_K14P9	OA_vs_normal	OA	normal	10	10	-0.4234936749896223	0.1404650481583549	0.221232450849409	19	-0.7787558654131035	0.465667403301592	-1.6914639758842238	0.13395224505801684	negative
GSE55457	synovium	MSP_inflammatory_K14P10	OA_vs_normal	OA	normal	10	10	-1.1851659609469114	0.0005828399431792	0.0036718916420294	19	-1.9828669405156703	0.5560715707280347	-3.0727672191426185	-0.8929666618887222	negative
GSE55457	synovium	Fibrocartilage_matrix_K14P4	OA_vs_normal	OA	normal	10	10	0.434343554556992	0.0211339281291611	0.0532574988854859	15	0.95297576104717	0.4745805985037805	0.022797787979760287	1.8831537341145796	positive
GSE55457	synovium	Fibrotic_remodeling_K14P7	OA_vs_normal	OA	normal	10	10	-0.1506774294819263	0.6775849579524755	0.7854545454545455	18	-0.21796837639538652	0.4486866703412317	-1.0973942502642007	0.6614574974734275	negative
GSE55457	synovium	Generic_stress_K14P1	OA_vs_normal	OA	normal	10	10	-0.2914064043427703	0.3074894566186813	0.4724837991945591	16	-0.47717109237526095	0.45422988096455325	-1.3674616590657853	0.41311947431526336	negative
GSE55457	synovium	MSP_paracrine_consensus_K12P8_K14P9	OA_vs_normal	OA	normal	10	10	-0.5753600874499964	0.025748080821108	0.0569810839171031	25	-1.0564732944367379	0.4806285185352502	-1.9985051907658282	-0.11444139810764753	negative
GSE89408	synovium	MSP_paracrine_K12P8	OA_vs_normal	OA	normal	22	28	0.541926649304667	0.0030671387080124	0.0113664552120462	19	0.7870009648472251	0.29600778267637123	0.20682571080153755	1.3671762188929129	positive
GSE89408	synovium	MSP_angiogenic_K14P9	OA_vs_normal	OA	normal	22	28	0.4192965436887705	0.0239867774495997	0.0569810839171031	18	0.591177414713328	0.29122046573921245	0.020385301864471517	1.1619695275621844	positive
GSE89408	synovium	MSP_inflammatory_K14P10	OA_vs_normal	OA	normal	22	28	0.5214473580780581	0.0252343034531114	0.0569810839171031	20	0.5453293396297663	0.2902870684208713	-0.023633314475141498	1.114291993734674	positive
GSE89408	synovium	Fibrocartilage_matrix_K14P4	OA_vs_normal	OA	normal	22	28	0.3046973088748511	0.0067923968313859	0.0213960500188657	20	0.7014157200824812	0.2937578333102125	0.12565036679446473	1.2771810733704978	positive
GSE89408	synovium	Fibrotic_remodeling_K14P7	OA_vs_normal	OA	normal	22	28	0.2589730955363672	0.577523184728829	0.7206217529856923	20	0.3054326373985904	0.2866018014342819	-0.25630689341260204	0.8671721682097828	positive
GSE89408	synovium	Generic_stress_K14P1	OA_vs_normal	OA	normal	22	28	0.5451118752317052	0.0007479983979218	0.0042839908244615	19	0.8442719129624933	0.297647072456506	0.26088365094774146	1.427660174977245	positive
GSE89408	synovium	MSP_paracrine_consensus_K12P8_K14P9	OA_vs_normal	OA	normal	22	28	0.4991007948694291	0.006033726291844	0.0200065661255881	27	0.7095167753839496	0.2939604183736419	0.13335435537161155	1.2856791953962876	positive
GSE98918	meniscus	MSP_paracrine_K12P8	OA_vs_APM	OA	APM	12	12	-0.5134873528074186	0.0193733193315928	0.0508549632454313	20	-0.830758327483922	0.42702705715896483	-1.667731359515493	0.0062147045476490526	negative
GSE98918	meniscus	MSP_angiogenic_K14P9	OA_vs_APM	OA	APM	12	12	-0.6423173049660298	0.026229387834857	0.0569810839171031	19	-1.0035873664008195	0.43538177957378205	-1.8569356543654323	-0.15023907843620665	negative
GSE98918	meniscus	MSP_inflammatory_K14P10	OA_vs_APM	OA	APM	12	12	0.0504589166334484	0.9309874465595672	0.9615116251352904	20	0.10834823314562853	0.40857492561338105	-0.6924586210565984	0.9091550873478553	positive
GSE98918	meniscus	Fibrocartilage_matrix_K14P4	OA_vs_APM	OA	APM	12	12	-0.1808723859873077	0.5833604667027033	0.7206217529856923	20	-0.22536048595770328	0.40965952276262363	-1.0282931505724455	0.577572178657039	negative
GSE98918	meniscus	Fibrotic_remodeling_K14P7	OA_vs_APM	OA	APM	12	12	-1.087060867381659	0.00090093559636	0.0045358930816953	20	-1.397593007026266	0.45941166790259763	-2.2980398761153573	-0.49714613793717477	negative
GSE98918	meniscus	Generic_stress_K14P1	OA_vs_APM	OA	APM	12	12	-0.5195214897520609	0.0303828219765775	0.0580035692280115	19	-0.9634955087512082	0.43331850894938184	-1.8127997862919965	-0.11419123121041974	negative
GSE98918	meniscus	MSP_paracrine_consensus_K12P8_K14P9	OA_vs_APM	OA	APM	12	12	-0.6610765836894006	0.0101931049911082	0.0305793149733247	28	-1.0843450860159618	0.4397607200331763	-1.9462760972809874	-0.22241407475093633	negative
