k	program	senescence_score	sasp_score	ecm_remodeling_score	fibrocartilage_score	communication_score	progenitor_interface_score	generic_stress_score	contamination_score	immune_score	mural_score	cycling_score	msp_axis_score	mean_usage	median_usage	q95_usage	dominant_sample	dominant_sample_fraction	dominant_disease_status	dominant_disease_fraction	n_samples_detected	mean_usage_oa	mean_usage_normal	median_usage_oa	median_usage_normal	usage_delta_oa_minus_normal	sample_mean_usage_sd	top_sample_by_mean	top_sample_mean_usage	silhouette	prediction_error	top_genes_20	program_label	candidate_status	analysis_tier	analysis_tier_rank	msp_rank_score
14	10	5.142652313930708	15.524227298058277	0.0	0.0	2.562345321246125	0.0	5.657310060964683	0.0	0.0	0.0	0.0	20.668643939485342	0.0590229643156456	0.0280519009665151	0.2237989400106504	MenOA5	0.1382937436931944	normal	0.622033726170916	14	0.05344385088343909	0.06342675178530319	0.019900785	0.033449999	-0.0099829009018641	0.03233474342693353	MenOA5	0.11349331875162424	0.8743303614517992	145275256.12035054	GEM,CDKN1A,PPP1R15A,ABL2,MAT2A,HMOX1,KDM6B,IRF1,NFKBIA,MYC,IER3,SOCS3,ATF3,NR4A3,NFKBIZ,ARID5B,NR4A1,KCNQ1OT1,NR4A2,HSPH1	senescence_inflammatory	msp_like_primary_caution_normal_skew	primary_k	0	21.392056452098952
12	8	2.97791162442478	5.584807007258588	0.0	0.7315048408184566	11.78437820088605	0.0	5.657310060964683	0.0	0.0	0.0	0.0	19.596695633200326	0.075252785646794	0.0210407730025242	0.3471146659014882	MenNorm5	0.2910803589206648	normal	0.7298763590881415	14	0.04829425893937763	0.0953527885354307	0.0053569597	0.033373222	-0.04705852959605306	0.08203870187472191	MenNorm5	0.3074881919730825	0.8856960871615933	146180669.3533125	TNFRSF12A,VEGFA,BMP2,HSPA5,RPS17,MIF,RPL17,PTGS2,KDM6B,FOSL1,CDKN1A,INHBA,SDF2L1,CHAC1,RCAN1,SERPINA3,GLIS3,EEF1G,NME2,GAS5	senescence_paracrine_MSP_like	msp_like_primary_caution_normal_skew	primary_k	0	20.014534915358997
14	9	0.4029321877586527	2.630622610055023	0.0	1.7202585104583135	10.078707214994514	0.0	1.4721205999412117	0.6797377023445434	0.0	0.0	0.0	12.635985960143572	0.0566066472762576	0.0025276421267954	0.3061130197767323	MenNorm5	0.3449363485263837	normal	0.8059548931928247	14	0.025949603093592347	0.07942711217616714	0.0	0.01518323475	-0.0534775090825748	0.07059138740229137	MenNorm5	0.2751892936948175	0.8743303614517992	145275256.12035054	VEGFA,HSPA5,TNFRSF12A,MIF,SDF2L1,ANGPTL4,IL11,BMP2,RPS17,RPL17,SERPINA3,SLC2A1,FGF2,BNIP3,EGLN3,EIF4EBP1,INHBA,BHLHE40,PTGS2,RFLNB	angiogenic_paracrine	msp_like_primary_caution_normal_skew	primary_k	0	12.606244411918533
26	7	5.492652313930709	15.524227298058277	0.3617391140906241	0.0	2.562345321246125	0.0	4.466354042280349	0.0	0.0	0.0	0.0	21.58063947879018	0.0517251057901819	0.0227845390420552	0.1994090473250893	MenNorm5	0.1323289285371605	normal	0.6304496066821403	14	0.046444448501326306	0.056469550257415686	0.013492373	0.02965972	-0.01002510175608938	0.024668746097932483	MenNorm5	0.095731999701904	0.8044824501433266	141307402.02858678	GEM,CDKN1A,MAT2A,KDM6B,PPP1R15A,ABL2,HMOX1,IRF1,IER3,MYC,NFKBIA,SOCS3,NR4A3,NFKBIZ,ATF3,ARID5B,NR4A2,NR4A1,KCNQ1OT1,EGR1	senescence_inflammatory	msp_like_sensitivity_caution_normal_skew	sensitivity_k	1	21.315981621715856
24	7	5.142652313930708	15.524227298058277	0.3617391140906241	0.0	2.562345321246125	0.0	4.466354042280349	0.0	0.0	0.0	0.0	21.17813947879018	0.0535083097223977	0.0244118199712829	0.2057145134656065	MenNorm5	0.1317198696450123	normal	0.6258492734265313	14	0.04810411706374641	0.05778976471018553	0.0155778645	0.0305537765	-0.009685647646439116	0.02580697031815649	MenNorm5	0.0978385126884085	0.8082851920362498	141902612.2608617	GEM,CDKN1A,ABL2,MAT2A,PPP1R15A,KDM6B,HMOX1,IRF1,IER3,NFKBIA,MYC,SOCS3,NFKBIZ,NR4A3,ARID5B,ATF3,NR4A2,NR4A1,EGR1,KCNQ1OT1	senescence_inflammatory	msp_like_sensitivity_caution_normal_skew	sensitivity_k	1	20.914699739500154
24	17	0.4029321877586527	3.497582099799766	0.9750012716347	2.1980882536391944	9.028707214994515	0.0	0.7762558389660554	0.0	0.0	0.0	0.0	14.041981225839107	0.019583045690906	0.0	0.101426186345186	MenNorm5	0.2723786922654602	normal	0.6297444681148917	14	0.017163769357032645	0.021606811582580016	0.0	0.0	-0.00444304222554737	0.016936931987690442	MenNorm5	0.074332707139203	0.8082851920362498	141902612.2608617	IL11,INHBA,FGF2,FGF1,PTGS2,WNT16,TNFRSF12A,KRT16,MSMO1,HSPA5,BMP2,ABI3BP,INSIG1,DGKI,KRT17,FHL2,LIF,DSP,TNFRSF11B,ADPRHL1	angiogenic_paracrine	msp_like_sensitivity_caution_normal_skew	sensitivity_k	1	13.497223841308188
26	19	0.4029321877586527	3.497582099799766	0.3617391140906241	2.1980882536391944	9.028707214994515	0.0	0.7762558389660554	0.0	0.0	0.0	0.0	13.58203460768105	0.0168874463275979	0.0	0.0915213192805671	MenNorm5	0.2736584284320138	normal	0.6051037892099235	14	0.015850072324208635	0.017899700168612934	0.0	0.0	-0.0020496278444042983	0.015028690816072688	MenNorm5	0.0649116290587325	0.8044824501433266	141307402.02858678	IL11,INHBA,FGF2,FGF1,PTGS2,WNT16,TNFRSF12A,KRT16,MSMO1,HSPA5,BMP2,INSIG1,DGKI,KRT17,LIF,TNFRSF11B,FHL2,ABI3BP,ADPRHL1,DSP	angiogenic_paracrine	msp_like_sensitivity_caution_normal_skew	sensitivity_k	1	13.034717750817023
26	2	0.4029321877586527	2.280622610055023	0.7117391140906241	0.0	4.961071779068464	0.0	7.3256773979734415	0.45176272825891506	0.45176272825891506	0.0	0.0	6.160168320966636	0.1006406258368684	0.0212301190215261	0.5021409024594329	MenNorm1AVAS	0.246260878659887	normal	0.8242754774969047	14	0.03919625507329875	0.14057597026624277	0.0040202964	0.0477335165	-0.10137971519294403	0.10890698095358542	MenNorm1AVAS	0.36152027149761	0.8044824501433266	141307402.02858678	MT2A,MT1E,MT1M,MT1X,CHI3L1,LOX,AC008592.5,MT1G,DDIT4,SOD2,SLC25A37,EGLN3,GLRX,CDA,ANGPTL4,BNIP3,GPX3,EFNA1,TMEM204,MT1F	other_fibrochondrocyte_program	msp_like_sensitivity_caution_normal_skew	sensitivity_k	1	5.441765199517405
22	9	5.142652313930708	15.524227298058277	0.0	0.0	3.7000736594675754	0.0	4.466354042280349	0.0	0.0	0.0	0.0	22.101449898354733	0.0534616727690116	0.0231689173992	0.2081284827871175	MenNorm5	0.1335082596714354	normal	0.6247259177294092	14	0.04828500205584695	0.057776102393146095	0.0145985925	0.029409151	-0.009491100337299142	0.027732061661353363	MenOA5	0.10112824158144301	0.7807298872207149	142485302.25937766	GEM,CDKN1A,ABL2,MAT2A,HMOX1,PPP1R15A,KDM6B,IER3,NFKBIA,IRF1,MYC,NR4A3,NFKBIZ,SOCS3,ARID5B,NR4A2,IL6,ATF3,NR4A1,KCNQ1OT1	senescence_inflammatory	msp_like_other_k_caution_normal_skew	context_k	2	21.834433379011863
16	9	5.142652313930708	15.524227298058277	0.0	0.0	3.3500736594675753	0.0	4.466354042280349	0.0	0.0	0.0	0.0	21.733949898354734	0.0558264141868345	0.0257727807041706	0.2127390523956746	MenOA5	0.1342350715656522	normal	0.6198970420642778	14	0.05102473269941364	0.059899681716884645	0.0177563895	0.0312004305	-0.008874949017471004	0.028406787503735237	MenOA5	0.10515273520570875	0.7744621952155285	144698308.23126858	GEM,CDKN1A,PPP1R15A,ABL2,MAT2A,HMOX1,KDM6B,NFKBIA,IRF1,IER3,MYC,SOCS3,NR4A3,NFKBIZ,ATF3,NR4A2,ARID5B,IL6,KCNQ1OT1,NR4A1	senescence_inflammatory	msp_like_other_k_caution_normal_skew	context_k	2	21.46547975522343
28	7	5.492652313930709	15.524227298058277	0.3617391140906241	0.0	2.562345321246125	0.0	4.466354042280349	0.0	0.0	0.0	0.0	21.58063947879018	0.0514758126341383	0.0224992088743798	0.1989731351132066	MenNorm5	0.1329256149234069	normal	0.624269684997409	14	0.04687337300889258	0.05565945809863722	0.014232024499999999	0.0286470445	-0.008786085089744641	0.024387599446440162	MenNorm5	0.09568847348438475	0.7988720153128822	140839324.06958038	GEM,CDKN1A,MAT2A,KDM6B,PPP1R15A,ABL2,HMOX1,IRF1,IER3,MYC,NFKBIA,SOCS3,NR4A3,NFKBIZ,ARID5B,ATF3,NR4A2,NR4A1,EGR1,IL6	senescence_inflammatory	msp_like_other_k_caution_normal_skew	context_k	2	21.314788248943366
9	3	3.992695314038047	3.1475820997997666	0.0	1.3702585104583136	13.992403477979646	0.0	3.0644524264946837	0.0	0.0	0.0	0.0	21.688742190167826	0.1495915114634023	0.0907775349945411	0.5219329626223211	MenNorm5	0.2203206375955362	normal	0.6370133121014289	14	0.13021746465231165	0.16669634284057971	0.0832870175	0.091935843	-0.03647887818826806	0.13298760823002173	MenNorm5	0.46807887752505	0.7122885393530889	148027667.73398447	RPS17,RPL17,EEF1G,GAS5,NME2,MIF,SNHG29,GABARAP,RNASEK,VEGFA,SEPTIN7,SNHG5,SERPINA3,BMP2,MICOS10,TNFRSF12A,ECRG4,HSPA5,FOSL1,CHAC1	senescence_paracrine_MSP_like	msp_like_other_k_caution_normal_skew	context_k	2	21.248100914976753
30	9	5.142652313930708	15.524227298058277	0.3617391140906241	0.0	2.562345321246125	0.0	4.466354042280349	0.0	0.0	0.0	0.0	21.17813947879018	0.0430456093841663	0.011720342093139	0.1845544900683083	MenNorm5	0.1502431612652832	normal	0.6423961413741077	14	0.03796594899124845	0.04803228160556069	0.0026194232999999997	0.0193828825	-0.010066332614312237	0.02415026737774074	MenNorm5	0.09054520070017806	0.7495418567195152	140564113.74093524	GEM,CDKN1A,KDM6B,MAT2A,ABL2,HMOX1,PPP1R15A,MYC,IRF1,IER3,NR4A3,NFKBIA,SOCS3,ARID5B,NFKBIZ,IL6,GLIS3,NAMPT,NR4A2,CXCL2	senescence_inflammatory	msp_like_other_k_caution_normal_skew	context_k	2	20.877653156259612
20	9	5.142652313930708	15.524227298058277	0.0	0.0	2.562345321246125	0.0	4.466354042280349	0.0	0.0	0.0	0.0	20.90683514322221	0.0538565701699426	0.0240755929184547	0.2078844982882989	MenOA5	0.1328331167984077	normal	0.6219465378941628	14	0.04901474860310053	0.05784720670186556	0.015938155000000002	0.0297598875	-0.008832458098765025	0.027266400939179012	MenOA5	0.10157052078523751	0.7836638522271612	143105734.46445733	GEM,CDKN1A,ABL2,MAT2A,PPP1R15A,HMOX1,KDM6B,IER3,NFKBIA,IRF1,MYC,NR4A3,SOCS3,NFKBIZ,ARID5B,NR4A2,IL6,ATF3,KCNQ1OT1,NR4A1	senescence_inflammatory	msp_like_other_k_caution_normal_skew	context_k	2	20.641168909625396
5	2	2.62791162442478	2.280622610055023	0.0	8.66691987582599	13.642403477979647	0.0	2.364452426494684	0.0	0.0	0.0	0.0	20.978990722171456	0.1938457787815314	0.1416806875214119	0.6413504218853826	MenNorm5	0.2123482443571496	normal	0.5941424792375186	14	0.18162005797305	0.2025995048613978	0.160106135	0.12195228699999999	-0.020979446888347797	0.1436456866160194	MenNorm5	0.5918722549494999	0.9985213610276532	151021527.92571026	RPS17,RPL17,MIF,VEGFA,EEF1G,GAS5,NME2,SNHG29,RNASEK,GABARAP,SEPTIN7,BMP2,SNHG5,TNFRSF12A,SERPINA3,ECRG4,FGF2,PAPSS2,HSPA5,CHAC1	fibrocartilage_matrix	msp_like_other_k_balanced	context_k	2	20.554294233457156
8	3	2.97791162442478	3.1475820997997666	0.0	1.3702585104583136	13.642403477979647	0.0	3.0644524264946837	0.0	0.0	0.0	0.0	20.15424094711257	0.1591976904643817	0.1011422320261446	0.5490962321808079	MenNorm5	0.2193167066220825	normal	0.6282755441000343	14	0.14140464828197524	0.1746125014130931	0.0988837255	0.09839131500000001	-0.03320785313111785	0.13546118184230826	MenNorm5	0.495728187041625	0.7013022166166022	148671761.49681348	RPS17,RPL17,EEF1G,GAS5,MIF,NME2,SNHG29,VEGFA,RNASEK,GABARAP,SEPTIN7,SNHG5,SERPINA3,BMP2,TNFRSF12A,MICOS10,ECRG4,HSPA5,FOSL1,CHAC1	senescence_paracrine_MSP_like	msp_like_other_k_caution_normal_skew	context_k	2	19.715607533868404
7	3	2.97791162442478	3.1475820997997666	0.0	1.3702585104583136	13.642403477979647	0.0	3.0644524264946837	0.0	0.0	0.0	0.0	20.15424094711257	0.157724363718917	0.0987013900779975	0.5480093779921235	MenNorm5	0.2196825555395737	normal	0.6374243163234452	14	0.13689212702628192	0.17590527728373775	0.093058875	0.09857901999999999	-0.03901315025745583	0.13586700467033605	MenNorm5	0.49549850911214044	0.7679169861686888	149407182.88119596	RPS17,RPL17,EEF1G,GAS5,MIF,NME2,SNHG29,VEGFA,RNASEK,GABARAP,SEPTIN7,SNHG5,SERPINA3,BMP2,MICOS10,TNFRSF12A,HSPA5,ECRG4,FOSL1,CHAC1	senescence_paracrine_MSP_like	msp_like_other_k_caution_normal_skew	context_k	2	19.71487583603342
6	4	2.97791162442478	3.1475820997997666	0.0	1.3702585104583136	13.642403477979647	0.0	3.0644524264946837	0.0	0.0	0.0	0.0	20.15424094711257	0.149901965463835	0.0885453182714729	0.5374613311971905	MenNorm5	0.2264276203363734	normal	0.644238549495451	14	0.1279537214863696	0.16869099238302304	0.081218755	0.089809749	-0.04073727089665344	0.13462845703747664	MenNorm5	0.484638363094895	0.9463005189929532	150103051.70879626	RPS17,RPL17,EEF1G,MIF,GAS5,NME2,SNHG29,VEGFA,RNASEK,GABARAP,SEPTIN7,SNHG5,SERPINA3,BMP2,TNFRSF12A,MICOS10,HSPA5,ECRG4,FOSL1,CHAC1	senescence_paracrine_MSP_like	msp_like_other_k_caution_normal_skew	context_k	2	19.701385706439822
10	5	2.97791162442478	3.497582099799766	0.0	0.7315048408184566	11.78437820088605	0.0	5.657310060964683	0.0	0.0	0.0	0.0	17.822554461860328	0.0922472729964769	0.0381461934099337	0.3952273583245687	MenNorm5	0.2595164207932878	normal	0.7544734828099767	14	0.0537971193137552	0.12007371636805345	0.012215386	0.060475817	-0.06627659705429825	0.0893207795895991	MenNorm5	0.3404094730417025	0.7563726184356605	147404826.03554556	VEGFA,TNFRSF12A,RPS17,BMP2,HSPA5,MIF,RPL17,FOSL1,PTGS2,SERPINA3,GAS5,EEF1G,KDM6B,SDF2L1,CDKN1A,ANGPTL4,NME2,SNHG29,INHBA,CHAC1	senescence_paracrine_MSP_like	msp_like_other_k_caution_normal_skew	context_k	2	17.303521620273752
30	23	0.4029321877586527	3.497582099799766	0.3617391140906241	2.1980882536391944	9.378707214994515	0.0	1.4721205999412117	0.0	0.0	0.0	0.0	13.810361655486014	0.0135705640698616	0.0	0.0700683622811154	MenNorm5	0.2731806146146596	normal	0.601346706723299	14	0.012865342131046552	0.01434985136587426	0.0	0.0	-0.0014845092348277078	0.012005428669742047	MenNorm5	0.052692364638816006	0.7495418567195152	140564113.74093524	IL11,INHBA,FGF1,PTGS2,FGF2,KRT16,TNFRSF12A,WNT16,HSPA5,BMP2,MSMO1,KRT17,DGKI,LIF,INSIG1,FHL2,ADPRHL1,S100A2,SYNJ2,CLDN4	angiogenic_paracrine	msp_like_other_k_caution_normal_skew	context_k	2	13.264000426256695
28	20	0.4029321877586527	3.497582099799766	0.3617391140906241	2.1980882536391944	9.028707214994515	0.0	0.7762558389660554	0.0	0.0	0.0	0.0	13.58203460768105	0.0156451355941781	0.0	0.0846012134374988	MenNorm5	0.277271723360648	normal	0.6092058063077902	14	0.014536464154351543	0.016665478653525696	0.0	0.0	-0.0021290144991741537	0.014038304323968154	MenNorm5	0.06075189641255375	0.7988720153128822	140839324.06958038	IL11,INHBA,FGF2,FGF1,PTGS2,WNT16,TNFRSF12A,KRT16,HSPA5,MSMO1,BMP2,INSIG1,KRT17,DGKI,LIF,FHL2,ADPRHL1,TNFRSF11B,ABI3BP,S100A2	angiogenic_paracrine	msp_like_other_k_caution_normal_skew	context_k	2	13.027491160959755
16	11	0.0	2.630622610055023	0.3617391140906241	3.5287864514845104	10.078707214994514	0.0	1.4721205999412117	0.0	0.0	0.0	0.0	13.677748622741863	0.0449222678946428	0.0	0.2642670684306029	MenNorm5	0.3970637844585228	normal	0.7742538314664787	14	0.024360026810630837	0.061088346531421006	0.0	0.0	-0.03672831972079017	0.06251364464289118	MenNorm5	0.24830093541888748	0.7744621952155285	144698308.23126858	VEGFA,HSPA5,TNFRSF12A,IL11,SDF2L1,MIF,BMP2,ANGPTL4,FGF2,RPS17,SLC2A1,INHBA,PTGS2,RFLNB,RPL17,EIF4EBP1,BHLHE40,SERPINA3,SIPA1L2,PAPSS2	angiogenic_paracrine	msp_like_other_k_caution_normal_skew	context_k	2	12.883621053824816
20	11	0.0	2.630622610055023	0.3617391140906241	3.5287864514845104	10.078707214994514	0.0	1.4721205999412117	0.0	0.0	0.0	0.0	13.677748622741863	0.0440774781992924	0.0	0.2522131700074313	MenNorm5	0.3989370574579696	normal	0.7636601830432657	14	0.025009982708938946	0.059292903589890006	0.0	0.0	-0.03428292088095106	0.060451012335999074	MenNorm5	0.24436503879636	0.7836638522271612	143105734.46445733	VEGFA,HSPA5,IL11,TNFRSF12A,SDF2L1,BMP2,MIF,FGF2,ANGPTL4,INHBA,SLC2A1,RPS17,PTGS2,RFLNB,BHLHE40,EIF4EBP1,PAPSS2,RPL17,SIPA1L2,SOX9	angiogenic_paracrine	msp_like_other_k_caution_normal_skew	context_k	2	12.879874507825924
18	11	0.0	2.630622610055023	0.3617391140906241	3.5287864514845104	10.078707214994514	0.0	1.4721205999412117	0.0	0.0	0.0	0.0	13.677748622741863	0.0425114601887535	0.0	0.249323990550258	MenNorm5	0.408524213757065	normal	0.7786239225079702	14	0.022700183390600273	0.05822057059753465	0.0	0.0	-0.03552038720693438	0.05989123154321365	MenNorm5	0.2410537442289875	0.7800992908893756	143785083.70412406	VEGFA,HSPA5,TNFRSF12A,IL11,SDF2L1,BMP2,MIF,FGF2,ANGPTL4,INHBA,SLC2A1,RPS17,PTGS2,RFLNB,EIF4EBP1,BHLHE40,RPL17,PAPSS2,SIPA1L2,SOX9	angiogenic_paracrine	msp_like_other_k_caution_normal_skew	context_k	2	12.860700195227732
22	16	0.4029321877586527	3.497582099799766	0.9750012716347	2.548088253639194	7.4642118264532	0.0	0.7762558389660554	0.0	0.0	0.0	0.0	12.486761067870725	0.0199049182554271	0.0	0.1034024528027733	MenNorm5	0.2718656780271761	normal	0.630334510564246	14	0.01750964654846806	0.022015826466861333	0.0	0.0	-0.004506179918393274	0.017207686266935793	MenNorm5	0.0756012183970575	0.7807298872207149	142485302.25937766	IL11,INHBA,FGF2,FGF1,PTGS2,WNT16,TNFRSF12A,KRT16,MSMO1,ABI3BP,HSPA5,INSIG1,BMP2,DGKI,KRT17,FHL2,LIF,DSP,TNFRSF11B,SQLE	angiogenic_paracrine	msp_like_other_k_caution_normal_skew	context_k	2	11.943029711816374
18	3	0.4029321877586527	2.280622610055023	0.7117391140906241	0.0	6.80114543363508	0.0	10.32518703309156	0.45176272825891506	0.45176272825891506	0.0	0.0	7.492343731237957	0.1175342806535146	0.0340147700328139	0.5612693280433511	MenNorm4	0.2377500571788209	normal	0.8386263168499531	14	0.04249143724471877	0.16879023368857163	0.0	0.077629632	-0.12629879644385286	0.122027308261545	MenNorm1AVAS	0.3970769777653325	0.7800992908893756	143785083.70412406	MT2A,MT1E,MT1X,MT1M,CHI3L1,LOX,EGLN3,DDIT4,SLC25A37,AC008592.5,SOD2,GLRX,ANGPTL4,MT1G,BNIP3,ERRFI1,CDA,EFNA1,GPX3,TMEM204	angiogenic_paracrine	msp_like_other_k_caution_normal_skew	context_k	2	6.790962252750858
20	3	0.4029321877586527	2.280622610055023	0.7117391140906241	0.0	6.80114543363508	0.0	10.32518703309156	0.45176272825891506	0.45176272825891506	0.0	0.0	7.492343731237957	0.1129752208872015	0.029648922595975	0.5480845894906791	MenNorm4	0.239103213663944	normal	0.8432228409945907	14	0.039497455339190836	0.16276713376438198	0.0	0.071828235	-0.12326967842519115	0.11865316088781463	MenNorm1AVAS	0.3856042975742811	0.7836638522271612	143105734.46445733	MT2A,MT1E,MT1X,MT1M,CHI3L1,LOX,EGLN3,DDIT4,SLC25A37,AC008592.5,SOD2,GLRX,ANGPTL4,MT1G,BNIP3,ERRFI1,CDA,EFNA1,GPX3,TMEM204	angiogenic_paracrine	msp_like_other_k_caution_normal_skew	context_k	2	6.788255939780612
28	3	0.4029321877586527	2.280622610055023	0.7117391140906241	0.0	4.961071779068464	0.0	7.3256773979734415	0.45176272825891506	0.45176272825891506	0.0	0.0	6.160168320966636	0.0970950771258832	0.019784354208958	0.4855211185000246	MenNorm1AVAS	0.2531882015808623	normal	0.8162066185475866	14	0.03943648175366013	0.13410117025004728	0.0050129412	0.0420257215	-0.09466468849638715	0.10245909171318175	MenNorm1AVAS	0.35759288440338005	0.7988720153128822	140839324.06958038	MT2A,MT1E,MT1M,MT1X,CHI3L1,LOX,AC008592.5,MT1G,DDIT4,SOD2,EGLN3,SLC25A37,GLRX,CDA,ANGPTL4,GPX3,BNIP3,EFNA1,TMEM204,MT1F	other_fibrochondrocyte_program	msp_like_other_k_caution_normal_skew	context_k	2	5.427910553675454
