k	program	mean_usage	median_usage	q95_usage	dominant_sample	dominant_sample_fraction	dominant_disease_status	dominant_disease_fraction	n_samples_detected
5	1	0.35633586200757905	0.3217062819889416	0.8775005982310199	MenNorm1AVAS	0.14906567005237897	normal	0.7609995047582152	14
5	2	0.19384577878153147	0.14168068752141194	0.6413504218853826	MenNorm5	0.21234824435714963	normal	0.5941424792375186	14
5	3	0.17333604406429876	0.04878742212218815	0.7746194767111686	MenNorm6	0.12682399682549741	normal	0.5702604078845946	14
5	4	0.18610466779093682	0.13019850805768832	0.6071647470505507	MenOA1	0.1880697216242463	OA	0.7428228071084703	14
5	5	0.09037764735565386	0.015613408551101278	0.554023608067735	MenNorm6	0.2144553044660717	normal	0.5534238415266017	14
6	1	0.3365184042934329	0.2939469871724675	0.8702385051740255	MenNorm1AVAS	0.15652256127120412	normal	0.7776592395744012	14
6	2	0.18189202403966093	0.10032889961972202	0.6023652627305034	MenOA1	0.16553118380901563	OA	0.6524421421531368	14
6	3	0.1476451422837568	0.03608313935751111	0.7094814146687324	MenNorm6	0.1279460555481082	normal	0.6046044738266623	14
6	4	0.14990196546383505	0.08854531827147294	0.5374613311971905	MenNorm5	0.2264276203363734	normal	0.644238549495451	14
6	5	0.09424964724820897	0.03474573666848764	0.39333688951286466	MenOA1	0.16955892833202924	OA	0.750604941505786	14
6	6	0.08979281667110542	0.015241669511520912	0.5489794950109753	MenNorm6	0.21005336036917985	normal	0.5435796389286618	14
7	1	0.32650274719238187	0.28117293541680954	0.8579293417652477	MenNorm1AVAS	0.15966874913572274	normal	0.784370035876726	14
7	2	0.18233077312882448	0.10281947474006276	0.5987081306398631	MenOA1	0.1645632158934916	OA	0.6453279643846497	14
7	3	0.15772436371891704	0.09870139007799753	0.5480093779921235	MenNorm5	0.21968255553957378	normal	0.6374243163234452	14
7	4	0.14475801991956347	0.03507026493670165	0.6986999096307259	MenNorm6	0.12889056626892612	normal	0.6052553522170908	14
7	5	0.09685391383410286	0.03828876831125276	0.3978613388991136	MenOA1	0.16664143392807537	OA	0.7483700563021428	14
7	6	0.08952361678625079	0.015449548877611938	0.5459284048709263	MenNorm6	0.21034378937914017	normal	0.5434284828539189	14
7	7	0.002306565419959477	0.0	0.008244381185964836	MenOA4	0.14299983595073132	OA	0.5107041164187414	14
8	1	0.32819701435151666	0.28263919241991375	0.862214162191108	MenNorm1AVAS	0.16065262201719585	normal	0.7858832747982512	14
8	2	0.18469204261845248	0.10768960589043132	0.5998931701590903	MenOA1	0.16375880553807826	OA	0.6372258954061054	14
8	3	0.15919769046438179	0.10114223202614467	0.5490962321808079	MenNorm5	0.21931670662208255	normal	0.6282755441000343	14
8	4	0.13770600830494562	0.029693292563261964	0.6795421291465433	MenNorm6	0.13078220736551338	normal	0.6090409933308756	14
8	5	0.09536196686325113	0.03576171476697582	0.3969481595963923	MenOA1	0.16625054670548242	OA	0.7537630650230405	14
8	6	0.0874807444519348	0.013320751035090709	0.5408707552653029	MenNorm6	0.21445269354200996	normal	0.5458739895461082	14
8	7	0.004940780740398185	0.0	0.017636975239898798	MenOA4	0.262064125098203	OA	0.6617973979663551	14
8	8	0.002423752205119339	0.0	0.009259306688631034	MenOA1	0.1431441981310462	normal	0.5563230954193027	14
9	1	0.27140233373766237	0.1971385350498158	0.8209020283192392	MenNorm1AVAS	0.18686714660689485	normal	0.8384105096436629	14
9	2	0.20223031974562572	0.11524414008993139	0.6299146506400705	MenNorm2	0.14799159459952674	OA	0.5703113024149202	14
9	3	0.14959151146340235	0.09077753499454119	0.5219329626223211	MenNorm5	0.2203206375955362	normal	0.6370133121014289	14
9	4	0.129282144149098	0.02628762088081235	0.6539156532488111	MenNorm6	0.13339704801802468	normal	0.6020811076009434	14
9	5	0.086956854257341	0.030367356731488056	0.37182799293922253	MenOA1	0.16904674799904162	OA	0.7559546464315454	14
9	6	0.08117691506931055	0.016796727591239534	0.5095406759224733	MenNorm6	0.22403627056620368	normal	0.5654113548445974	14
9	7	0.07189113618317008	0.011568985373494711	0.35301033448197067	MenOA1	0.16208248553753946	OA	0.6473761349007533	14
9	8	0.0050208959912066455	0.0	0.018022294501221548	MenOA4	0.26058219578753195	OA	0.6695347174935298	14
9	9	0.0024478894031833127	0.0	0.009244002925788117	MenOA1	0.13595285674803903	normal	0.5583707603668114	14
10	1	0.24479367929454413	0.16054025346406556	0.785355492988414	MenNorm1AVAS	0.19941305702806228	normal	0.8657697229224197	14
10	2	0.18844484876520767	0.10302619984734011	0.6024290448335077	MenNorm2	0.15191139638330964	OA	0.5587892152561552	14
10	3	0.130492214154208	0.0854027004677612	0.4304952742925302	MenOA6	0.15912072403285815	OA	0.5509624211822652	14
10	4	0.12082495356539819	0.020207620628061196	0.6239587905159766	MenNorm6	0.1342101342659538	normal	0.6101757301449846	14
10	5	0.09224727299647693	0.03814619340993379	0.3952273583245687	MenNorm5	0.2595164207932878	normal	0.7544734828099767	14
10	6	0.07452740555013362	0.010747622650083822	0.4798826850902521	MenNorm6	0.23319107945288264	normal	0.5818837404987613	14
10	7	0.07345028231154609	0.020409198613647393	0.327622769244495	MenOA1	0.19317949668317905	OA	0.7342782412245453	14
10	8	0.06827615232068084	0.006630795563054858	0.3451204711070266	MenOA1	0.16176503453083627	OA	0.7026796547275777	14
10	9	0.004749114083451343	0.0	0.01709189616194982	MenOA4	0.26002246599150247	OA	0.6409458263941776	14
10	10	0.0021940769583531673	0.0	0.008267324222652996	MenOA1	0.13358831435280855	normal	0.5392194687397706	14
12	1	0.16847258965919973	0.07536427576301188	0.7029939818147498	MenNorm1AVAS	0.21849584506231737	normal	0.8422629236833765	14
12	2	0.1753417657424296	0.08536550294985633	0.5798793955196448	MenNorm2	0.15230784915274967	OA	0.5668763548966795	14
12	3	0.1341581025457329	0.09208959408661335	0.4289125283208506	MenOA6	0.15642804979195118	OA	0.5295872058268801	14
12	4	0.13095835180709545	0.0632588086396765	0.508519912373569	MenNorm1VAS	0.20192086916638186	normal	0.8343560922966781	14
12	5	0.08962342721223926	0.004655102123296909	0.5256467079208348	MenNorm6	0.14981898604898172	normal	0.5551923018726033	14
12	6	0.0690224705571291	0.01680990093063192	0.31352986879000216	MenOA1	0.2001280055794496	OA	0.7674192443591803	14
12	7	0.06765606730966828	0.006313058275526858	0.4540001380628885	MenNorm6	0.24258859877827585	normal	0.5737818366357039	14
12	8	0.075252785646794	0.021040773002524226	0.34711466590148826	MenNorm5	0.2910803589206648	normal	0.7298763590881415	14
12	9	0.06590450686199148	0.004120811888387067	0.33660972832530617	MenOA1	0.15831763959387454	OA	0.7000840176962684	14
12	10	0.01736844941201438	0.0	0.08711923984024716	MenNorm6	0.1651868800171784	normal	0.6342012812747803	14
12	11	0.004231095868487996	0.0	0.015018016451261803	MenOA4	0.25351396606018956	OA	0.6486729822726468	14
12	12	0.002010387377217761	0.0	0.007519478024157219	MenOA1	0.1411156992448436	normal	0.5106826191523689	14
14	1	0.1630258318378018	0.06970100780540259	0.68520697711674	MenNorm1AVAS	0.22905427011118687	normal	0.8427068220556486	14
14	2	0.1316768035609015	0.08813611496238818	0.42772663278077416	MenOA6	0.15042062898489605	OA	0.5177494851022005	14
14	3	0.13885338468940558	0.08661944909131358	0.4925791839023635	MenNorm3	0.23413052047593386	normal	0.6999744689701686	14
14	4	0.11021528709546889	0.031839212232949096	0.4432319836715488	MenOA1	0.18518149596657613	OA	0.7351779724954051	14
14	5	0.0710018003299043	0.0013049014546143288	0.4290485158639912	MenNorm6	0.1871841809189265	OA	0.5147264159212622	14
14	6	0.07161263617545795	0.00334951604453485	0.3895552501067569	MenNorm1VAS	0.26437219649811033	normal	0.8584481652844002	14
14	7	0.06338679136608157	0.013674880944398718	0.29262247759274423	MenOA1	0.19845846242874132	OA	0.7619482128834258	14
14	8	0.05827891047009633	0.0004487537128458922	0.4181136092848061	MenNorm6	0.2484270619599842	normal	0.5690664927262417	14
14	9	0.05660664727625768	0.0025276421267954427	0.3061130197767323	MenNorm5	0.3449363485263837	normal	0.8059548931928247	14
14	10	0.059022964315645673	0.028051900966515164	0.22379894001065043	MenOA5	0.13829374369319442	normal	0.622033726170916	14
14	11	0.05488120403657191	0.0013081701744213597	0.2859186691154862	MenOA1	0.14623331208703197	OA	0.6846637208146719	14
14	12	0.015722371029018863	0.0	0.08377106945470716	MenNorm6	0.16105678183786026	normal	0.6201406491503132	14
14	13	0.003978646204547366	0.0	0.014112232863598233	MenOA4	0.25474078548667034	OA	0.6486660078622064	14
14	14	0.0017367216128405564	0.0	0.0067403650589311715	MenOA1	0.14864410726857352	OA	0.523178469479708	14
16	1	0.12111499930249058	0.08349268534580577	0.39993514026962784	MenOA5	0.12982634322053835	OA	0.5966248280776962	14
16	2	0.13304438800683802	0.04583789014426727	0.6034108579400649	MenNorm4	0.22893303799348663	normal	0.8265178084805711	14
16	3	0.12453520145919306	0.07044926686607661	0.4589079494690001	MenNorm3	0.2468007743067866	normal	0.6867684497848958	14
16	4	0.088707687326399	0.003984457645718685	0.5059869064531641	MenNorm6	0.15378848820668156	normal	0.5532485087344942	14
16	5	0.10138571184050094	0.028102959472043103	0.41530992032777375	MenOA1	0.19096360701591716	OA	0.72355954321875	14
16	6	0.08393451972957877	0.013977651686774183	0.41808989212753533	MenNorm1VAS	0.3081790231563661	normal	0.9027481715122645	14
16	7	0.06958997443998265	0.01584441074057495	0.2998751600010455	MenNorm7	0.24896920629627328	normal	0.6660808087258508	14
16	8	0.054576533771720566	0.0	0.3989278120087118	MenNorm6	0.2579419688419791	normal	0.5718386093311563	14
16	9	0.05582641418683459	0.025772780704170696	0.21273905239567462	MenOA5	0.13423507156565223	normal	0.6198970420642778	14
16	10	0.04865807902454451	0.004468803613153466	0.23551593366769713	MenOA1	0.21664935991042977	OA	0.7745342398161373	14
16	11	0.044922267894642834	0.0	0.26426706843060294	MenNorm5	0.39706378445852286	normal	0.7742538314664787	14
16	12	0.05168258833110623	0.0	0.27459696579601733	MenOA1	0.1482300349054631	OA	0.6991424620642952	14
16	13	0.015120313891157597	0.0	0.07890477096434322	MenNorm6	0.1595890968200919	normal	0.6375362648444457	14
16	14	0.0031122349031880614	0.0	0.011896485327762926	MenOA4	0.24354825527009782	OA	0.6583500872774004	14
16	15	0.0016514827834070952	0.0	0.006409759634421191	MenOA1	0.15058884600826536	OA	0.5190256625198371	14
16	16	0.0021376031084154967	0.0	0.007688358915937438	MenOA4	0.22870586599553158	OA	0.587796737567786	14
18	1	0.12606911202639923	0.09044912772889997	0.40403346698862813	MenOA5	0.11576093022539256	OA	0.5836511887630365	14
18	2	0.13459273352728074	0.07229370130893872	0.5068850076571616	MenNorm3	0.24173330516505812	normal	0.6779732587796354	14
18	3	0.11753428065351464	0.03401477003281393	0.5612693280433511	MenNorm4	0.23775005717882094	normal	0.8386263168499531	14
18	4	0.0788286358827415	0.01284811990295292	0.38971006472090886	MenNorm1VAS	0.3180699144304271	normal	0.9093764617380256	14
18	5	0.08156400814475862	0.01738373972503604	0.3573593490495962	MenOA1	0.2085150451690614	OA	0.7554363141928468	14
18	6	0.06224582708535962	0.0072082458220894	0.27715996846784147	MenNorm7	0.27631695586777755	normal	0.6353286201737567	14
18	7	0.051410299384471905	0.0	0.29641959919482996	MenNorm6	0.2814159159874974	normal	0.5036003748869465	14
18	8	0.05216349904019468	0.0	0.3400788209470495	MenNorm7	0.16370549325170555	normal	0.6727975303158715	14
18	9	0.0487194367217426	0.0	0.37431969336471993	MenNorm6	0.25236941370224725	normal	0.5791014498793269	14
18	10	0.053548227108510676	0.023891798652004134	0.2069220971622429	MenOA5	0.13319685188637714	normal	0.6219070850683646	14
18	11	0.04251146018875355	0.0	0.24932399055025803	MenNorm5	0.408524213757065	normal	0.7786239225079702	14
18	12	0.043699867595400156	0.0009288693075121024	0.21892795760034128	MenNorm3	0.12503114515735414	normal	0.5068516716303862	14
18	13	0.048456937059781116	0.0	0.26694509897469776	MenOA1	0.15191632350020298	OA	0.7028246294527188	14
18	14	0.0392078004618189	0.0016168355028722122	0.1970092314379309	MenOA1	0.23442193575086076	OA	0.8272405197934821	14
18	15	0.012903303394677115	0.0	0.06388255206161221	MenNorm6	0.18809449190883565	normal	0.6234251514212386	14
18	16	0.0027309525132052127	0.0	0.010272316329508731	MenOA4	0.241846665930637	OA	0.6555725358004288	14
18	17	0.002217199379368552	0.0	0.008105592038096254	MenOA4	0.23525139807959608	OA	0.5896173756602835	14
18	18	0.0015964198320212396	0.0	0.006262585269600852	MenOA1	0.15500868792981773	OA	0.5212917524968003	14
20	1	0.13033856067634905	0.09610678025945273	0.40993873739060877	MenOA4	0.11273947390398674	OA	0.5777860013793422	14
20	2	0.13341420744501958	0.07288418680502687	0.500739063763087	MenNorm3	0.2416999483107607	normal	0.6760053402395204	14
20	3	0.11297522088720152	0.02964892259597507	0.5480845894906791	MenNorm4	0.23910321366394408	normal	0.8432228409945907	14
20	4	0.07768378286831375	0.01231546306221265	0.3840995817193955	MenNorm1VAS	0.31978398223107934	normal	0.9093876537501705	14
20	5	0.07835440822413782	0.01677281279257617	0.3442792241099834	MenOA1	0.20873486722652726	OA	0.7516574487984682	14
20	6	0.0636574452561872	0.009102420100071913	0.27972969967803063	MenNorm7	0.2706803348399286	normal	0.6340875760293193	14
20	7	0.04978322532634712	0.0	0.32595050049077	MenNorm7	0.16897538198888085	normal	0.6840112121795203	14
20	8	0.0485698741562666	0.0	0.28089595013304847	MenNorm6	0.2842573115781865	normal	0.5056833972941955	14
20	9	0.05385657016994261	0.024075592918454757	0.20788449828829894	MenOA5	0.13283311679840773	normal	0.6219465378941628	14
20	10	0.046743325955143876	0.0	0.36253558061281205	MenNorm6	0.2563573641841859	normal	0.5786217525337722	14
20	11	0.044077478199292426	0.0	0.2522131700074313	MenNorm5	0.39893705745796965	normal	0.7636601830432657	14
20	12	0.04366649332629151	0.004297062667068009	0.21211583583369922	MenOA1	0.23143156572394036	OA	0.8262849809248386	14
20	13	0.04455831339481189	0.0006018033441610683	0.22374899626916947	MenNorm3	0.11934045101972096	normal	0.5153042703921948	14
20	14	0.047388344892405114	0.0	0.25973945767172224	MenOA1	0.14752108899063987	OA	0.6882437428925101	14
20	15	0.009385027770964643	0.0	0.04469950744193506	MenNorm6	0.22410134922812391	normal	0.6477535739049947	14
20	16	0.005454119908991505	0.0	0.02506141880184889	MenNorm3	0.09445016705670772	normal	0.5565082045035034	14
20	17	0.00378967684135658	0.0	0.015247844247076495	MenNorm4	0.16574560583907055	normal	0.625772377463557	14
20	18	0.00252545749514833	0.0	0.009555478373954322	MenOA4	0.2431458194293084	OA	0.6707764172657117	14
20	19	0.002159931151471824	0.0	0.007875713989662386	MenOA4	0.2348710296297853	OA	0.5904532214342465	14
20	20	0.001618536054357026	0.0	0.006330379883567726	MenOA1	0.15454532050322578	OA	0.5179067285353578	14
22	1	0.12442800710438445	0.09069353417938336	0.3962480090654686	MenOA4	0.11372206612813543	OA	0.5708308025829496	14
22	2	0.13201488055151867	0.07272011137389846	0.4942915380569771	MenNorm3	0.24085345341419687	normal	0.6707902789903017	14
22	3	0.10597721844142416	0.022256731732904288	0.5307475424805715	MenNorm4	0.24577215798138288	normal	0.8394471797786026	14
22	4	0.07491530164887385	0.01180108090238045	0.3727796435626018	MenNorm1VAS	0.3235473529556344	normal	0.9091932830859356	14
22	5	0.07003773121728973	0.010954448119172646	0.3197088178872126	MenOA2	0.2083859493560361	OA	0.7401431796809164	14
22	6	0.06166814716191912	0.006716304663694779	0.2749981998622783	MenNorm7	0.2731239498463911	normal	0.6300258441339331	14
22	7	0.05091490010521035	0.0	0.3292744971678569	MenNorm7	0.17110635653877476	normal	0.6913900130092289	14
22	8	0.04592659913625637	0.0	0.2656069373936007	MenNorm6	0.28703012628444236	normal	0.5160957049520656	14
22	9	0.05346167276901164	0.023168917399200042	0.2081284827871175	MenNorm5	0.13350825967143545	normal	0.6247259177294092	14
22	10	0.04423543986289371	0.0	0.24941703589118483	MenNorm5	0.35378246767169375	normal	0.8028424569317446	14
22	11	0.04500029556452689	0.0	0.3512388353652329	MenNorm6	0.2544302777833325	normal	0.572764296127985	14
22	12	0.041841457003535885	0.0	0.21668148846159443	MenNorm3	0.12176195833289645	normal	0.5350103105030286	14
22	13	0.04129158106735156	0.0	0.2187159286959992	MenOA5	0.25340127509759014	OA	0.8409128417766093	14
22	14	0.0410356355809144	0.0	0.23346983400705562	MenOA1	0.14517076995091696	OA	0.6837934987640948	14
22	15	0.023618288811021154	0.0	0.12290052547166584	MenOA1	0.2146928116834126	OA	0.7635909619574347	14
22	16	0.01990491825542714	0.0	0.10340245280277334	MenNorm5	0.27186567802717615	normal	0.630334510564246	14
22	17	0.00869606974581282	0.0	0.0401343281531779	MenNorm6	0.2194943525752575	normal	0.6463984780971785	14
22	18	0.00510965758103462	0.0	0.022940769650348258	MenNorm3	0.0975698735633811	normal	0.5769072614725906	14
22	19	0.003774253142798217	0.0	0.015352474837634076	MenNorm4	0.16539406150977642	normal	0.6190767818312165	14
22	20	0.0025046292320683623	0.0	0.009497316231331751	MenOA4	0.2431365181079214	OA	0.6737004550364064	14
22	21	0.0021103844020602448	0.0	0.007695950754185436	MenOA4	0.2342733990338848	OA	0.5897369290258523	14
22	22	0.0015329316146666426	0.0	0.0060828309015731235	MenOA1	0.15583010937689207	OA	0.5134935344211139	14
24	1	0.1268506699342837	0.0936405895245574	0.3994376294350283	MenOA4	0.11012386841077541	OA	0.5591341360139914	14
24	2	0.14024332536489978	0.08301971718358164	0.5060435867096608	MenNorm3	0.2321080338041858	normal	0.6693598940766244	14
24	3	0.10719451744026055	0.023328103653041044	0.5311993940227833	MenNorm4	0.24263201331968368	normal	0.8414028295227077	14
24	4	0.07211914812501403	0.010709828241562094	0.3587484507133607	MenNorm1VAS	0.31693909203092013	normal	0.8986949051693649	14
24	5	0.07107203356347798	0.011959853277517944	0.3214693883393114	MenOA1	0.20564123572246162	OA	0.7436623632869455	14
24	6	0.05171151310181494	0.0	0.24061507611429248	MenNorm7	0.2748993086654838	normal	0.5545908040419554	14
24	7	0.05350830972239773	0.024411819971282937	0.20571451346560657	MenNorm5	0.1317198696450123	normal	0.6258492734265313	14
24	8	0.042978438196124916	0.0	0.24901588445459572	MenNorm5	0.36285382149204265	normal	0.8317213322525465	14
24	9	0.0438485698836483	0.0	0.3434331811290624	MenNorm6	0.254998460897495	normal	0.5615347447011305	14
24	10	0.03903437378318685	0.0	0.23545413579701666	MenNorm6	0.3189614605780026	normal	0.5658639221735238	14
24	11	0.03984048209633437	0.0	0.25628306224297737	MenNorm7	0.23581125087668764	normal	0.867776118387212	14
24	12	0.040790029549914925	0.0	0.21290280952310162	MenNorm3	0.12131555746573987	normal	0.5341002699781549	14
24	13	0.041039555665418614	0.0	0.21337183215049543	MenOA5	0.23466909975531472	OA	0.8357151780629328	14
24	14	0.0400217190805524	0.0	0.22747929746882162	MenOA1	0.14572091783368799	OA	0.6786392784415421	14
24	15	0.02519819132067532	0.0	0.15066772177748602	MenOA4	0.15592044839798475	OA	0.6612776673653723	14
24	16	0.021678240753984352	0.0	0.11075171230502566	MenOA1	0.2134705841555157	OA	0.7361722983241121	14
24	17	0.019583045690906048	0.0	0.10142618634518603	MenNorm5	0.2723786922654602	normal	0.6297444681148917	14
24	18	0.00804379251742576	0.0	0.03713006053169914	MenNorm6	0.21941409697983014	normal	0.6310673902533985	14
24	19	0.005005501459794657	0.0	0.022923258879308933	MenNorm3	0.09649212404240344	normal	0.5609591686709504	14
24	20	0.0038157617654384886	0.0	0.015575676035158413	MenNorm4	0.16447260034310235	normal	0.6287361614583302	14
24	21	0.0024589724491935997	0.0	0.009289356562642563	MenOA4	0.2422443664403758	OA	0.6727201381639859	14
24	22	0.002110809222187278	0.0	0.007691513580773286	MenOA4	0.23498574764634653	OA	0.5923777720263952	14
24	23	0.001467341843854715	0.0	0.005903518861732672	MenOA1	0.16047141274549143	OA	0.5164091434592948	14
24	24	0.0003856574692106968	0.0	0.0008685915986528406	MenNorm4	0.1848132504472483	normal	0.5598165182612277	14
26	1	0.11427165662236208	0.08132918072473333	0.3687832706691407	MenOA4	0.11148403033490795	OA	0.5515936461928822	14
26	2	0.10064062583686845	0.021230119021526127	0.5021409024594329	MenNorm1AVAS	0.24626087865988702	normal	0.8242754774969047	14
26	3	0.09374882687372742	0.024505279283247278	0.398050241047469	MenNorm3	0.22390524394028452	normal	0.6656872783547304	14
26	4	0.08405321220970592	0.050527990904967915	0.28766578443499047	MenNorm2	0.18884000233132342	normal	0.6421996850814062	14
26	5	0.0674245841518994	0.009210107187547154	0.33874326435662133	MenNorm1VAS	0.3268952674824012	normal	0.8848269557659068	14
26	6	0.059894423382770894	0.0010249930551748327	0.2967656109486355	MenOA1	0.23940541274705304	OA	0.7676840614406638	14
26	7	0.05172510579018198	0.022784539042055206	0.19940904732508932	MenNorm5	0.13232892853716055	normal	0.6304496066821403	14
26	8	0.04027390203237389	0.0	0.24395662791777287	MenNorm5	0.38023311815941047	normal	0.8563653536332179	14
26	9	0.042031531718547885	0.0	0.19943570837591704	MenNorm7	0.4177624723714436	normal	0.8108046462907414	14
26	10	0.03710203136561779	0.0	0.22741764986058682	MenNorm6	0.32734921734102584	normal	0.5908235032882648	14
26	11	0.03957185576545129	0.0	0.3210542413599753	MenNorm6	0.2607100606914884	normal	0.5529650994264435	14
26	12	0.04487390739020849	0.0	0.251265499059155	MenOA5	0.4049983494862196	OA	0.7953663635930037	14
26	13	0.035584745802465755	0.0	0.2341108745699774	MenNorm7	0.24057174756057143	normal	0.8725127645168765	14
26	14	0.03697685774168424	0.0	0.1940926795106712	MenNorm3	0.1239677672395271	normal	0.5291966120756155	14
26	15	0.0314871959728084	0.0	0.16764752304204117	MenOA1	0.26329234738909163	OA	0.8145136651182084	14
26	16	0.03535920197700175	0.0	0.2038600578685755	MenOA1	0.14700192818697738	OA	0.6658728485527964	14
26	17	0.02455357671193707	0.0	0.14718255716928438	MenOA4	0.15502051797896915	OA	0.6537505796705276	14
26	18	0.021223231274350367	0.0	0.10824730378811984	MenOA1	0.19118818388704584	OA	0.7397073837945333	14
26	19	0.01688744632759792	0.0	0.09152131928056717	MenNorm5	0.2736584284320138	normal	0.6051037892099235	14
26	20	0.007768024548525914	0.0	0.03593771269001942	MenNorm6	0.21816294875281214	normal	0.6270439814211941	14
26	21	0.004870721184557068	0.0	0.022032394800582788	MenNorm3	0.09953508867282893	normal	0.558141222263753	14
26	22	0.003475405897964256	0.0	0.014719395033327119	MenNorm4	0.1549323720055461	normal	0.6146560193657042	14
26	23	0.0023976300872351076	0.0	0.00908990767097845	MenOA4	0.2417124640209655	OA	0.669058362850229	14
26	24	0.0020148736214732456	0.0	0.007396134003887127	MenOA4	0.23627154503061618	OA	0.5908825832440872	14
26	25	0.0014115858562696146	0.0	0.005692776718304841	MenOA1	0.14854011982519197	OA	0.5176817865791775	14
26	26	0.0003778398564138297	0.0	0.0008440714595832395	MenNorm4	0.1807653357515674	normal	0.5549765439644748	14
28	1	0.11391892755320279	0.08155749607013885	0.3669145810529598	MenOA4	0.11159993570817052	OA	0.5545354621158276	14
28	2	0.09628674612070526	0.027885500842668005	0.4029179539282546	MenNorm3	0.22448865962666864	normal	0.6647177857477135	14
28	3	0.09709507712588328	0.019784354208958063	0.4855211185000246	MenNorm1AVAS	0.25318820158086236	normal	0.8162066185475866	14
28	4	0.06719096328720395	0.009324708001957449	0.3365665286763162	MenNorm1VAS	0.32467265447169535	normal	0.8835433769680302	14
28	5	0.07792502470119206	0.04511938528774444	0.27151484974893975	MenNorm2	0.19256574407744378	normal	0.6320730456696488	14
28	6	0.05980386687831392	0.0015441934901479998	0.2962761946937965	MenOA1	0.2400189510649389	OA	0.7680289758384102	14
28	7	0.0514758126341383	0.022499208874379825	0.19897313511320666	MenNorm5	0.13292561492340696	normal	0.624269684997409	14
28	8	0.039322458998264795	0.0	0.24103939178914696	MenNorm5	0.3847967636539922	normal	0.8531072152060539	14
28	9	0.04166879437353069	0.0	0.19749972118356357	MenNorm7	0.4178357761391662	normal	0.8060535416134985	14
28	10	0.03693807263217227	0.0	0.22164612982581586	MenNorm6	0.3272992091002178	normal	0.5812682195445944	14
28	11	0.0449948895702356	0.0	0.25312903791689	MenOA5	0.4065032776595831	OA	0.7973130605559755	14
28	12	0.03553509253419042	0.0	0.1875354123530025	MenNorm3	0.12375298426747616	normal	0.529630292090539	14
28	13	0.029600048145648393	0.0	0.19143783737813175	MenNorm7	0.24018532570978637	normal	0.8395835004570917	14
28	14	0.03213291212019556	0.0	0.2445176129767807	MenNorm6	0.2764185680404982	OA	0.5064876474080154	14
28	15	0.031089994345585712	0.0	0.16535907636632466	MenOA1	0.2636663282999987	OA	0.8136494559136171	14
28	16	0.03449434243400835	0.0	0.20045120699645536	MenOA1	0.14737316466187186	OA	0.663686209526085	14
28	17	0.027688295468638557	0.0	0.14313161296927032	MenNorm4	0.40960516004585523	normal	0.8844617614220575	14
28	18	0.023871960040023052	0.0	0.14336641193109723	MenOA4	0.1537842874908533	OA	0.6487598822181482	14
28	19	0.02131403171141856	0.0	0.10827115397788926	MenOA1	0.18992895264233878	OA	0.738701018107811	14
28	20	0.01564513559417815	0.0	0.08460121343749889	MenNorm5	0.27727172336064804	normal	0.6092058063077902	14
28	21	0.007332316376155847	0.0	0.03296605541706224	MenNorm6	0.21876003419221507	normal	0.6194368941641796	14
28	22	0.004602139104134022	0.0	0.020782316442304462	MenNorm3	0.10139377043323725	normal	0.5548160031745877	14
28	23	0.003350630577786857	0.0	0.014204423291942268	MenOA4	0.1411890864949542	normal	0.5958307339525263	14
28	24	0.0022729245984881366	0.0	0.008650695857865008	MenOA4	0.23424097551861142	OA	0.6681870642667612	14
28	25	0.0013880870899642126	0.0	0.005610935671513374	MenOA1	0.14830344572622647	OA	0.5158870368305293	14
28	26	0.0015630046715330293	0.0	0.0059677055752423	MenOA4	0.2049307706265283	OA	0.5547531283170598	14
28	27	0.001109418367038909	0.0	0.003838189958125068	MenOA4	0.2878208532764884	OA	0.6497694127789887	14
28	28	0.0003890329461693461	0.0	0.0008999448381116986	MenNorm4	0.17695720961447814	normal	0.5533708911203908	14
30	1	0.10980462989519046	0.07732190038681871	0.35656374365395854	MenOA4	0.11028367821027721	OA	0.562393288663615	14
30	2	0.08283019826441106	0.016633991382767915	0.3712189713019467	MenNorm3	0.24672654244148165	normal	0.7143080485628898	14
30	3	0.08270155714514728	0.009342832896813105	0.4532003495228586	MenNorm1AVAS	0.2732497228100048	normal	0.8671602863381218	14
30	4	0.08911735943440345	0.044386795764125506	0.324188909455124	MenOA4	0.14689200887167628	OA	0.5329672350740122	14
30	5	0.0637880386671393	0.005774709593166737	0.32669709560300686	MenNorm1VAS	0.32928786221456674	normal	0.8932462659852405	14
30	6	0.04806172333430326	0.0	0.2506522538898333	MenOA1	0.2566276896149256	OA	0.7653102056996712	14
30	7	0.0419486205251209	0.0	0.2003523350291988	MenNorm7	0.4090870372082639	normal	0.7992984759385893	14
30	8	0.03940661064164867	0.0	0.2381102284828472	MenNorm5	0.37178503947937486	normal	0.8533886280205337	14
30	9	0.043045609384166385	0.011720342093139002	0.1845544900683083	MenNorm5	0.15024316126528328	normal	0.6423961413741077	14
30	10	0.043707171691662695	0.024978728862415655	0.15520447203201235	MenNorm2	0.1684159386318817	normal	0.625832696606166	14
30	11	0.03452344443981763	0.0	0.180987265763489	MenOA1	0.2538154608058903	OA	0.8137670136995886	14
30	12	0.0351285941809859	0.0	0.1841877249564746	MenNorm3	0.1392355316720646	normal	0.5310151354633741	14
30	13	0.03945455626327356	0.0	0.22576748111011677	MenOA5	0.40981182874088457	OA	0.7782285519410195	14
30	14	0.030850068685306962	0.0	0.23577825944670916	MenNorm6	0.2773268634846478	OA	0.5049676672122762	14
30	15	0.03498598806763281	0.0	0.19909484752334886	MenOA1	0.1483450340586848	OA	0.6525313150271923	14
30	16	0.02442011369918881	0.0	0.16402413123297271	MenNorm1VAS	0.26440696499622196	normal	0.8917954891284033	14
30	17	0.025493249180230455	0.0	0.13396994471224064	MenNorm6	0.4283276697107067	normal	0.741351838504445	14
30	18	0.025395019370082508	0.0	0.13066004251959998	MenNorm4	0.42882536418814016	normal	0.8965350628420364	14
30	19	0.022761662437219533	0.0	0.13949079624559135	MenOA6	0.2741920247171183	OA	0.5440812951020361	14
30	20	0.01942090920871581	0.0	0.11343653506399409	MenOA4	0.15598371225640356	OA	0.6537201304950246	14
30	21	0.017925734746013746	0.0	0.09172309444886376	MenOA1	0.19864679964873366	OA	0.7509938708709056	14
30	22	0.014284938491347855	0.0	0.08729962997343915	MenNorm7	0.14133729106600704	normal	0.5790286032115567	14
30	23	0.013570564069861618	0.0	0.07006836228111547	MenNorm5	0.2731806146146596	normal	0.601346706723299	14
30	24	0.00460027138576434	0.0	0.017981251666913015	MenNorm6	0.22014781805306943	normal	0.6433974248367198	14
30	25	0.003451537280945584	0.0	0.015625765306853955	MenNorm3	0.10761418491454668	normal	0.5707609462366949	14
30	26	0.00326831353498283	0.0	0.013845468856299857	MenNorm6	0.14089647288711393	normal	0.6065407331400271	14
30	27	0.0023390855639691143	0.0	0.008887832936919082	MenOA4	0.23979143357907143	OA	0.6668271964401459	14
30	28	0.0019106951791360467	0.0	0.006948636956178461	MenOA4	0.23197563526763093	OA	0.5928436812562691	14
30	29	0.001423924288599894	0.0	0.005725426938944779	MenOA1	0.14851569147082225	OA	0.5030694809057552	14
30	30	0.000379810943731534	0.0	0.0008692501502345375	MenNorm4	0.18084373904149245	normal	0.5572792627874559	14
