source_k	source_program	target_k	target_program	intersection_n	union_n	jaccard_top50	shared_top50_genes
12	1	14	1	45	55	0.8181818181818182	AC008592.5,ACKR3,ADSSL1,ANGPTL4,ATOH8,BNIP3,CDA,CHI3L1,DDIT4,DNAH11,EFNA1,EGLN3,ERRFI1,FOS,FTH1,GALNT15,GLRX,GPX3,LOX,MT1A,MT1E,MT1F,MT1G,MT1H,MT1M,MT1X,MT2A,MTHFD2,MUC20-OT1,NAMPT,NEAT1,OXA1L,PDK1,POU3F1,RASD1,RBP4,RGCC,RNF144B,SAA1,SLC25A37,SOD2,STC2,TMEM204,TXNIP,ZNF395
12	1	24	3	45	55	0.8181818181818182	AC008592.5,ACKR3,ADM,ADSSL1,ANGPTL4,ATOH8,BNIP3,CDA,CHI3L1,DDIT4,DNAH11,EFNA1,EGLN3,ERRFI1,FTH1,GALNT15,GLRX,GPX3,HILPDA,LAG3,LINC01554,LOX,MT1A,MT1E,MT1F,MT1G,MT1H,MT1M,MT1X,MT2A,MTHFD2,MUC20-OT1,NAMPT,NEAT1,PDK1,POU3F1,RASD1,RNF144B,SAA1,SLC25A37,SLC2A5,SOD2,STC2,TMEM204,ZNF395
12	1	26	2	43	57	0.7543859649122807	AC008592.5,ACKR3,ADM,ADSSL1,ANGPTL4,BNIP3,CDA,CHI3L1,DDIT4,DNAH11,EFNA1,EGLN3,ERRFI1,FTH1,GALNT15,GLRX,GPX3,HILPDA,LAG3,LINC01554,LOX,MT1A,MT1E,MT1F,MT1G,MT1H,MT1M,MT1X,MT2A,MTHFD2,MUC20-OT1,NAMPT,NEAT1,PDK1,POU3F1,RASD1,RNF144B,SAA1,SLC25A37,SLC2A5,SOD2,TMEM204,ZNF395
12	1	26	9	8	92	0.08695652173913043	ATOH8,DDIT4,GALNT15,MT1E,RBP4,RGCC,STC2,TXNIP
12	1	14	9	6	94	0.06382978723404255	ANGPTL4,BNIP3,EGLN3,ERRFI1,HILPDA,ZNF395
12	1	24	4	6	94	0.06382978723404255	DDIT4,GALNT15,GPX3,MTHFD2,OXA1L,TXNIP
12	1	24	8	6	94	0.06382978723404255	ANGPTL4,BNIP3,EGLN3,ERRFI1,HILPDA,ZNF395
12	1	26	8	6	94	0.06382978723404255	ANGPTL4,BNIP3,EGLN3,ERRFI1,HILPDA,ZNF395
12	1	24	6	5	95	0.05263157894736842	ATOH8,MT1E,RGCC,STC2,TXNIP
12	1	26	5	5	95	0.05263157894736842	DDIT4,GALNT15,GPX3,MTHFD2,OXA1L
12	1	12	8	3	97	0.030927835051546393	ANGPTL4,BNIP3,ERRFI1
12	1	24	7	3	97	0.030927835051546393	NAMPT,NEAT1,SOD2
12	1	26	7	3	97	0.030927835051546393	NAMPT,NEAT1,SOD2
12	1	14	10	2	98	0.02040816326530612	NAMPT,SOD2
12	1	12	4	1	99	0.010101010101010102	GPX3
12	1	14	3	1	99	0.010101010101010102	RBP4
12	1	14	6	1	99	0.010101010101010102	GPX3
12	1	24	1	1	99	0.010101010101010102	NEAT1
12	1	24	24	1	99	0.010101010101010102	SLC25A37
12	1	26	1	1	99	0.010101010101010102	NEAT1
12	1	26	12	1	99	0.010101010101010102	RGCC
12	1	26	26	1	99	0.010101010101010102	SLC25A37
12	1	12	2	0	100	0.0	
12	1	12	3	0	100	0.0	
12	1	12	5	0	100	0.0	
12	1	12	6	0	100	0.0	
12	1	12	7	0	100	0.0	
12	1	12	9	0	100	0.0	
12	1	12	10	0	100	0.0	
12	1	12	11	0	100	0.0	
12	1	12	12	0	100	0.0	
12	1	14	2	0	100	0.0	
12	1	14	4	0	100	0.0	
12	1	14	5	0	100	0.0	
12	1	14	7	0	100	0.0	
12	1	14	8	0	100	0.0	
12	1	14	11	0	100	0.0	
12	1	14	12	0	100	0.0	
12	1	14	13	0	100	0.0	
12	1	14	14	0	100	0.0	
12	1	24	2	0	100	0.0	
12	1	24	5	0	100	0.0	
12	1	24	9	0	100	0.0	
12	1	24	10	0	100	0.0	
12	1	24	11	0	100	0.0	
12	1	24	12	0	100	0.0	
12	1	24	13	0	100	0.0	
12	1	24	14	0	100	0.0	
12	1	24	15	0	100	0.0	
12	1	24	16	0	100	0.0	
12	1	24	17	0	100	0.0	
12	1	24	18	0	100	0.0	
12	1	24	19	0	100	0.0	
12	1	24	20	0	100	0.0	
12	1	24	21	0	100	0.0	
12	1	24	22	0	100	0.0	
12	1	24	23	0	100	0.0	
12	1	26	3	0	100	0.0	
12	1	26	4	0	100	0.0	
12	1	26	6	0	100	0.0	
12	1	26	10	0	100	0.0	
12	1	26	11	0	100	0.0	
12	1	26	13	0	100	0.0	
12	1	26	14	0	100	0.0	
12	1	26	15	0	100	0.0	
12	1	26	16	0	100	0.0	
12	1	26	17	0	100	0.0	
12	1	26	18	0	100	0.0	
12	1	26	19	0	100	0.0	
12	1	26	20	0	100	0.0	
12	1	26	21	0	100	0.0	
12	1	26	22	0	100	0.0	
12	1	26	23	0	100	0.0	
12	1	26	24	0	100	0.0	
12	1	26	25	0	100	0.0	
12	2	26	6	38	62	0.6129032258064516	ACAN,AQP3,BGN,C2ORF40,C9ORF3,CILP,CILP2,CLEC3A,COL11A1,COL11A2,COL2A1,COL9A2,COL9A3,COMP,CYR61,DCN,FIBIN,FMOD,FXYD6,HAPLN1,HRCT1,KLF2,LUM,MGP,OGN,PRDX4,PRELP,S100A1,SBSPON,SCRG1,SCX,SERPINA1,SERPINA5,SMOC2,SPARC,SPINT2,TNNT3,TSPAN2
12	2	14	4	37	63	0.5873015873015873	ACAN,AQP3,BGN,C2ORF40,C9ORF3,CILP,CILP2,CLEC3A,COL11A1,COL11A2,COL2A1,COL9A2,COL9A3,COMP,CYR61,DCN,FIBIN,FMOD,FXYD6,HAPLN1,HRCT1,LUM,MGP,OGN,PRDX4,PRELP,S100A1,SBSPON,SCRG1,SCX,SERPINA1,SERPINA5,SMOC2,SPARC,SPINT2,TNNT3,TSPAN2
12	2	24	5	37	63	0.5873015873015873	ACAN,AQP3,BGN,C2ORF40,CILP,CILP2,CLEC3A,COL11A1,COL11A2,COL2A1,COL9A2,COL9A3,COMP,CYR61,DCN,FIBIN,FMOD,FXYD6,HAPLN1,HRCT1,KLF2,LUM,MGP,OGN,PRDX4,PRELP,S100A1,SBSPON,SCRG1,SCX,SERPINA1,SERPINA5,SMOC2,SPARC,SPINT2,TNNT3,TSPAN2
12	2	26	3	20	80	0.25	AL078639.1,BBS9,C2ORF40,CHAD,CILP,CILP2,CLU,COMP,DCN,FBXO2,FGFBP2,FMOD,FRZB,HRCT1,LTBP2,NDUFA4L2,PRELP,S100A1,SCRG1,STK38L
12	2	24	2	15	85	0.17647058823529413	AL078639.1,BBS9,C2ORF40,C9ORF3,CHAD,CILP,CLU,COMP,DCN,FBXO2,FGFBP2,FRZB,NDUFA4L2,RGS16,SCX
12	2	26	12	12	88	0.13636363636363635	CILP,CLU,DCN,FGFBP2,FMOD,LUM,NDUFA4L2,OGN,PRDX4,PRELP,SCRG1,TSPAN2
12	2	14	3	10	90	0.1111111111111111	BBS9,C9ORF3,CHAD,CLU,COMP,DCN,FBXO2,FGFBP2,FRZB,RGS16
12	2	24	6	5	95	0.05263157894736842	CHAD,DCN,FRZB,PRELP,S100A1
12	2	26	4	5	95	0.05263157894736842	C9ORF3,CLU,NDUFA4L2,RGS16,SCX
12	2	14	2	4	96	0.041666666666666664	CILP,DCN,OGN,PRELP
12	2	12	3	3	97	0.030927835051546393	CILP,DCN,OGN
12	2	12	9	3	97	0.030927835051546393	CLU,NDUFA4L2,PRDX4
12	2	24	17	3	97	0.030927835051546393	COL2A1,SPARC,STK38L
12	2	14	9	2	98	0.02040816326530612	COL2A1,SERPINA1
12	2	14	11	2	98	0.02040816326530612	CLU,PRDX4
12	2	24	1	2	98	0.02040816326530612	LTBP2,OGN
12	2	24	8	2	98	0.02040816326530612	BGN,SERPINA1
12	2	24	13	2	98	0.02040816326530612	SPARC,TSPAN2
12	2	24	14	2	98	0.02040816326530612	CLU,PRDX4
12	2	26	8	2	98	0.02040816326530612	BGN,SERPINA1
12	2	26	9	2	98	0.02040816326530612	CHAD,S100A1
12	2	26	15	2	98	0.02040816326530612	SPARC,TSPAN2
12	2	26	16	2	98	0.02040816326530612	CLU,PRDX4
12	2	26	19	2	98	0.02040816326530612	COL2A1,STK38L
12	2	12	6	1	99	0.010101010101010102	SPARC
12	2	12	8	1	99	0.010101010101010102	SERPINA1
12	2	14	7	1	99	0.010101010101010102	SPARC
12	2	24	4	1	99	0.010101010101010102	CYR61
12	2	26	5	1	99	0.010101010101010102	CYR61
12	2	12	1	0	100	0.0	
12	2	12	4	0	100	0.0	
12	2	12	5	0	100	0.0	
12	2	12	7	0	100	0.0	
12	2	12	10	0	100	0.0	
12	2	12	11	0	100	0.0	
12	2	12	12	0	100	0.0	
12	2	14	1	0	100	0.0	
12	2	14	5	0	100	0.0	
12	2	14	6	0	100	0.0	
12	2	14	8	0	100	0.0	
12	2	14	10	0	100	0.0	
12	2	14	12	0	100	0.0	
12	2	14	13	0	100	0.0	
12	2	14	14	0	100	0.0	
12	2	24	3	0	100	0.0	
12	2	24	7	0	100	0.0	
12	2	24	9	0	100	0.0	
12	2	24	10	0	100	0.0	
12	2	24	11	0	100	0.0	
12	2	24	12	0	100	0.0	
12	2	24	15	0	100	0.0	
12	2	24	16	0	100	0.0	
12	2	24	18	0	100	0.0	
12	2	24	19	0	100	0.0	
12	2	24	20	0	100	0.0	
12	2	24	21	0	100	0.0	
12	2	24	22	0	100	0.0	
12	2	24	23	0	100	0.0	
12	2	24	24	0	100	0.0	
12	2	26	1	0	100	0.0	
12	2	26	2	0	100	0.0	
12	2	26	7	0	100	0.0	
12	2	26	10	0	100	0.0	
12	2	26	11	0	100	0.0	
12	2	26	13	0	100	0.0	
12	2	26	14	0	100	0.0	
12	2	26	17	0	100	0.0	
12	2	26	18	0	100	0.0	
12	2	26	20	0	100	0.0	
12	2	26	21	0	100	0.0	
12	2	26	22	0	100	0.0	
12	2	26	23	0	100	0.0	
12	2	26	24	0	100	0.0	
12	2	26	25	0	100	0.0	
12	2	26	26	0	100	0.0	
12	3	14	2	46	54	0.8518518518518519	ABI3BP,AL021155.5,AL627171.2,CCDC144A,CCN1,CCN2,CEP126,CILP,CRIP1,DCN,DDX17,DST,ECM2,ECRG4,EDIL3,EEF1G,F5,FTX,GABARAP,GAS5,KMT2A,LINC00342,MACF1,MALAT1,MICOS10,MIR99AHG,NME2,OGN,OMD,PIK3R1,PLCG2,RNASEK,RPL17,RPS17,SEPTIN2,SEPTIN7,SNHG14,SNHG29,SNHG5,SYNE1,THBS1,TNRC6B,UACA,USP53,UTRN,ZNF704
12	3	26	12	25	75	0.3333333333333333	AKR1C2,ASPN,CCN1,CCN2,CILP,CRIP1,DCN,ECM2,ECRG4,EEF1G,GABARAP,GAS5,MICOS10,NME2,OGN,OMD,RNASEK,RPL17,RPS17,SEPTIN2,SEPTIN7,SNHG14,SNHG29,SNHG5,USP53
12	3	24	6	24	76	0.3157894736842105	AKR1C2,AL021155.5,AL627171.2,CCN1,CCN2,CRIP1,DCN,ECRG4,EEF1G,GABARAP,GAS5,MICOS10,NME2,RNASEK,RPL17,RPS17,SEPTIN2,SEPTIN7,SNHG14,SNHG29,SNHG5,THBS1,TIPARP,USP53
12	3	24	1	18	82	0.21951219512195122	CEP126,DDX17,DST,ECM2,EDIL3,FTX,KMT2A,MACF1,MALAT1,OGN,PIK3R1,PLCG2,PTPRD,SYNE1,TNRC6B,UACA,UTRN,ZNF704
12	3	26	1	17	83	0.20481927710843373	CCDC144A,CEP126,DDX17,DST,EDIL3,FTX,KMT2A,MACF1,MALAT1,PIK3R1,PLCG2,PTPRD,SYNE1,TNRC6B,UACA,UTRN,ZNF704
12	3	26	9	17	83	0.20481927710843373	AL021155.5,CCN1,CCN2,ECRG4,EEF1G,GABARAP,GAS5,MICOS10,NME2,RNASEK,RPL17,RPS17,SEPTIN7,SNHG29,SNHG5,TIPARP,USP53
12	3	26	8	12	88	0.13636363636363635	ECRG4,EEF1G,GABARAP,GAS5,MICOS10,NME2,RNASEK,RPL17,RPS17,SEPTIN7,SNHG29,SNHG5
12	3	14	9	11	89	0.12359550561797752	ECRG4,EEF1G,GABARAP,GAS5,NME2,RNASEK,RPL17,RPS17,SEPTIN7,SNHG29,SNHG5
12	3	24	8	11	89	0.12359550561797752	EEF1G,GABARAP,GAS5,MICOS10,NME2,RNASEK,RPL17,RPS17,SEPTIN7,SNHG29,SNHG5
12	3	12	8	9	91	0.0989010989010989	EEF1G,GABARAP,GAS5,NME2,RNASEK,RPL17,RPS17,SEPTIN7,SNHG29
12	3	26	3	5	95	0.05263157894736842	ABI3BP,CILP,DCN,OMD,THBS1
12	3	12	2	3	97	0.030927835051546393	CILP,DCN,OGN
12	3	14	4	3	97	0.030927835051546393	CILP,DCN,OGN
12	3	14	10	3	97	0.030927835051546393	CCN1,RPS17,TIPARP
12	3	24	5	3	97	0.030927835051546393	CILP,DCN,OGN
12	3	26	6	3	97	0.030927835051546393	CILP,DCN,OGN
12	3	24	2	2	98	0.02040816326530612	CILP,DCN
12	3	26	10	2	98	0.02040816326530612	CCN1,SEPTIN2
12	3	12	6	1	99	0.010101010101010102	ASPN
12	3	14	3	1	99	0.010101010101010102	DCN
12	3	14	7	1	99	0.010101010101010102	ASPN
12	3	24	4	1	99	0.010101010101010102	PIK3R1
12	3	24	7	1	99	0.010101010101010102	TIPARP
12	3	24	10	1	99	0.010101010101010102	CCN1
12	3	24	12	1	99	0.010101010101010102	CRIP1
12	3	24	13	1	99	0.010101010101010102	ASPN
12	3	24	17	1	99	0.010101010101010102	ABI3BP
12	3	26	5	1	99	0.010101010101010102	PIK3R1
12	3	26	7	1	99	0.010101010101010102	TIPARP
12	3	26	14	1	99	0.010101010101010102	CRIP1
12	3	26	15	1	99	0.010101010101010102	ASPN
12	3	26	19	1	99	0.010101010101010102	ABI3BP
12	3	12	1	0	100	0.0	
12	3	12	4	0	100	0.0	
12	3	12	5	0	100	0.0	
12	3	12	7	0	100	0.0	
12	3	12	9	0	100	0.0	
12	3	12	10	0	100	0.0	
12	3	12	11	0	100	0.0	
12	3	12	12	0	100	0.0	
12	3	14	1	0	100	0.0	
12	3	14	5	0	100	0.0	
12	3	14	6	0	100	0.0	
12	3	14	8	0	100	0.0	
12	3	14	11	0	100	0.0	
12	3	14	12	0	100	0.0	
12	3	14	13	0	100	0.0	
12	3	14	14	0	100	0.0	
12	3	24	3	0	100	0.0	
12	3	24	9	0	100	0.0	
12	3	24	11	0	100	0.0	
12	3	24	14	0	100	0.0	
12	3	24	15	0	100	0.0	
12	3	24	16	0	100	0.0	
12	3	24	18	0	100	0.0	
12	3	24	19	0	100	0.0	
12	3	24	20	0	100	0.0	
12	3	24	21	0	100	0.0	
12	3	24	22	0	100	0.0	
12	3	24	23	0	100	0.0	
12	3	24	24	0	100	0.0	
12	3	26	2	0	100	0.0	
12	3	26	4	0	100	0.0	
12	3	26	11	0	100	0.0	
12	3	26	13	0	100	0.0	
12	3	26	16	0	100	0.0	
12	3	26	17	0	100	0.0	
12	3	26	18	0	100	0.0	
12	3	26	20	0	100	0.0	
12	3	26	21	0	100	0.0	
12	3	26	22	0	100	0.0	
12	3	26	23	0	100	0.0	
12	3	26	24	0	100	0.0	
12	3	26	25	0	100	0.0	
12	3	26	26	0	100	0.0	
12	4	24	4	28	72	0.3888888888888889	ADAMTS5,AMOTL2,ANGPTL5,ANGPTL7,CCDC3,CDH13,CYP4B1,DEPP1,FBLN1,GLUL,GPM6B,GPX3,GSN,IGFBP6,JUN,LINC01088,LTBP4,MAMDC2,MAOA,MEG3,MYOC,NOX4,NTRK2,PDGFRL,PLPP3,SUN2,TGFBR3,TSKU
12	4	26	5	28	72	0.3888888888888889	ADAMTS5,AMOTL2,ANGPTL5,ANGPTL7,CCDC3,CDH13,CYP4B1,DEPP1,FBLN1,GLUL,GPM6B,GPX3,GSN,IGFBP6,JUN,LINC01088,LTBP4,MAMDC2,MAOA,MEG3,MYOC,NOX4,NTRK2,PDGFRL,PLPP3,SUN2,TGFBR3,TSKU
12	4	14	6	24	76	0.3157894736842105	ADAMTS5,CYP4B1,DEPP1,FBLN1,FBLN2,GLUL,GPNMB,GPX3,GSN,IGFBP6,JUN,LAMA2,LINC01088,LTBP4,MAOA,MGST1,MT-ND2,MYOC,NOX4,PDGFRL,PLPP3,SUN2,TSKU,ZFP36L2
12	4	24	11	13	87	0.14942528735632185	DEPP1,FBLN1,FBLN2,GLUL,GSN,JUN,LAMA2,MAOA,MGST1,MT-ND2,PLPP3,TSKU,ZFP36L2
12	4	26	4	11	89	0.12359550561797752	CKB,FHL1,ID3,IGFBP6,MT-CO2,MT-CYB,MT-ND1,MT-ND2,MT-ND4,MT-ND5,S100A6
12	4	26	13	11	89	0.12359550561797752	FBLN1,FBLN2,GLUL,GSN,JUN,LAMA2,MAOA,MGST1,PLPP3,TSKU,ZFP36L2
12	4	14	3	10	90	0.1111111111111111	ANGPTL5,CKB,FHL1,IGFBP6,MT-CO2,MT-CYB,MT-ND1,MT-ND4,MT-ND5,S100A6
12	4	24	2	10	90	0.1111111111111111	ANGPTL5,CKB,FHL1,ID3,MT-CO2,MT-CYB,MT-ND1,MT-ND4,MT-ND5,S100A6
12	4	24	12	8	92	0.08695652173913043	ABLIM1,DKK3,DPP4,FBLN2,GSN,IGFBP6,LTBP4,S100A6
12	4	26	14	8	92	0.08695652173913043	ABLIM1,DKK3,DPP4,FBLN2,GSN,IGFBP6,LTBP4,S100A6
12	4	14	1	3	97	0.030927835051546393	GPM6B,GPX3,SUN2
12	4	26	3	3	97	0.030927835051546393	ANGPTL5,ANGPTL7,CKB
12	4	14	10	2	98	0.02040816326530612	ATF3,MYC
12	4	24	6	2	98	0.02040816326530612	ANGPTL7,IGFBP6
12	4	24	7	2	98	0.02040816326530612	ATF3,MYC
12	4	26	7	2	98	0.02040816326530612	ATF3,MYC
12	4	12	1	1	99	0.010101010101010102	GPX3
12	4	12	5	1	99	0.010101010101010102	MGST1
12	4	12	6	1	99	0.010101010101010102	DKK3
12	4	12	7	1	99	0.010101010101010102	MT-CYB
12	4	12	9	1	99	0.010101010101010102	S100A6
12	4	14	7	1	99	0.010101010101010102	DKK3
12	4	14	11	1	99	0.010101010101010102	S100A6
12	4	24	3	1	99	0.010101010101010102	GPX3
12	4	24	13	1	99	0.010101010101010102	DKK3
12	4	24	14	1	99	0.010101010101010102	S100A6
12	4	24	16	1	99	0.010101010101010102	GPNMB
12	4	24	19	1	99	0.010101010101010102	GPM6B
12	4	26	2	1	99	0.010101010101010102	GPX3
12	4	26	9	1	99	0.010101010101010102	IGFBP6
12	4	26	15	1	99	0.010101010101010102	DKK3
12	4	26	16	1	99	0.010101010101010102	S100A6
12	4	26	18	1	99	0.010101010101010102	GPNMB
12	4	26	21	1	99	0.010101010101010102	GPM6B
12	4	12	2	0	100	0.0	
12	4	12	3	0	100	0.0	
12	4	12	8	0	100	0.0	
12	4	12	10	0	100	0.0	
12	4	12	11	0	100	0.0	
12	4	12	12	0	100	0.0	
12	4	14	2	0	100	0.0	
12	4	14	4	0	100	0.0	
12	4	14	5	0	100	0.0	
12	4	14	8	0	100	0.0	
12	4	14	9	0	100	0.0	
12	4	14	12	0	100	0.0	
12	4	14	13	0	100	0.0	
12	4	14	14	0	100	0.0	
12	4	24	1	0	100	0.0	
12	4	24	5	0	100	0.0	
12	4	24	8	0	100	0.0	
12	4	24	9	0	100	0.0	
12	4	24	10	0	100	0.0	
12	4	24	15	0	100	0.0	
12	4	24	17	0	100	0.0	
12	4	24	18	0	100	0.0	
12	4	24	20	0	100	0.0	
12	4	24	21	0	100	0.0	
12	4	24	22	0	100	0.0	
12	4	24	23	0	100	0.0	
12	4	24	24	0	100	0.0	
12	4	26	1	0	100	0.0	
12	4	26	6	0	100	0.0	
12	4	26	8	0	100	0.0	
12	4	26	10	0	100	0.0	
12	4	26	11	0	100	0.0	
12	4	26	12	0	100	0.0	
12	4	26	17	0	100	0.0	
12	4	26	19	0	100	0.0	
12	4	26	20	0	100	0.0	
12	4	26	22	0	100	0.0	
12	4	26	23	0	100	0.0	
12	4	26	24	0	100	0.0	
12	4	26	25	0	100	0.0	
12	4	26	26	0	100	0.0	
12	5	14	5	37	63	0.5873015873015873	AHR,AKR1C3,ANGPT1,APOE,C16ORF89,C1R,C1S,C7,CCN5,COL14A1,CRISPLD1,CXCL12,CYP1B1,DCLK1,EBF1,EFEMP1,ENPP2,EPHX1,HLA-DRB1,IGF1,IGFBP4,KCTD12,LGALS3BP,MMP2,PDGFRA,PLA2G2A,PLPP1,PLTP,PTGDS,PTGFR,SELENOP,SERPINF1,SFRP1,SRPX,TMEM176A,TMEM176B,ZFP36L1
12	5	24	15	25	75	0.3333333333333333	C16ORF89,C1R,C1S,C3,CFD,COL14A1,CXCL12,CYP1B1,DCLK1,EFEMP1,ENPP2,EPHX1,IGF1,IGFBP4,KCNE4,MMP2,OLFML3,PLA2G2A,PLPP1,PTGFR,SCG2,SERPINF1,SFRP1,TMEM176A,TMEM176B
12	5	26	17	25	75	0.3333333333333333	C16ORF89,C1R,C1S,C3,CFD,COL14A1,CXCL12,CYP1B1,DCLK1,EFEMP1,ENPP2,EPHX1,IGF1,IGFBP4,KCNE4,MMP2,OLFML3,PLA2G2A,PLPP1,PTGFR,SCG2,SERPINF1,SFRP1,TMEM176A,TMEM176B
12	5	24	10	20	80	0.25	AHR,ANGPT1,APOE,C16ORF89,C1R,C7,CCN5,COL14A1,CRISPLD1,CXCL12,EFEMP1,EPHX1,HLA-DRB1,KCTD12,LGALS3BP,PDGFRA,PLTP,PTGDS,SELENOP,ZFP36L1
12	5	26	10	19	81	0.2345679012345679	AHR,ANGPT1,APOE,C16ORF89,C1R,C7,CCN5,COL14A1,CRISPLD1,CXCL12,EPHX1,HLA-DRB1,KCTD12,LGALS3BP,PDGFRA,PLTP,PTGDS,SELENOP,ZFP36L1
12	5	26	13	14	86	0.16279069767441862	C1R,C1S,C3,CFD,EFEMP1,GGT5,ITM2A,MGST1,PLA2G2A,PODN,PTGFR,SELENOP,SERPINF1,SRPX
12	5	24	11	13	87	0.14942528735632185	C1R,C1S,C3,CFD,EFEMP1,GGT5,MGST1,PLA2G2A,PODN,PTGFR,SELENOP,SERPINF1,SRPX
12	5	14	6	10	90	0.1111111111111111	C1R,C1S,C3,CFD,MGST1,PODN,PTGFR,SELENOP,SERPINF1,SRPX
12	5	12	10	2	98	0.02040816326530612	GGT5,KCNE4
12	5	14	12	2	98	0.02040816326530612	GGT5,KCNE4
12	5	24	16	2	98	0.02040816326530612	BASP1,MMP2
12	5	24	18	2	98	0.02040816326530612	GGT5,KCNE4
12	5	26	14	2	98	0.02040816326530612	CFD,ITM2A
12	5	26	18	2	98	0.02040816326530612	BASP1,MMP2
12	5	26	20	2	98	0.02040816326530612	GGT5,KCNE4
12	5	12	4	1	99	0.010101010101010102	MGST1
12	5	12	11	1	99	0.010101010101010102	HLA-DRB1
12	5	14	3	1	99	0.010101010101010102	MT-ND3
12	5	14	13	1	99	0.010101010101010102	HLA-DRB1
12	5	24	12	1	99	0.010101010101010102	CFD
12	5	24	20	1	99	0.010101010101010102	HLA-DRB1
12	5	24	21	1	99	0.010101010101010102	HLA-DRB1
12	5	24	24	1	99	0.010101010101010102	GGT5
12	5	26	4	1	99	0.010101010101010102	MT-ND3
12	5	26	22	1	99	0.010101010101010102	HLA-DRB1
12	5	26	23	1	99	0.010101010101010102	HLA-DRB1
12	5	26	26	1	99	0.010101010101010102	GGT5
12	5	12	1	0	100	0.0	
12	5	12	2	0	100	0.0	
12	5	12	3	0	100	0.0	
12	5	12	6	0	100	0.0	
12	5	12	7	0	100	0.0	
12	5	12	8	0	100	0.0	
12	5	12	9	0	100	0.0	
12	5	12	12	0	100	0.0	
12	5	14	1	0	100	0.0	
12	5	14	2	0	100	0.0	
12	5	14	4	0	100	0.0	
12	5	14	7	0	100	0.0	
12	5	14	8	0	100	0.0	
12	5	14	9	0	100	0.0	
12	5	14	10	0	100	0.0	
12	5	14	11	0	100	0.0	
12	5	14	14	0	100	0.0	
12	5	24	1	0	100	0.0	
12	5	24	2	0	100	0.0	
12	5	24	3	0	100	0.0	
12	5	24	4	0	100	0.0	
12	5	24	5	0	100	0.0	
12	5	24	6	0	100	0.0	
12	5	24	7	0	100	0.0	
12	5	24	8	0	100	0.0	
12	5	24	9	0	100	0.0	
12	5	24	13	0	100	0.0	
12	5	24	14	0	100	0.0	
12	5	24	17	0	100	0.0	
12	5	24	19	0	100	0.0	
12	5	24	22	0	100	0.0	
12	5	24	23	0	100	0.0	
12	5	26	1	0	100	0.0	
12	5	26	2	0	100	0.0	
12	5	26	3	0	100	0.0	
12	5	26	5	0	100	0.0	
12	5	26	6	0	100	0.0	
12	5	26	7	0	100	0.0	
12	5	26	8	0	100	0.0	
12	5	26	9	0	100	0.0	
12	5	26	11	0	100	0.0	
12	5	26	12	0	100	0.0	
12	5	26	15	0	100	0.0	
12	5	26	16	0	100	0.0	
12	5	26	19	0	100	0.0	
12	5	26	21	0	100	0.0	
12	5	26	24	0	100	0.0	
12	5	26	25	0	100	0.0	
12	6	14	7	49	51	0.9607843137254902	ABHD2,AEBP1,ANGPTL2,ANTXR1,ANXA2,AQP1,ASPN,C12ORF75,C1QTNF3,CADM1,CCND1,COL12A1,COL1A1,COL1A2,COL3A1,COL5A1,COL5A2,COL6A1,COL6A2,COL6A3,COL8A1,CRABP2,CTHRC1,DKK3,DPT,ELN,FAP,FLNA,FNDC1,FSTL1,ITGB1,LGALS1,LOXL2,LRRC15,LRRC17,MXRA5,MYL9,NBL1,POSTN,PPP1R14B,S100A10,S100A4,SPARC,SPON2,TGFBI,THY1,TMSB4X,TNC,TPM1
12	6	24	13	30	70	0.42857142857142855	ABHD2,AEBP1,ANGPTL2,AQP1,ASPN,C12ORF75,CCND1,COL1A1,COL1A2,COL3A1,COL5A1,COL5A2,COL6A1,COL6A2,COL8A1,DKK3,DPT,FNDC1,FSTL1,ITGB1,LGALS1,LOXL2,LRRC15,MXRA5,S100A10,S100A4,SPARC,TGFBI,TNC,TPM1
12	6	26	15	30	70	0.42857142857142855	ABHD2,AQP1,ASPN,C12ORF75,C1QTNF3,CCND1,COL1A1,COL1A2,COL3A1,COL5A1,COL5A2,COL6A1,COL6A2,COL6A3,COL8A1,CRABP2,DKK3,DPT,ELN,FSTL1,ITGB1,LGALS1,LOXL2,LRRC15,MXRA5,S100A4,SPARC,TGFBI,TNC,TPM1
12	6	24	16	24	76	0.3157894736842105	AEBP1,CADM1,COL1A1,COL1A2,COL5A2,COL6A1,COL6A2,COL6A3,CRABP2,CTHRC1,FAP,FNDC1,ITGB1,LGALS1,LRRC15,LRRC17,MXRA5,MYL9,NBL1,POSTN,SPON2,TGFBI,THY1,TPM1
12	6	26	18	24	76	0.3157894736842105	AEBP1,ANTXR1,CADM1,COL1A1,COL1A2,COL5A2,COL6A1,COL6A2,COL6A3,CRABP2,CTHRC1,FAP,FNDC1,ITGB1,LGALS1,LRRC15,LRRC17,MXRA5,MYL9,NBL1,POSTN,SPON2,THY1,TPM1
12	6	24	12	12	88	0.13636363636363635	ANXA2,AQP1,C1QTNF3,COL6A2,CRABP2,DKK3,FSTL1,PPP1R14B,PRSS23,S100A10,S100A4,TMSB4X
12	6	26	14	12	88	0.13636363636363635	ANXA2,AQP1,C1QTNF3,COL6A2,CRABP2,DKK3,FSTL1,PPP1R14B,PRSS23,S100A10,S100A4,TMSB4X
12	6	14	14	8	92	0.08695652173913043	ANXA2,C12ORF75,CCND1,COL6A1,ITGB1,LGALS1,PPP1R14B,S100A10
12	6	24	23	8	92	0.08695652173913043	ANXA2,C12ORF75,CCND1,COL6A1,ITGB1,LGALS1,PPP1R14B,S100A10
12	6	12	12	7	93	0.07526881720430108	ANXA2,C12ORF75,COL6A1,ITGB1,LGALS1,PPP1R14B,S100A10
12	6	26	25	7	93	0.07526881720430108	ANXA2,C12ORF75,COL6A1,ITGB1,LGALS1,PPP1R14B,S100A10
12	6	14	11	6	94	0.06382978723404255	AQP1,CCND1,PPP1R14B,PRSS23,S100A10,S100A4
12	6	12	9	5	95	0.05263157894736842	AQP1,CCND1,DPT,PRSS23,S100A4
12	6	14	4	5	95	0.05263157894736842	ANGPTL2,COL3A1,COL5A1,COL5A2,SPARC
12	6	26	4	5	95	0.05263157894736842	ANXA2,LGALS1,PPP1R14B,S100A10,S100A4
12	6	24	5	4	96	0.041666666666666664	ANGPTL2,COL3A1,DPT,SPARC
12	6	26	6	4	96	0.041666666666666664	ANGPTL2,COL3A1,DPT,SPARC
12	6	24	1	3	97	0.030927835051546393	ANTXR1,COL12A1,TNC
12	6	14	3	2	98	0.02040816326530612	ANXA2,S100A10
12	6	14	5	2	98	0.02040816326530612	PRSS23,THY1
12	6	14	12	2	98	0.02040816326530612	MYL9,THY1
12	6	24	18	2	98	0.02040816326530612	MYL9,THY1
12	6	26	1	2	98	0.02040816326530612	COL12A1,COL6A3
12	6	26	12	2	98	0.02040816326530612	ASPN,TNC
12	6	26	20	2	98	0.02040816326530612	MYL9,THY1
12	6	12	2	1	99	0.010101010101010102	SPARC
12	6	12	3	1	99	0.010101010101010102	ASPN
12	6	12	4	1	99	0.010101010101010102	DKK3
12	6	12	10	1	99	0.010101010101010102	THY1
12	6	24	2	1	99	0.010101010101010102	ANXA2
12	6	24	10	1	99	0.010101010101010102	THY1
12	6	24	17	1	99	0.010101010101010102	SPARC
12	6	26	10	1	99	0.010101010101010102	THY1
12	6	12	1	0	100	0.0	
12	6	12	5	0	100	0.0	
12	6	12	7	0	100	0.0	
12	6	12	8	0	100	0.0	
12	6	12	11	0	100	0.0	
12	6	14	1	0	100	0.0	
12	6	14	2	0	100	0.0	
12	6	14	6	0	100	0.0	
12	6	14	8	0	100	0.0	
12	6	14	9	0	100	0.0	
12	6	14	10	0	100	0.0	
12	6	14	13	0	100	0.0	
12	6	24	3	0	100	0.0	
12	6	24	4	0	100	0.0	
12	6	24	6	0	100	0.0	
12	6	24	7	0	100	0.0	
12	6	24	8	0	100	0.0	
12	6	24	9	0	100	0.0	
12	6	24	11	0	100	0.0	
12	6	24	14	0	100	0.0	
12	6	24	15	0	100	0.0	
12	6	24	19	0	100	0.0	
12	6	24	20	0	100	0.0	
12	6	24	21	0	100	0.0	
12	6	24	22	0	100	0.0	
12	6	24	24	0	100	0.0	
12	6	26	2	0	100	0.0	
12	6	26	3	0	100	0.0	
12	6	26	5	0	100	0.0	
12	6	26	7	0	100	0.0	
12	6	26	8	0	100	0.0	
12	6	26	9	0	100	0.0	
12	6	26	11	0	100	0.0	
12	6	26	13	0	100	0.0	
12	6	26	16	0	100	0.0	
12	6	26	17	0	100	0.0	
12	6	26	19	0	100	0.0	
12	6	26	21	0	100	0.0	
12	6	26	22	0	100	0.0	
12	6	26	23	0	100	0.0	
12	6	26	24	0	100	0.0	
12	6	26	26	0	100	0.0	
12	7	14	8	48	52	0.9230769230769231	AC004540.2,APBB1IP,APLP2,CFI,CHST2,CLIC5,COL22A1,COLEC12,CREB5,CRTAC1,CTTNBP2,DIRC3,DNASE1L3,FGF10,GABRA4,GFPT2,GJB2,GPR1,HAS1,HBEGF,HHIP,HHIP-AS1,HTRA1,HTRA4,ITGA6,ITGB8,ITGBL1,ITM2B,MAL,MTUS2,NTN4,PCSK6,PPP1R1A,PRG4,SCARA5,SELP,SEMA3A,SEMA3C,SEMA5A,SMIM14,SPARCL1,TFPI,TIMP3,TMEM196,TSPAN15,TSPAN7,TWISTNB,ZNF385B
12	7	24	9	48	52	0.9230769230769231	AC004540.2,APBB1IP,APLP2,CFI,CHST2,CLIC5,COL22A1,COLEC12,CREB5,CRTAC1,CTTNBP2,DIRC3,DNASE1L3,FGF10,GABRA4,GFPT2,GJB2,GPR1,HAS1,HBEGF,HHIP,HHIP-AS1,HTRA1,HTRA4,ITGA6,ITGB8,ITGBL1,ITM2B,MAL,MTUS2,NTN4,PCSK6,PPP1R1A,PRG4,SCARA5,SELP,SEMA3A,SEMA3C,SEMA5A,SMIM14,SPARCL1,TFPI,TIMP3,TMEM196,TSPAN15,TSPAN7,TWISTNB,ZNF385B
12	7	26	11	48	52	0.9230769230769231	AC004540.2,APBB1IP,APLP2,CFI,CHST2,CLIC5,COL22A1,COLEC12,CREB5,CRTAC1,CTTNBP2,DIRC3,DNASE1L3,FGF10,GABRA4,GFPT2,GJB2,GPR1,HAS1,HBEGF,HHIP,HHIP-AS1,HTRA1,HTRA4,ITGA6,ITGB8,ITGBL1,ITM2B,MAL,MTUS2,NTN4,PCSK6,PPP1R1A,PRG4,SCARA5,SELP,SEMA3A,SEMA3C,SEMA5A,SMIM14,SPARCL1,TFPI,TIMP3,TMEM196,TSPAN15,TSPAN7,TWISTNB,ZNF385B
12	7	24	14	7	93	0.07526881720430108	CRTAC1,GFPT2,HTRA1,PRG4,SEMA3A,SMIM14,TIMP3
12	7	26	16	7	93	0.07526881720430108	CRTAC1,GFPT2,HTRA1,PRG4,SEMA3A,SMIM14,TIMP3
12	7	14	11	6	94	0.06382978723404255	CRTAC1,GFPT2,HTRA1,PRG4,SMIM14,TIMP3
12	7	12	9	5	95	0.05263157894736842	CRTAC1,HTRA1,PRG4,SMIM14,TIMP3
12	7	24	19	3	97	0.030927835051546393	ITGA6,ITGB8,MAL
12	7	26	21	3	97	0.030927835051546393	ITGA6,ITGB8,MAL
12	7	24	12	2	98	0.02040816326530612	ITM2B,SCARA5
12	7	24	20	2	98	0.02040816326530612	ITGA6,TSPAN7
12	7	26	14	2	98	0.02040816326530612	ITM2B,SCARA5
12	7	26	22	2	98	0.02040816326530612	ITGA6,TSPAN7
12	7	12	4	1	99	0.010101010101010102	MT-CYB
12	7	12	10	1	99	0.010101010101010102	SPARCL1
12	7	14	3	1	99	0.010101010101010102	MT-CYB
12	7	14	5	1	99	0.010101010101010102	CFI
12	7	14	12	1	99	0.010101010101010102	SPARCL1
12	7	24	2	1	99	0.010101010101010102	MT-CYB
12	7	24	10	1	99	0.010101010101010102	CFI
12	7	24	18	1	99	0.010101010101010102	SPARCL1
12	7	26	4	1	99	0.010101010101010102	MT-CYB
12	7	26	6	1	99	0.010101010101010102	HTRA1
12	7	26	10	1	99	0.010101010101010102	CFI
12	7	26	12	1	99	0.010101010101010102	ITM2B
12	7	26	20	1	99	0.010101010101010102	SPARCL1
12	7	12	1	0	100	0.0	
12	7	12	2	0	100	0.0	
12	7	12	3	0	100	0.0	
12	7	12	5	0	100	0.0	
12	7	12	6	0	100	0.0	
12	7	12	8	0	100	0.0	
12	7	12	11	0	100	0.0	
12	7	12	12	0	100	0.0	
12	7	14	1	0	100	0.0	
12	7	14	2	0	100	0.0	
12	7	14	4	0	100	0.0	
12	7	14	6	0	100	0.0	
12	7	14	7	0	100	0.0	
12	7	14	9	0	100	0.0	
12	7	14	10	0	100	0.0	
12	7	14	13	0	100	0.0	
12	7	14	14	0	100	0.0	
12	7	24	1	0	100	0.0	
12	7	24	3	0	100	0.0	
12	7	24	4	0	100	0.0	
12	7	24	5	0	100	0.0	
12	7	24	6	0	100	0.0	
12	7	24	7	0	100	0.0	
12	7	24	8	0	100	0.0	
12	7	24	11	0	100	0.0	
12	7	24	13	0	100	0.0	
12	7	24	15	0	100	0.0	
12	7	24	16	0	100	0.0	
12	7	24	17	0	100	0.0	
12	7	24	21	0	100	0.0	
12	7	24	22	0	100	0.0	
12	7	24	23	0	100	0.0	
12	7	24	24	0	100	0.0	
12	7	26	1	0	100	0.0	
12	7	26	2	0	100	0.0	
12	7	26	3	0	100	0.0	
12	7	26	5	0	100	0.0	
12	7	26	7	0	100	0.0	
12	7	26	8	0	100	0.0	
12	7	26	9	0	100	0.0	
12	7	26	13	0	100	0.0	
12	7	26	15	0	100	0.0	
12	7	26	17	0	100	0.0	
12	7	26	18	0	100	0.0	
12	7	26	19	0	100	0.0	
12	7	26	23	0	100	0.0	
12	7	26	24	0	100	0.0	
12	7	26	25	0	100	0.0	
12	7	26	26	0	100	0.0	
12	8	14	9	37	63	0.5873015873015873	ANGPTL4,BMP2,BNIP3,CHAC1,EEF1G,ERRFI1,FGF2,FHL2,FOSL1,FOXC2,GABARAP,GAS5,GLIS3,HSPA5,IL11,INHBA,LIF,MIF,NME2,PHLDA2,PTGS2,RCAN1,RFLNB,RNASEK,RPL17,RPS17,SDF2L1,SEPTIN7,SERPINA1,SERPINA3,SIPA1L2,SLC2A1,SLC7A11,SNHG29,SOX9,TNFRSF12A,VEGFA
12	8	24	8	25	75	0.3333333333333333	ANGPTL4,BMP2,BNIP3,EEF1G,ERRFI1,FNIP2,GABARAP,GAS5,HSPA5,MIF,NME2,RFLNB,RNASEK,RPL17,RPS17,SDF2L1,SEPTIN7,SERPINA1,SERPINA3,SIPA1L2,SLC2A1,SNHG29,SOX9,TNFRSF12A,VEGFA
12	8	26	8	25	75	0.3333333333333333	ANGPTL4,BMP2,BNIP3,EEF1G,ERRFI1,FNIP2,GABARAP,GAS5,HSPA5,MIF,NME2,RFLNB,RNASEK,RPL17,RPS17,SDF2L1,SEPTIN7,SERPINA1,SERPINA3,SIPA1L2,SLC2A1,SNHG29,SOX9,TNFRSF12A,VEGFA
12	8	26	7	18	82	0.21951219512195122	ABL2,ARID5B,BMP2,CDKN1A,CHAC1,EGR1,FNIP2,FOSL1,GEM,GLIS3,HMOX1,IER3,KDM6B,KIAA0040,PPP1R15A,PTGS2,RCAN1,TNFRSF10D
12	8	26	19	18	82	0.21951219512195122	BMP2,CHAC1,FGF2,FHL2,FOSL1,GLIS3,HSPA5,IL11,INHBA,KDM6B,LIF,PHLDA2,PTGS2,RFLNB,SDF2L1,SERPINA3,SLC7A11,TNFRSF12A
12	8	14	10	17	83	0.20481927710843373	ABL2,ARID5B,CDKN1A,CHAC1,EGR1,FNIP2,FOSL1,GEM,GLIS3,HMOX1,IER3,KDM6B,KIAA0040,PPP1R15A,PTGS2,RCAN1,RPS17
12	8	24	7	17	83	0.20481927710843373	ABL2,ARID5B,BMP2,CDKN1A,CHAC1,EGR1,FNIP2,FOSL1,GEM,GLIS3,HMOX1,IER3,KDM6B,KIAA0040,PPP1R15A,PTGS2,RCAN1
12	8	24	17	17	83	0.20481927710843373	BMP2,FGF2,FHL2,FOSL1,GLIS3,HSPA5,IL11,INHBA,KDM6B,LIF,PHLDA2,PTGS2,RFLNB,SDF2L1,SERPINA3,SLC7A11,TNFRSF12A
12	8	24	6	12	88	0.13636363636363635	EEF1G,GABARAP,GAS5,KIAA0040,MIF,NME2,RNASEK,RPL17,RPS17,SEPTIN7,SERPINA3,SNHG29
12	8	26	9	12	88	0.13636363636363635	EEF1G,GABARAP,GAS5,KIAA0040,MIF,NME2,RNASEK,RPL17,RPS17,SEPTIN7,SERPINA3,SNHG29
12	8	26	12	11	89	0.12359550561797752	CHAC1,EEF1G,GABARAP,GAS5,MIF,NME2,RNASEK,RPL17,RPS17,SEPTIN7,SNHG29
12	8	12	3	9	91	0.0989010989010989	EEF1G,GABARAP,GAS5,NME2,RNASEK,RPL17,RPS17,SEPTIN7,SNHG29
12	8	14	2	9	91	0.0989010989010989	EEF1G,GABARAP,GAS5,NME2,RNASEK,RPL17,RPS17,SEPTIN7,SNHG29
12	8	12	1	3	97	0.030927835051546393	ANGPTL4,BNIP3,ERRFI1
12	8	14	1	3	97	0.030927835051546393	ANGPTL4,BNIP3,ERRFI1
12	8	24	3	3	97	0.030927835051546393	ANGPTL4,BNIP3,ERRFI1
12	8	26	2	3	97	0.030927835051546393	ANGPTL4,BNIP3,ERRFI1
12	8	26	4	3	97	0.030927835051546393	IER3,PHLDA2,SDF2L1
12	8	24	13	2	98	0.02040816326530612	RFLNB,TNFRSF12A
12	8	24	23	2	98	0.02040816326530612	FHL2,TNFRSF12A
12	8	26	15	2	98	0.02040816326530612	RFLNB,TNFRSF12A
12	8	12	2	1	99	0.010101010101010102	SERPINA1
12	8	12	12	1	99	0.010101010101010102	FHL2
12	8	14	3	1	99	0.010101010101010102	IER3
12	8	14	4	1	99	0.010101010101010102	SERPINA1
12	8	14	14	1	99	0.010101010101010102	FHL2
12	8	24	2	1	99	0.010101010101010102	IER3
12	8	24	5	1	99	0.010101010101010102	SERPINA1
12	8	24	10	1	99	0.010101010101010102	PPP1R15A
12	8	26	3	1	99	0.010101010101010102	FOXC2
12	8	26	6	1	99	0.010101010101010102	SERPINA1
12	8	26	10	1	99	0.010101010101010102	PPP1R15A
12	8	26	25	1	99	0.010101010101010102	FHL2
12	8	12	4	0	100	0.0	
12	8	12	5	0	100	0.0	
12	8	12	6	0	100	0.0	
12	8	12	7	0	100	0.0	
12	8	12	9	0	100	0.0	
12	8	12	10	0	100	0.0	
12	8	12	11	0	100	0.0	
12	8	14	5	0	100	0.0	
12	8	14	6	0	100	0.0	
12	8	14	7	0	100	0.0	
12	8	14	8	0	100	0.0	
12	8	14	11	0	100	0.0	
12	8	14	12	0	100	0.0	
12	8	14	13	0	100	0.0	
12	8	24	1	0	100	0.0	
12	8	24	4	0	100	0.0	
12	8	24	9	0	100	0.0	
12	8	24	11	0	100	0.0	
12	8	24	12	0	100	0.0	
12	8	24	14	0	100	0.0	
12	8	24	15	0	100	0.0	
12	8	24	16	0	100	0.0	
12	8	24	18	0	100	0.0	
12	8	24	19	0	100	0.0	
12	8	24	20	0	100	0.0	
12	8	24	21	0	100	0.0	
12	8	24	22	0	100	0.0	
12	8	24	24	0	100	0.0	
12	8	26	1	0	100	0.0	
12	8	26	5	0	100	0.0	
12	8	26	11	0	100	0.0	
12	8	26	13	0	100	0.0	
12	8	26	14	0	100	0.0	
12	8	26	16	0	100	0.0	
12	8	26	17	0	100	0.0	
12	8	26	18	0	100	0.0	
12	8	26	20	0	100	0.0	
12	8	26	21	0	100	0.0	
12	8	26	22	0	100	0.0	
12	8	26	23	0	100	0.0	
12	8	26	24	0	100	0.0	
12	8	26	26	0	100	0.0	
12	9	14	11	44	56	0.7857142857142857	ADAMTS6,ADGRG2,AMTN,AQP1,CAPS,CCDC80,CCND1,CD55,CLU,CRLF1,CRTAC1,DEFB1,DYSF,EMP3,EPB41L3,FN1,GAS1,HMX1,HSD3B7,HTRA1,IGFBP5,ISLR,ITPR3,NECTIN4,PRDX4,PRG4,PRSS23,PTGES,PTHLH,RET,S100A3,S100A4,S100A6,SLC16A10,SLC2A12,SLC7A2,SMIM14,SMOC1,TIMP1,TIMP3,TNFAIP6,TNFRSF11B,TREM1,TYMP
12	9	24	14	39	61	0.639344262295082	ADAMTS6,ADAMTSL2,ADGRG2,AMTN,CAPS,CCDC80,CD55,CLU,CRLF1,CRTAC1,DEFB1,DYSF,EMP3,EPB41L3,FN1,HMX1,HSD3B7,HTRA1,IGFBP5,ISLR,ITPR3,NECTIN4,PRDX4,PRG4,RET,S100A3,S100A6,SLC16A10,SLC2A12,SLC7A2,SMIM14,SMOC1,SOX11,TIMP1,TIMP3,TNFAIP6,TNFRSF11B,TREM1,TYMP
12	9	26	16	38	62	0.6129032258064516	ADAMTS6,ADAMTSL2,ADGRG2,AMTN,CAPS,CCDC80,CD55,CLU,CRLF1,CRTAC1,DEFB1,DYSF,EMP3,EPB41L3,FN1,HMX1,HSD3B7,HTRA1,IGFBP5,ISLR,ITPR3,NECTIN4,PRDX4,PRG4,RET,S100A3,S100A6,SLC16A10,SLC2A12,SLC7A2,SMIM14,SMOC1,SOX11,TIMP3,TNFAIP6,TNFRSF11B,TREM1,TYMP
12	9	24	13	7	93	0.07526881720430108	AQP1,CCND1,CRLF1,DPT,ISLR,S100A4,TREM1
12	9	26	12	7	93	0.07526881720430108	CLU,GAS1,MIA,NDUFA4L2,PRDX4,PTGES,TREM1
12	9	26	4	6	94	0.06382978723404255	CLU,EMP3,NDUFA4L2,S100A4,S100A6,TNFRSF11B
12	9	26	15	6	94	0.06382978723404255	AQP1,CCND1,DPT,ISLR,S100A4,TREM1
12	9	12	6	5	95	0.05263157894736842	AQP1,CCND1,DPT,PRSS23,S100A4
12	9	12	7	5	95	0.05263157894736842	CRTAC1,HTRA1,PRG4,SMIM14,TIMP3
12	9	14	7	5	95	0.05263157894736842	AQP1,CCND1,DPT,ISLR,S100A4
12	9	14	8	5	95	0.05263157894736842	CRTAC1,HTRA1,PRG4,SMIM14,TIMP3
12	9	24	9	5	95	0.05263157894736842	CRTAC1,HTRA1,PRG4,SMIM14,TIMP3
12	9	24	12	5	95	0.05263157894736842	AQP1,EMP3,PRSS23,S100A4,S100A6
12	9	26	11	5	95	0.05263157894736842	CRTAC1,HTRA1,PRG4,SMIM14,TIMP3
12	9	26	14	5	95	0.05263157894736842	AQP1,EMP3,PRSS23,S100A4,S100A6
12	9	14	3	4	96	0.041666666666666664	CLU,EMP3,S100A6,TNFRSF11B
12	9	24	2	4	96	0.041666666666666664	CLU,EMP3,NDUFA4L2,S100A6
12	9	24	5	4	96	0.041666666666666664	DPT,MIA,PRDX4,SRPX2
12	9	26	6	4	96	0.041666666666666664	DPT,HTRA1,MIA,PRDX4
12	9	12	2	3	97	0.030927835051546393	CLU,NDUFA4L2,PRDX4
12	9	26	3	3	97	0.030927835051546393	CLU,DEFB1,NDUFA4L2
12	9	14	4	2	98	0.02040816326530612	MIA,PRDX4
12	9	24	17	2	98	0.02040816326530612	TNFAIP6,TNFRSF11B
12	9	26	8	2	98	0.02040816326530612	IGFBP5,PTGES
12	9	26	19	2	98	0.02040816326530612	TNFAIP6,TNFRSF11B
12	9	12	4	1	99	0.010101010101010102	S100A6
12	9	14	5	1	99	0.010101010101010102	PRSS23
12	9	14	9	1	99	0.010101010101010102	PTGES
12	9	14	14	1	99	0.010101010101010102	CCND1
12	9	24	8	1	99	0.010101010101010102	PTGES
12	9	24	23	1	99	0.010101010101010102	CCND1
12	9	12	1	0	100	0.0	
12	9	12	3	0	100	0.0	
12	9	12	5	0	100	0.0	
12	9	12	8	0	100	0.0	
12	9	12	10	0	100	0.0	
12	9	12	11	0	100	0.0	
12	9	12	12	0	100	0.0	
12	9	14	1	0	100	0.0	
12	9	14	2	0	100	0.0	
12	9	14	6	0	100	0.0	
12	9	14	10	0	100	0.0	
12	9	14	12	0	100	0.0	
12	9	14	13	0	100	0.0	
12	9	24	1	0	100	0.0	
12	9	24	3	0	100	0.0	
12	9	24	4	0	100	0.0	
12	9	24	6	0	100	0.0	
12	9	24	7	0	100	0.0	
12	9	24	10	0	100	0.0	
12	9	24	11	0	100	0.0	
12	9	24	15	0	100	0.0	
12	9	24	16	0	100	0.0	
12	9	24	18	0	100	0.0	
12	9	24	19	0	100	0.0	
12	9	24	20	0	100	0.0	
12	9	24	21	0	100	0.0	
12	9	24	22	0	100	0.0	
12	9	24	24	0	100	0.0	
12	9	26	1	0	100	0.0	
12	9	26	2	0	100	0.0	
12	9	26	5	0	100	0.0	
12	9	26	7	0	100	0.0	
12	9	26	9	0	100	0.0	
12	9	26	10	0	100	0.0	
12	9	26	13	0	100	0.0	
12	9	26	17	0	100	0.0	
12	9	26	18	0	100	0.0	
12	9	26	20	0	100	0.0	
12	9	26	21	0	100	0.0	
12	9	26	22	0	100	0.0	
12	9	26	23	0	100	0.0	
12	9	26	24	0	100	0.0	
12	9	26	25	0	100	0.0	
12	9	26	26	0	100	0.0	
12	10	14	12	48	52	0.9230769230769231	ACTA2,ADGRF5,ARHGAP15,CALD1,CARMN,CD36,CDH19,CHN1,COL18A1,COL4A1,COL4A2,COX4I2,EBF2,EDNRA,EDNRB,FHL5,FILIP1L,FOXS1,GGT5,GJA4,GUCY1A1,GUCY1B1,HES4,HEYL,HIGD1B,IGFBP7,KCNE4,LINC00924,LINC01197,MAP1B,MCAM,NGFR,NOTCH3,NR2F2,NRXN1,OLFML2A,PLN,PLP1,PPP1R14A,RCAN2,RGS5,RNF152,SCN4B,SPARCL1,SYNPO2,TAGLN,THY1,TINAGL1
12	10	24	18	43	57	0.7543859649122807	ACTA2,ADAMTS4,ADGRF5,ARHGAP15,CALD1,CARMN,CD36,CHN1,COL18A1,COL4A1,COL4A2,COX4I2,EDNRA,EDNRB,FHL5,FILIP1L,FOXS1,GGT5,GJA4,GUCY1A1,GUCY1B1,HES4,HEYL,HIGD1B,ID4,IGFBP7,KCNE4,LINC00924,LINC01197,MCAM,NOTCH3,NR2F2,PLN,PPP1R14A,RCAN2,RGS5,RNF152,SCN4B,SPARCL1,SYNPO2,TAGLN,THY1,TINAGL1
12	10	26	20	43	57	0.7543859649122807	ACTA2,ADAMTS4,ADGRF5,ARHGAP15,CALD1,CARMN,CD36,CHN1,COL18A1,COL4A1,COL4A2,COX4I2,EDNRA,EDNRB,FHL5,FILIP1L,FOXS1,GGT5,GJA4,GUCY1A1,GUCY1B1,HES4,HEYL,HIGD1B,ID4,IGFBP7,KCNE4,LINC00924,LINC01197,MCAM,NOTCH3,NR2F2,PLN,PPP1R14A,RCAN2,RGS5,RNF152,SCN4B,SPARCL1,SYNPO2,TAGLN,THY1,TINAGL1
12	10	24	19	15	85	0.17647058823529413	ARHGAP15,CDH19,COL18A1,COL4A1,COL4A2,EBF2,FOXS1,IGFBP7,MAP1B,MCAM,NGFR,NR2F2,NRXN1,OLFML2A,PLP1
12	10	26	21	14	86	0.16279069767441862	ARHGAP15,CDH19,COL18A1,COL4A1,EBF2,FOXS1,IGFBP7,MAP1B,MCAM,NGFR,NR2F2,NRXN1,OLFML2A,PLP1
12	10	24	16	5	95	0.05263157894736842	CALD1,COL4A1,COL4A2,TAGLN,THY1
12	10	24	24	5	95	0.05263157894736842	CD36,GGT5,GUCY1A1,GUCY1B1,HEYL
12	10	26	18	5	95	0.05263157894736842	CALD1,COL4A1,COL4A2,TAGLN,THY1
12	10	26	26	5	95	0.05263157894736842	CD36,GGT5,GUCY1A1,GUCY1B1,HEYL
12	10	12	5	2	98	0.02040816326530612	GGT5,KCNE4
12	10	24	20	2	98	0.02040816326530612	ADGRF5,EDNRB
12	10	26	22	2	98	0.02040816326530612	ADGRF5,EDNRB
12	10	12	6	1	99	0.010101010101010102	THY1
12	10	12	7	1	99	0.010101010101010102	SPARCL1
12	10	12	12	1	99	0.010101010101010102	MAP1B
12	10	14	5	1	99	0.010101010101010102	THY1
12	10	14	7	1	99	0.010101010101010102	THY1
12	10	14	8	1	99	0.010101010101010102	SPARCL1
12	10	14	10	1	99	0.010101010101010102	ID4
12	10	14	14	1	99	0.010101010101010102	MAP1B
12	10	24	7	1	99	0.010101010101010102	ID4
12	10	24	9	1	99	0.010101010101010102	SPARCL1
12	10	24	10	1	99	0.010101010101010102	THY1
12	10	24	11	1	99	0.010101010101010102	GGT5
12	10	24	12	1	99	0.010101010101010102	MAP1B
12	10	24	13	1	99	0.010101010101010102	IGFBP7
12	10	24	15	1	99	0.010101010101010102	KCNE4
12	10	24	23	1	99	0.010101010101010102	MAP1B
12	10	26	7	1	99	0.010101010101010102	ID4
12	10	26	10	1	99	0.010101010101010102	THY1
12	10	26	11	1	99	0.010101010101010102	SPARCL1
12	10	26	13	1	99	0.010101010101010102	GGT5
12	10	26	14	1	99	0.010101010101010102	MAP1B
12	10	26	15	1	99	0.010101010101010102	IGFBP7
12	10	26	17	1	99	0.010101010101010102	KCNE4
12	10	26	25	1	99	0.010101010101010102	MAP1B
12	10	12	1	0	100	0.0	
12	10	12	2	0	100	0.0	
12	10	12	3	0	100	0.0	
12	10	12	4	0	100	0.0	
12	10	12	8	0	100	0.0	
12	10	12	9	0	100	0.0	
12	10	12	11	0	100	0.0	
12	10	14	1	0	100	0.0	
12	10	14	2	0	100	0.0	
12	10	14	3	0	100	0.0	
12	10	14	4	0	100	0.0	
12	10	14	6	0	100	0.0	
12	10	14	9	0	100	0.0	
12	10	14	11	0	100	0.0	
12	10	14	13	0	100	0.0	
12	10	24	1	0	100	0.0	
12	10	24	2	0	100	0.0	
12	10	24	3	0	100	0.0	
12	10	24	4	0	100	0.0	
12	10	24	5	0	100	0.0	
12	10	24	6	0	100	0.0	
12	10	24	8	0	100	0.0	
12	10	24	14	0	100	0.0	
12	10	24	17	0	100	0.0	
12	10	24	21	0	100	0.0	
12	10	24	22	0	100	0.0	
12	10	26	1	0	100	0.0	
12	10	26	2	0	100	0.0	
12	10	26	3	0	100	0.0	
12	10	26	4	0	100	0.0	
12	10	26	5	0	100	0.0	
12	10	26	6	0	100	0.0	
12	10	26	8	0	100	0.0	
12	10	26	9	0	100	0.0	
12	10	26	12	0	100	0.0	
12	10	26	16	0	100	0.0	
12	10	26	19	0	100	0.0	
12	10	26	23	0	100	0.0	
12	10	26	24	0	100	0.0	
12	11	14	13	50	50	1.0	AIF1,ALOX5AP,C1QA,C1QB,C1QC,CCL4,CCL4L2,CD163,CD37,CD3D,CD48,CD52,CD69,CD74,CPVL,CXCR4,CYBB,EMB,FCER1A,FCER1G,FCGR2B,FCGR3A,FOLR2,GMFG,HCST,HLA-DQA1,HLA-DQB1,HLA-DRA,HLA-DRB1,HLA-DRB5,HPGDS,LAPTM5,LILRB5,LYVE1,LYZ,MARCO,MS4A4A,MS4A6A,MS4A7,PTPRC,RGS1,RNASE1,S100A8,S100A9,SAMSN1,SRGN,STAB1,TPSAB1,TYROBP,VSIG4
12	11	24	21	42	58	0.7241379310344828	AIF1,ALOX5AP,C1QA,C1QB,C1QC,CCL4,CCL4L2,CD163,CD37,CD74,CPVL,CYBB,EMB,FCER1A,FCER1G,FCGR2B,FCGR3A,FOLR2,GMFG,HCST,HLA-DQA1,HLA-DQB1,HLA-DRA,HLA-DRB1,HLA-DRB5,HPGDS,LAPTM5,LILRB5,LYVE1,LYZ,MARCO,MS4A4A,MS4A6A,MS4A7,PTPRC,RGS1,RNASE1,S100A8,S100A9,STAB1,TYROBP,VSIG4
12	11	26	23	42	58	0.7241379310344828	AIF1,ALOX5AP,C1QA,C1QB,C1QC,CCL4,CCL4L2,CD163,CD37,CD74,CPVL,CYBB,EMB,FCER1A,FCER1G,FCGR2B,FCGR3A,FOLR2,GMFG,HCST,HLA-DQA1,HLA-DQB1,HLA-DRA,HLA-DRB1,HLA-DRB5,HPGDS,LAPTM5,LILRB5,LYVE1,LYZ,MARCO,MS4A4A,MS4A6A,MS4A7,PTPRC,RGS1,RNASE1,S100A8,S100A9,STAB1,TYROBP,VSIG4
12	11	24	22	19	81	0.2345679012345679	ALOX5AP,CCL4,CD37,CD3D,CD48,CD52,CD69,CXCR4,EMB,FCER1G,GMFG,HCST,HPGDS,LAPTM5,PTPRC,RGS1,SAMSN1,SRGN,TPSAB1
12	11	26	24	19	81	0.2345679012345679	ALOX5AP,CCL4,CD37,CD3D,CD48,CD52,CD69,CXCR4,EMB,FCER1G,GMFG,HCST,HPGDS,LAPTM5,PTPRC,RGS1,SAMSN1,SRGN,TPSAB1
12	11	24	20	6	94	0.06382978723404255	CD74,GMFG,HLA-DRA,HLA-DRB1,LYVE1,RNASE1
12	11	26	22	6	94	0.06382978723404255	CD74,GMFG,HLA-DRA,HLA-DRB1,LYVE1,RNASE1
12	11	24	10	4	96	0.041666666666666664	CD74,HLA-DRA,HLA-DRB1,HLA-DRB5
12	11	26	10	4	96	0.041666666666666664	CD74,HLA-DRA,HLA-DRB1,HLA-DRB5
12	11	14	5	3	97	0.030927835051546393	CD74,HLA-DRB1,HLA-DRB5
12	11	26	12	2	98	0.02040816326530612	HLA-DQB1,SRGN
12	11	12	5	1	99	0.010101010101010102	HLA-DRB1
12	11	24	24	1	99	0.010101010101010102	LYVE1
12	11	26	26	1	99	0.010101010101010102	LYVE1
12	11	12	1	0	100	0.0	
12	11	12	2	0	100	0.0	
12	11	12	3	0	100	0.0	
12	11	12	4	0	100	0.0	
12	11	12	6	0	100	0.0	
12	11	12	7	0	100	0.0	
12	11	12	8	0	100	0.0	
12	11	12	9	0	100	0.0	
12	11	12	10	0	100	0.0	
12	11	12	12	0	100	0.0	
12	11	14	1	0	100	0.0	
12	11	14	2	0	100	0.0	
12	11	14	3	0	100	0.0	
12	11	14	4	0	100	0.0	
12	11	14	6	0	100	0.0	
12	11	14	7	0	100	0.0	
12	11	14	8	0	100	0.0	
12	11	14	9	0	100	0.0	
12	11	14	10	0	100	0.0	
12	11	14	11	0	100	0.0	
12	11	14	12	0	100	0.0	
12	11	14	14	0	100	0.0	
12	11	24	1	0	100	0.0	
12	11	24	2	0	100	0.0	
12	11	24	3	0	100	0.0	
12	11	24	4	0	100	0.0	
12	11	24	5	0	100	0.0	
12	11	24	6	0	100	0.0	
12	11	24	7	0	100	0.0	
12	11	24	8	0	100	0.0	
12	11	24	9	0	100	0.0	
12	11	24	11	0	100	0.0	
12	11	24	12	0	100	0.0	
12	11	24	13	0	100	0.0	
12	11	24	14	0	100	0.0	
12	11	24	15	0	100	0.0	
12	11	24	16	0	100	0.0	
12	11	24	17	0	100	0.0	
12	11	24	18	0	100	0.0	
12	11	24	19	0	100	0.0	
12	11	24	23	0	100	0.0	
12	11	26	1	0	100	0.0	
12	11	26	2	0	100	0.0	
12	11	26	3	0	100	0.0	
12	11	26	4	0	100	0.0	
12	11	26	5	0	100	0.0	
12	11	26	6	0	100	0.0	
12	11	26	7	0	100	0.0	
12	11	26	8	0	100	0.0	
12	11	26	9	0	100	0.0	
12	11	26	11	0	100	0.0	
12	11	26	13	0	100	0.0	
12	11	26	14	0	100	0.0	
12	11	26	15	0	100	0.0	
12	11	26	16	0	100	0.0	
12	11	26	17	0	100	0.0	
12	11	26	18	0	100	0.0	
12	11	26	19	0	100	0.0	
12	11	26	20	0	100	0.0	
12	11	26	21	0	100	0.0	
12	11	26	25	0	100	0.0	
12	12	14	14	49	51	0.9607843137254902	AHSP,ALAS2,ANLN,ANXA2,ASPM,BIRC5,C12ORF75,CA1,CCNB2,CD70,CDC20,CDK1,CENPE,CENPF,CEP55,CIT,COL6A1,DEPDC1,DIAPH3,ESCO2,FAM111B,FHL2,HBM,HIST1H1B,HIST1H3G,ITGB1,LGALS1,MAP1B,MAP4K4,MKI67,MYBL1,MYEF2,NAV2,NRP2,NSD2,NUSAP1,OLFML2B,PBK,PIMREG,PPP1R14B,S100A10,SLC4A8,SMC2,STMN1,TFPI2,TOP2A,TPX2,TYMS,UBE2C
12	12	24	23	46	54	0.8518518518518519	ANLN,ANXA2,ASPM,BIRC5,C12ORF75,CCNB2,CD70,CDC20,CDK1,CENPE,CENPF,CEP55,CIT,COL6A1,DEPDC1,DIAPH3,ESCO2,FAM111B,FHL2,HIST1H1B,HIST1H3G,ITGB1,LGALS1,MAP1B,MAP4K4,MKI67,MYBL1,MYEF2,NAV2,NRP2,NSD2,NUSAP1,OLFML2B,PBK,PIMREG,PPP1R14B,S100A10,SLC4A8,SMC2,STMN1,TFPI2,TMSB10,TOP2A,TPX2,TYMS,UBE2C
12	12	26	25	46	54	0.8518518518518519	ANLN,ANXA2,ASPM,BIRC5,C12ORF75,CCNB2,CD70,CDC20,CDK1,CENPE,CENPF,CEP55,CIT,COL6A1,DEPDC1,DIAPH3,ESCO2,FAM111B,FHL2,HIST1H1B,HIST1H3G,ITGB1,LGALS1,MAP1B,MAP4K4,MKI67,MYBL1,MYEF2,NAV2,NRP2,NSD2,NUSAP1,OLFML2B,PBK,PIMREG,PPP1R14B,S100A10,SLC4A8,SMC2,STMN1,TFPI2,TMSB10,TOP2A,TPX2,TYMS,UBE2C
12	12	24	24	12	88	0.13636363636363635	AHSP,ALAS2,CA1,CCNB2,CENPE,CENPF,ESCO2,HBM,HIST1H1B,HIST1H3G,MKI67,NUSAP1
12	12	26	26	12	88	0.13636363636363635	AHSP,ALAS2,CA1,CCNB2,CENPE,CENPF,ESCO2,HBM,HIST1H1B,HIST1H3G,MKI67,NUSAP1
12	12	12	6	7	93	0.07526881720430108	ANXA2,C12ORF75,COL6A1,ITGB1,LGALS1,PPP1R14B,S100A10
12	12	14	7	7	93	0.07526881720430108	ANXA2,C12ORF75,COL6A1,ITGB1,LGALS1,PPP1R14B,S100A10
12	12	24	13	6	94	0.06382978723404255	C12ORF75,CD70,COL6A1,ITGB1,LGALS1,S100A10
12	12	24	12	5	95	0.05263157894736842	ANXA2,MAP1B,PPP1R14B,S100A10,TMSB10
12	12	24	16	5	95	0.05263157894736842	COL6A1,ITGB1,LGALS1,OLFML2B,TMSB10
12	12	26	4	5	95	0.05263157894736842	ANXA2,LGALS1,PPP1R14B,S100A10,TMSB10
12	12	26	14	5	95	0.05263157894736842	ANXA2,MAP1B,PPP1R14B,S100A10,TMSB10
12	12	26	15	5	95	0.05263157894736842	C12ORF75,CD70,COL6A1,ITGB1,LGALS1
12	12	26	18	5	95	0.05263157894736842	COL6A1,ITGB1,LGALS1,OLFML2B,TMSB10
12	12	14	3	2	98	0.02040816326530612	ANXA2,S100A10
12	12	14	11	2	98	0.02040816326530612	PPP1R14B,S100A10
12	12	24	19	2	98	0.02040816326530612	MAP1B,TMSB10
12	12	26	21	2	98	0.02040816326530612	MAP1B,TMSB10
12	12	12	8	1	99	0.010101010101010102	FHL2
12	12	12	10	1	99	0.010101010101010102	MAP1B
12	12	14	5	1	99	0.010101010101010102	TMSB10
12	12	14	9	1	99	0.010101010101010102	FHL2
12	12	14	12	1	99	0.010101010101010102	MAP1B
12	12	24	2	1	99	0.010101010101010102	ANXA2
12	12	24	17	1	99	0.010101010101010102	FHL2
12	12	24	22	1	99	0.010101010101010102	STMN1
12	12	26	19	1	99	0.010101010101010102	FHL2
12	12	26	24	1	99	0.010101010101010102	STMN1
12	12	12	1	0	100	0.0	
12	12	12	2	0	100	0.0	
12	12	12	3	0	100	0.0	
12	12	12	4	0	100	0.0	
12	12	12	5	0	100	0.0	
12	12	12	7	0	100	0.0	
12	12	12	9	0	100	0.0	
12	12	12	11	0	100	0.0	
12	12	14	1	0	100	0.0	
12	12	14	2	0	100	0.0	
12	12	14	4	0	100	0.0	
12	12	14	6	0	100	0.0	
12	12	14	8	0	100	0.0	
12	12	14	10	0	100	0.0	
12	12	14	13	0	100	0.0	
12	12	24	1	0	100	0.0	
12	12	24	3	0	100	0.0	
12	12	24	4	0	100	0.0	
12	12	24	5	0	100	0.0	
12	12	24	6	0	100	0.0	
12	12	24	7	0	100	0.0	
12	12	24	8	0	100	0.0	
12	12	24	9	0	100	0.0	
12	12	24	10	0	100	0.0	
12	12	24	11	0	100	0.0	
12	12	24	14	0	100	0.0	
12	12	24	15	0	100	0.0	
12	12	24	18	0	100	0.0	
12	12	24	20	0	100	0.0	
12	12	24	21	0	100	0.0	
12	12	26	1	0	100	0.0	
12	12	26	2	0	100	0.0	
12	12	26	3	0	100	0.0	
12	12	26	5	0	100	0.0	
12	12	26	6	0	100	0.0	
12	12	26	7	0	100	0.0	
12	12	26	8	0	100	0.0	
12	12	26	9	0	100	0.0	
12	12	26	10	0	100	0.0	
12	12	26	11	0	100	0.0	
12	12	26	12	0	100	0.0	
12	12	26	13	0	100	0.0	
12	12	26	16	0	100	0.0	
12	12	26	17	0	100	0.0	
12	12	26	20	0	100	0.0	
12	12	26	22	0	100	0.0	
12	12	26	23	0	100	0.0	
14	1	12	1	45	55	0.8181818181818182	AC008592.5,ACKR3,ADSSL1,ANGPTL4,ATOH8,BNIP3,CDA,CHI3L1,DDIT4,DNAH11,EFNA1,EGLN3,ERRFI1,FOS,FTH1,GALNT15,GLRX,GPX3,LOX,MT1A,MT1E,MT1F,MT1G,MT1H,MT1M,MT1X,MT2A,MTHFD2,MUC20-OT1,NAMPT,NEAT1,OXA1L,PDK1,POU3F1,RASD1,RBP4,RGCC,RNF144B,SAA1,SLC25A37,SOD2,STC2,TMEM204,TXNIP,ZNF395
14	1	24	3	40	60	0.6666666666666666	AC008592.5,ACKR3,ADSSL1,ANGPTL4,ATOH8,BNIP3,CDA,CHI3L1,DDIT4,DNAH11,EFNA1,EGLN3,ERRFI1,FTH1,GALNT15,GLRX,GPX3,LOX,MT1A,MT1E,MT1F,MT1G,MT1H,MT1M,MT1X,MT2A,MTHFD2,MUC20-OT1,NAMPT,NEAT1,PDK1,POU3F1,RASD1,RNF144B,SAA1,SLC25A37,SOD2,STC2,TMEM204,ZNF395
14	1	26	2	38	62	0.6129032258064516	AC008592.5,ACKR3,ADSSL1,ANGPTL4,BNIP3,CDA,CHI3L1,DDIT4,DNAH11,EFNA1,EGLN3,ERRFI1,FTH1,GALNT15,GLRX,GPX3,LOX,MT1A,MT1E,MT1F,MT1G,MT1H,MT1M,MT1X,MT2A,MTHFD2,MUC20-OT1,NAMPT,NEAT1,PDK1,POU3F1,RASD1,RNF144B,SAA1,SLC25A37,SOD2,TMEM204,ZNF395
14	1	24	4	11	89	0.12359550561797752	ADCY2,DDIT4,GALNT15,GPM6B,GPX3,MMP3,MTHFD2,OXA1L,RIPOR2,SUN2,TXNIP
14	1	26	5	10	90	0.1111111111111111	ADCY2,DDIT4,GALNT15,GPM6B,GPX3,MMP3,MTHFD2,OXA1L,RIPOR2,SUN2
14	1	26	9	9	91	0.0989010989010989	ADCY2,ATOH8,DDIT4,GALNT15,MT1E,RBP4,RGCC,STC2,TXNIP
14	1	14	9	5	95	0.05263157894736842	ANGPTL4,BNIP3,EGLN3,ERRFI1,ZNF395
14	1	24	6	5	95	0.05263157894736842	ATOH8,MT1E,RGCC,STC2,TXNIP
14	1	24	8	5	95	0.05263157894736842	ANGPTL4,BNIP3,EGLN3,ERRFI1,ZNF395
14	1	26	8	5	95	0.05263157894736842	ANGPTL4,BNIP3,EGLN3,ERRFI1,ZNF395
14	1	12	4	3	97	0.030927835051546393	GPM6B,GPX3,SUN2
14	1	12	8	3	97	0.030927835051546393	ANGPTL4,BNIP3,ERRFI1
14	1	24	7	3	97	0.030927835051546393	NAMPT,NEAT1,SOD2
14	1	26	7	3	97	0.030927835051546393	NAMPT,NEAT1,SOD2
14	1	14	6	2	98	0.02040816326530612	GPX3,SUN2
14	1	14	10	2	98	0.02040816326530612	NAMPT,SOD2
14	1	14	3	1	99	0.010101010101010102	RBP4
14	1	24	1	1	99	0.010101010101010102	NEAT1
14	1	24	19	1	99	0.010101010101010102	GPM6B
14	1	24	24	1	99	0.010101010101010102	SLC25A37
14	1	26	1	1	99	0.010101010101010102	NEAT1
14	1	26	12	1	99	0.010101010101010102	RGCC
14	1	26	21	1	99	0.010101010101010102	GPM6B
14	1	26	26	1	99	0.010101010101010102	SLC25A37
14	1	12	2	0	100	0.0	
14	1	12	3	0	100	0.0	
14	1	12	5	0	100	0.0	
14	1	12	6	0	100	0.0	
14	1	12	7	0	100	0.0	
14	1	12	9	0	100	0.0	
14	1	12	10	0	100	0.0	
14	1	12	11	0	100	0.0	
14	1	12	12	0	100	0.0	
14	1	14	2	0	100	0.0	
14	1	14	4	0	100	0.0	
14	1	14	5	0	100	0.0	
14	1	14	7	0	100	0.0	
14	1	14	8	0	100	0.0	
14	1	14	11	0	100	0.0	
14	1	14	12	0	100	0.0	
14	1	14	13	0	100	0.0	
14	1	14	14	0	100	0.0	
14	1	24	2	0	100	0.0	
14	1	24	5	0	100	0.0	
14	1	24	9	0	100	0.0	
14	1	24	10	0	100	0.0	
14	1	24	11	0	100	0.0	
14	1	24	12	0	100	0.0	
14	1	24	13	0	100	0.0	
14	1	24	14	0	100	0.0	
14	1	24	15	0	100	0.0	
14	1	24	16	0	100	0.0	
14	1	24	17	0	100	0.0	
14	1	24	18	0	100	0.0	
14	1	24	20	0	100	0.0	
14	1	24	21	0	100	0.0	
14	1	24	22	0	100	0.0	
14	1	24	23	0	100	0.0	
14	1	26	3	0	100	0.0	
14	1	26	4	0	100	0.0	
14	1	26	6	0	100	0.0	
14	1	26	10	0	100	0.0	
14	1	26	11	0	100	0.0	
14	1	26	13	0	100	0.0	
14	1	26	14	0	100	0.0	
14	1	26	15	0	100	0.0	
14	1	26	16	0	100	0.0	
14	1	26	17	0	100	0.0	
14	1	26	18	0	100	0.0	
14	1	26	19	0	100	0.0	
14	1	26	20	0	100	0.0	
14	1	26	22	0	100	0.0	
14	1	26	23	0	100	0.0	
14	1	26	24	0	100	0.0	
14	1	26	25	0	100	0.0	
14	2	12	3	46	54	0.8518518518518519	ABI3BP,AL021155.5,AL627171.2,CCDC144A,CCN1,CCN2,CEP126,CILP,CRIP1,DCN,DDX17,DST,ECM2,ECRG4,EDIL3,EEF1G,F5,FTX,GABARAP,GAS5,KMT2A,LINC00342,MACF1,MALAT1,MICOS10,MIR99AHG,NME2,OGN,OMD,PIK3R1,PLCG2,RNASEK,RPL17,RPS17,SEPTIN2,SEPTIN7,SNHG14,SNHG29,SNHG5,SYNE1,THBS1,TNRC6B,UACA,USP53,UTRN,ZNF704
14	2	24	6	24	76	0.3157894736842105	AL021155.5,AL627171.2,CCN1,CCN2,CRIP1,DCN,ECRG4,EEF1G,GABARAP,GAS5,HIST1H1E,MICOS10,NME2,PRELP,RNASEK,RPL17,RPS17,SEPTIN2,SEPTIN7,SNHG14,SNHG29,SNHG5,THBS1,USP53
14	2	26	12	24	76	0.3157894736842105	CCN1,CCN2,CILP,CRIP1,DCN,ECM2,ECRG4,EEF1G,GABARAP,GAS5,MICOS10,NME2,OGN,OMD,PRELP,RNASEK,RPL17,RPS17,SEPTIN2,SEPTIN7,SNHG14,SNHG29,SNHG5,USP53
14	2	24	1	18	82	0.21951219512195122	CEP126,DDX17,DST,ECM2,EDIL3,FTX,KMT2A,MACF1,MALAT1,NKTR,OGN,PIK3R1,PLCG2,SYNE1,TNRC6B,UACA,UTRN,ZNF704
14	2	26	1	17	83	0.20481927710843373	CCDC144A,CEP126,DDX17,DST,EDIL3,FTX,KMT2A,MACF1,MALAT1,NKTR,PIK3R1,PLCG2,SYNE1,TNRC6B,UACA,UTRN,ZNF704
14	2	26	9	17	83	0.20481927710843373	AL021155.5,CCN1,CCN2,ECRG4,EEF1G,GABARAP,GAS5,HIST1H1E,MICOS10,NME2,RNASEK,RPL17,RPS17,SEPTIN7,SNHG29,SNHG5,USP53
14	2	26	8	12	88	0.13636363636363635	ECRG4,EEF1G,GABARAP,GAS5,MICOS10,NME2,RNASEK,RPL17,RPS17,SEPTIN7,SNHG29,SNHG5
14	2	14	9	11	89	0.12359550561797752	ECRG4,EEF1G,GABARAP,GAS5,NME2,RNASEK,RPL17,RPS17,SEPTIN7,SNHG29,SNHG5
14	2	24	8	11	89	0.12359550561797752	EEF1G,GABARAP,GAS5,MICOS10,NME2,RNASEK,RPL17,RPS17,SEPTIN7,SNHG29,SNHG5
14	2	12	8	9	91	0.0989010989010989	EEF1G,GABARAP,GAS5,NME2,RNASEK,RPL17,RPS17,SEPTIN7,SNHG29
14	2	26	3	6	94	0.06382978723404255	ABI3BP,CILP,DCN,OMD,PRELP,THBS1
14	2	12	2	4	96	0.041666666666666664	CILP,DCN,OGN,PRELP
14	2	14	4	4	96	0.041666666666666664	CILP,DCN,OGN,PRELP
14	2	24	5	4	96	0.041666666666666664	CILP,DCN,OGN,PRELP
14	2	26	6	4	96	0.041666666666666664	CILP,DCN,OGN,PRELP
14	2	14	10	2	98	0.02040816326530612	CCN1,RPS17
14	2	24	2	2	98	0.02040816326530612	CILP,DCN
14	2	26	10	2	98	0.02040816326530612	CCN1,SEPTIN2
14	2	14	3	1	99	0.010101010101010102	DCN
14	2	24	4	1	99	0.010101010101010102	PIK3R1
14	2	24	10	1	99	0.010101010101010102	CCN1
14	2	24	12	1	99	0.010101010101010102	CRIP1
14	2	24	17	1	99	0.010101010101010102	ABI3BP
14	2	26	5	1	99	0.010101010101010102	PIK3R1
14	2	26	14	1	99	0.010101010101010102	CRIP1
14	2	26	19	1	99	0.010101010101010102	ABI3BP
14	2	12	1	0	100	0.0	
14	2	12	4	0	100	0.0	
14	2	12	5	0	100	0.0	
14	2	12	6	0	100	0.0	
14	2	12	7	0	100	0.0	
14	2	12	9	0	100	0.0	
14	2	12	10	0	100	0.0	
14	2	12	11	0	100	0.0	
14	2	12	12	0	100	0.0	
14	2	14	1	0	100	0.0	
14	2	14	5	0	100	0.0	
14	2	14	6	0	100	0.0	
14	2	14	7	0	100	0.0	
14	2	14	8	0	100	0.0	
14	2	14	11	0	100	0.0	
14	2	14	12	0	100	0.0	
14	2	14	13	0	100	0.0	
14	2	14	14	0	100	0.0	
14	2	24	3	0	100	0.0	
14	2	24	7	0	100	0.0	
14	2	24	9	0	100	0.0	
14	2	24	11	0	100	0.0	
14	2	24	13	0	100	0.0	
14	2	24	14	0	100	0.0	
14	2	24	15	0	100	0.0	
14	2	24	16	0	100	0.0	
14	2	24	18	0	100	0.0	
14	2	24	19	0	100	0.0	
14	2	24	20	0	100	0.0	
14	2	24	21	0	100	0.0	
14	2	24	22	0	100	0.0	
14	2	24	23	0	100	0.0	
14	2	24	24	0	100	0.0	
14	2	26	2	0	100	0.0	
14	2	26	4	0	100	0.0	
14	2	26	7	0	100	0.0	
14	2	26	11	0	100	0.0	
14	2	26	13	0	100	0.0	
14	2	26	15	0	100	0.0	
14	2	26	16	0	100	0.0	
14	2	26	17	0	100	0.0	
14	2	26	18	0	100	0.0	
14	2	26	20	0	100	0.0	
14	2	26	21	0	100	0.0	
14	2	26	22	0	100	0.0	
14	2	26	23	0	100	0.0	
14	2	26	24	0	100	0.0	
14	2	26	25	0	100	0.0	
14	2	26	26	0	100	0.0	
14	3	24	2	40	60	0.6666666666666666	ANGPTL5,ANXA2,BBS9,BHLHE41,C9ORF3,CHAD,CKB,CLU,COMP,CRYAB,DCN,EMP3,EZR,FBXO2,FGFBP2,FHL1,FRZB,GADD45B,GADD45G,HES1,HSPB1,ID1,IER3,LEFTY2,LMO2,MBNL1-AS1,MT-ATP6,MT-CO1,MT-CO2,MT-CO3,MT-CYB,MT-ND1,MT-ND4,MT-ND4L,MT-ND5,NR1D1,RGS16,S100A6,TPRG1,TUBA1A
14	3	26	4	30	70	0.42857142857142855	ANXA2,C9ORF3,CKB,CLU,CRYAB,EMP3,EZR,FHL1,GADD45B,GADD45G,HES1,HSPB1,ID1,IER3,IGFBP6,MT-ATP6,MT-CO1,MT-CO2,MT-CO3,MT-CYB,MT-ND1,MT-ND3,MT-ND4,MT-ND4L,MT-ND5,RGS16,S100A10,S100A6,TNFRSF11B,TUBA1A
14	3	26	3	19	81	0.2345679012345679	ANGPTL5,BBS9,BHLHE41,CHAD,CKB,CLU,COMP,CPAMD8,CRYAB,DCN,F13A1,FBXO2,FGFBP2,FRZB,GADD45B,LEFTY2,LMO2,MBNL1-AS1,TPRG1
14	3	12	2	10	90	0.1111111111111111	BBS9,C9ORF3,CHAD,CLU,COMP,DCN,FBXO2,FGFBP2,FRZB,RGS16
14	3	12	4	10	90	0.1111111111111111	ANGPTL5,CKB,FHL1,IGFBP6,MT-CO2,MT-CYB,MT-ND1,MT-ND4,MT-ND5,S100A6
14	3	24	12	6	94	0.06382978723404255	ANXA2,EMP3,IGFBP6,S100A10,S100A6,VCAN
14	3	26	14	6	94	0.06382978723404255	ANXA2,EMP3,IGFBP6,S100A10,S100A6,VCAN
14	3	14	11	5	95	0.05263157894736842	CLU,EMP3,S100A10,S100A6,TNFRSF11B
14	3	12	9	4	96	0.041666666666666664	CLU,EMP3,S100A6,TNFRSF11B
14	3	24	6	4	96	0.041666666666666664	CHAD,DCN,FRZB,IGFBP6
14	3	24	14	4	96	0.041666666666666664	CLU,EMP3,S100A6,TNFRSF11B
14	3	26	16	4	96	0.041666666666666664	CLU,EMP3,S100A6,TNFRSF11B
14	3	14	4	3	97	0.030927835051546393	C9ORF3,COMP,DCN
14	3	24	17	3	97	0.030927835051546393	CRYAB,TNFRSF11B,VCAN
14	3	26	6	3	97	0.030927835051546393	C9ORF3,COMP,DCN
14	3	26	9	3	97	0.030927835051546393	CHAD,IGFBP6,RBP4
14	3	26	12	3	97	0.030927835051546393	CLU,DCN,FGFBP2
14	3	26	19	3	97	0.030927835051546393	CRYAB,TNFRSF11B,VCAN
14	3	12	6	2	98	0.02040816326530612	ANXA2,S100A10
14	3	12	12	2	98	0.02040816326530612	ANXA2,S100A10
14	3	14	7	2	98	0.02040816326530612	ANXA2,S100A10
14	3	14	14	2	98	0.02040816326530612	ANXA2,S100A10
14	3	24	4	2	98	0.02040816326530612	ANGPTL5,IGFBP6
14	3	24	5	2	98	0.02040816326530612	COMP,DCN
14	3	24	23	2	98	0.02040816326530612	ANXA2,S100A10
14	3	26	5	2	98	0.02040816326530612	ANGPTL5,IGFBP6
14	3	26	25	2	98	0.02040816326530612	ANXA2,S100A10
14	3	12	1	1	99	0.010101010101010102	RBP4
14	3	12	3	1	99	0.010101010101010102	DCN
14	3	12	5	1	99	0.010101010101010102	MT-ND3
14	3	12	7	1	99	0.010101010101010102	MT-CYB
14	3	12	8	1	99	0.010101010101010102	IER3
14	3	14	1	1	99	0.010101010101010102	RBP4
14	3	14	2	1	99	0.010101010101010102	DCN
14	3	14	5	1	99	0.010101010101010102	VCAN
14	3	14	6	1	99	0.010101010101010102	IGFBP6
14	3	14	10	1	99	0.010101010101010102	IER3
14	3	24	7	1	99	0.010101010101010102	IER3
14	3	24	8	1	99	0.010101010101010102	BHLHE41
14	3	24	13	1	99	0.010101010101010102	S100A10
14	3	24	15	1	99	0.010101010101010102	VCAN
14	3	26	7	1	99	0.010101010101010102	IER3
14	3	26	17	1	99	0.010101010101010102	VCAN
14	3	12	10	0	100	0.0	
14	3	12	11	0	100	0.0	
14	3	14	8	0	100	0.0	
14	3	14	9	0	100	0.0	
14	3	14	12	0	100	0.0	
14	3	14	13	0	100	0.0	
14	3	24	1	0	100	0.0	
14	3	24	3	0	100	0.0	
14	3	24	9	0	100	0.0	
14	3	24	10	0	100	0.0	
14	3	24	11	0	100	0.0	
14	3	24	16	0	100	0.0	
14	3	24	18	0	100	0.0	
14	3	24	19	0	100	0.0	
14	3	24	20	0	100	0.0	
14	3	24	21	0	100	0.0	
14	3	24	22	0	100	0.0	
14	3	24	24	0	100	0.0	
14	3	26	1	0	100	0.0	
14	3	26	2	0	100	0.0	
14	3	26	8	0	100	0.0	
14	3	26	10	0	100	0.0	
14	3	26	11	0	100	0.0	
14	3	26	13	0	100	0.0	
14	3	26	15	0	100	0.0	
14	3	26	18	0	100	0.0	
14	3	26	20	0	100	0.0	
14	3	26	21	0	100	0.0	
14	3	26	22	0	100	0.0	
14	3	26	23	0	100	0.0	
14	3	26	24	0	100	0.0	
14	3	26	26	0	100	0.0	
14	4	24	5	45	55	0.8181818181818182	ACAN,ANGPTL2,AQP3,BGN,C2ORF40,CILP,CILP2,CLEC3A,COL11A1,COL11A2,COL2A1,COL3A1,COL9A2,COL9A3,COMP,CTGF,CYR61,DCN,FIBIN,FMOD,FXYD6,HAPLN1,HRCT1,LUM,MGP,MIA,OGN,P4HB,PAPSS2,PART1,PCSK1N,PRDX4,PRELP,S100A1,SBSPON,SCRG1,SCX,SERPINA1,SERPINA5,SMOC2,SPARC,SPINT2,TIMP4,TNNT3,TSPAN2
14	4	26	6	45	55	0.8181818181818182	ACAN,ANGPTL2,AQP3,BGN,C2ORF40,C9ORF3,CILP,CILP2,CLEC3A,COL11A1,COL11A2,COL2A1,COL3A1,COL9A2,COL9A3,COMP,CTGF,CYR61,DCN,FIBIN,FMOD,FXYD6,HAPLN1,HRCT1,LUM,MGP,MIA,OGN,P4HB,PAPSS2,PCSK1N,PRDX4,PRELP,S100A1,SBSPON,SCRG1,SCX,SERPINA1,SERPINA5,SMOC2,SPARC,SPINT2,TIMP4,TNNT3,TSPAN2
14	4	12	2	37	63	0.5873015873015873	ACAN,AQP3,BGN,C2ORF40,C9ORF3,CILP,CILP2,CLEC3A,COL11A1,COL11A2,COL2A1,COL9A2,COL9A3,COMP,CYR61,DCN,FIBIN,FMOD,FXYD6,HAPLN1,HRCT1,LUM,MGP,OGN,PRDX4,PRELP,S100A1,SBSPON,SCRG1,SCX,SERPINA1,SERPINA5,SMOC2,SPARC,SPINT2,TNNT3,TSPAN2
14	4	26	12	11	89	0.12359550561797752	CILP,DCN,FMOD,LUM,MIA,OGN,PART1,PRDX4,PRELP,SCRG1,TSPAN2
14	4	26	3	10	90	0.1111111111111111	C2ORF40,CILP,CILP2,COMP,DCN,FMOD,HRCT1,PRELP,S100A1,SCRG1
14	4	24	13	7	93	0.07526881720430108	ANGPTL2,ATP1B1,COL3A1,COL5A1,COL5A2,SPARC,TSPAN2
14	4	24	2	6	94	0.06382978723404255	C2ORF40,C9ORF3,CILP,COMP,DCN,SCX
14	4	26	15	6	94	0.06382978723404255	ATP1B1,COL3A1,COL5A1,COL5A2,SPARC,TSPAN2
14	4	12	6	5	95	0.05263157894736842	ANGPTL2,COL3A1,COL5A1,COL5A2,SPARC
14	4	14	7	5	95	0.05263157894736842	ANGPTL2,COL3A1,COL5A1,COL5A2,SPARC
14	4	14	2	4	96	0.041666666666666664	CILP,DCN,OGN,PRELP
14	4	12	3	3	97	0.030927835051546393	CILP,DCN,OGN
14	4	14	3	3	97	0.030927835051546393	C9ORF3,COMP,DCN
14	4	14	9	3	97	0.030927835051546393	COL2A1,PAPSS2,SERPINA1
14	4	24	6	3	97	0.030927835051546393	DCN,PRELP,S100A1
14	4	24	17	3	97	0.030927835051546393	COL2A1,PAPSS2,SPARC
14	4	12	9	2	98	0.02040816326530612	MIA,PRDX4
14	4	24	1	2	98	0.02040816326530612	COLGALT2,OGN
14	4	24	8	2	98	0.02040816326530612	BGN,SERPINA1
14	4	26	4	2	98	0.02040816326530612	C9ORF3,SCX
14	4	26	8	2	98	0.02040816326530612	BGN,SERPINA1
14	4	26	19	2	98	0.02040816326530612	COL2A1,PAPSS2
14	4	12	8	1	99	0.010101010101010102	SERPINA1
14	4	14	11	1	99	0.010101010101010102	PRDX4
14	4	24	4	1	99	0.010101010101010102	CYR61
14	4	24	14	1	99	0.010101010101010102	PRDX4
14	4	24	16	1	99	0.010101010101010102	COL5A2
14	4	26	5	1	99	0.010101010101010102	CYR61
14	4	26	9	1	99	0.010101010101010102	S100A1
14	4	26	16	1	99	0.010101010101010102	PRDX4
14	4	26	18	1	99	0.010101010101010102	COL5A2
14	4	12	1	0	100	0.0	
14	4	12	4	0	100	0.0	
14	4	12	5	0	100	0.0	
14	4	12	7	0	100	0.0	
14	4	12	10	0	100	0.0	
14	4	12	11	0	100	0.0	
14	4	12	12	0	100	0.0	
14	4	14	1	0	100	0.0	
14	4	14	5	0	100	0.0	
14	4	14	6	0	100	0.0	
14	4	14	8	0	100	0.0	
14	4	14	10	0	100	0.0	
14	4	14	12	0	100	0.0	
14	4	14	13	0	100	0.0	
14	4	14	14	0	100	0.0	
14	4	24	3	0	100	0.0	
14	4	24	7	0	100	0.0	
14	4	24	9	0	100	0.0	
14	4	24	10	0	100	0.0	
14	4	24	11	0	100	0.0	
14	4	24	12	0	100	0.0	
14	4	24	15	0	100	0.0	
14	4	24	18	0	100	0.0	
14	4	24	19	0	100	0.0	
14	4	24	20	0	100	0.0	
14	4	24	21	0	100	0.0	
14	4	24	22	0	100	0.0	
14	4	24	23	0	100	0.0	
14	4	24	24	0	100	0.0	
14	4	26	1	0	100	0.0	
14	4	26	2	0	100	0.0	
14	4	26	7	0	100	0.0	
14	4	26	10	0	100	0.0	
14	4	26	11	0	100	0.0	
14	4	26	13	0	100	0.0	
14	4	26	14	0	100	0.0	
14	4	26	17	0	100	0.0	
14	4	26	20	0	100	0.0	
14	4	26	21	0	100	0.0	
14	4	26	22	0	100	0.0	
14	4	26	23	0	100	0.0	
14	4	26	24	0	100	0.0	
14	4	26	25	0	100	0.0	
14	4	26	26	0	100	0.0	
14	5	12	5	37	63	0.5873015873015873	AHR,AKR1C3,ANGPT1,APOE,C16ORF89,C1R,C1S,C7,CCN5,COL14A1,CRISPLD1,CXCL12,CYP1B1,DCLK1,EBF1,EFEMP1,ENPP2,EPHX1,HLA-DRB1,IGF1,IGFBP4,KCTD12,LGALS3BP,MMP2,PDGFRA,PLA2G2A,PLPP1,PLTP,PTGDS,PTGFR,SELENOP,SERPINF1,SFRP1,SRPX,TMEM176A,TMEM176B,ZFP36L1
14	5	24	10	29	71	0.4084507042253521	AHR,ANGPT1,ANGPTL1,APOE,C16ORF89,C1R,C7,CCN5,CD74,CFI,COL14A1,CRISPLD1,CXCL12,EFEMP1,EPHX1,HLA-DRB1,HLA-DRB5,KCTD12,LAMA4,LGALS3BP,MGAT4C,PDGFRA,PLTP,PTGDS,PTN,SELENOP,SLC5A3,THY1,ZFP36L1
14	5	26	10	28	72	0.3888888888888889	AHR,ANGPT1,ANGPTL1,APOE,C16ORF89,C1R,C7,CCN5,CD74,CFI,COL14A1,CRISPLD1,CXCL12,EPHX1,HLA-DRB1,HLA-DRB5,KCTD12,LAMA4,LGALS3BP,MGAT4C,PDGFRA,PLTP,PTGDS,PTN,SELENOP,SLC5A3,THY1,ZFP36L1
14	5	24	15	21	79	0.26582278481012656	C16ORF89,C1R,C1S,COL14A1,CXCL12,CYP1B1,DCLK1,EFEMP1,ENPP2,EPHX1,IGF1,IGFBP4,MMP2,PLA2G2A,PLPP1,PTGFR,SERPINF1,SFRP1,TMEM176A,TMEM176B,VCAN
14	5	26	17	21	79	0.26582278481012656	C16ORF89,C1R,C1S,COL14A1,CXCL12,CYP1B1,DCLK1,EFEMP1,ENPP2,EPHX1,IGF1,IGFBP4,MMP2,PLA2G2A,PLPP1,PTGFR,SERPINF1,SFRP1,TMEM176A,TMEM176B,VCAN
14	5	24	11	8	92	0.08695652173913043	C1R,C1S,EFEMP1,PLA2G2A,PTGFR,SELENOP,SERPINF1,SRPX
14	5	26	13	8	92	0.08695652173913043	C1R,C1S,EFEMP1,PLA2G2A,PTGFR,SELENOP,SERPINF1,SRPX
14	5	14	6	6	94	0.06382978723404255	C1R,C1S,PTGFR,SELENOP,SERPINF1,SRPX
14	5	24	12	5	95	0.05263157894736842	ANGPTL1,PLAC9,PRSS23,TMSB10,VCAN
14	5	26	14	5	95	0.05263157894736842	ANGPTL1,PLAC9,PRSS23,TMSB10,VCAN
14	5	12	11	3	97	0.030927835051546393	CD74,HLA-DRB1,HLA-DRB5
14	5	14	13	3	97	0.030927835051546393	CD74,HLA-DRB1,HLA-DRB5
14	5	24	16	3	97	0.030927835051546393	MMP2,THY1,TMSB10
14	5	24	21	3	97	0.030927835051546393	CD74,HLA-DRB1,HLA-DRB5
14	5	26	18	3	97	0.030927835051546393	MMP2,THY1,TMSB10
14	5	26	23	3	97	0.030927835051546393	CD74,HLA-DRB1,HLA-DRB5
14	5	12	6	2	98	0.02040816326530612	PRSS23,THY1
14	5	24	20	2	98	0.02040816326530612	CD74,HLA-DRB1
14	5	26	22	2	98	0.02040816326530612	CD74,HLA-DRB1
14	5	12	7	1	99	0.010101010101010102	CFI
14	5	12	9	1	99	0.010101010101010102	PRSS23
14	5	12	10	1	99	0.010101010101010102	THY1
14	5	12	12	1	99	0.010101010101010102	TMSB10
14	5	14	3	1	99	0.010101010101010102	VCAN
14	5	14	7	1	99	0.010101010101010102	THY1
14	5	14	8	1	99	0.010101010101010102	CFI
14	5	14	11	1	99	0.010101010101010102	PRSS23
14	5	14	12	1	99	0.010101010101010102	THY1
14	5	24	9	1	99	0.010101010101010102	CFI
14	5	24	17	1	99	0.010101010101010102	VCAN
14	5	24	18	1	99	0.010101010101010102	THY1
14	5	24	19	1	99	0.010101010101010102	TMSB10
14	5	24	23	1	99	0.010101010101010102	TMSB10
14	5	24	24	1	99	0.010101010101010102	ANGPTL1
14	5	26	4	1	99	0.010101010101010102	TMSB10
14	5	26	11	1	99	0.010101010101010102	CFI
14	5	26	19	1	99	0.010101010101010102	VCAN
14	5	26	20	1	99	0.010101010101010102	THY1
14	5	26	21	1	99	0.010101010101010102	TMSB10
14	5	26	25	1	99	0.010101010101010102	TMSB10
14	5	26	26	1	99	0.010101010101010102	ANGPTL1
14	5	12	1	0	100	0.0	
14	5	12	2	0	100	0.0	
14	5	12	3	0	100	0.0	
14	5	12	4	0	100	0.0	
14	5	12	8	0	100	0.0	
14	5	14	1	0	100	0.0	
14	5	14	2	0	100	0.0	
14	5	14	4	0	100	0.0	
14	5	14	9	0	100	0.0	
14	5	14	10	0	100	0.0	
14	5	14	14	0	100	0.0	
14	5	24	1	0	100	0.0	
14	5	24	2	0	100	0.0	
14	5	24	3	0	100	0.0	
14	5	24	4	0	100	0.0	
14	5	24	5	0	100	0.0	
14	5	24	6	0	100	0.0	
14	5	24	7	0	100	0.0	
14	5	24	8	0	100	0.0	
14	5	24	13	0	100	0.0	
14	5	24	14	0	100	0.0	
14	5	24	22	0	100	0.0	
14	5	26	1	0	100	0.0	
14	5	26	2	0	100	0.0	
14	5	26	3	0	100	0.0	
14	5	26	5	0	100	0.0	
14	5	26	6	0	100	0.0	
14	5	26	7	0	100	0.0	
14	5	26	8	0	100	0.0	
14	5	26	9	0	100	0.0	
14	5	26	12	0	100	0.0	
14	5	26	15	0	100	0.0	
14	5	26	16	0	100	0.0	
14	5	26	24	0	100	0.0	
14	6	24	11	34	66	0.5151515151515151	ACKR4,ADH1B,ADH1C,AGTR1,ALDH1A1,ANTXR2,APOD,C1R,C1S,C3,CFD,CLSTN2,DEPP1,FBLN1,FBLN2,FBLN5,GLUL,GSN,JUN,LAMA2,MAOA,MGST1,MT-ND2,PCDH18,PLPP3,PODN,PTGFR,SAMHD1,SELENOP,SERPINF1,SRPX,TSKU,VIT,ZFP36L2
14	6	26	13	32	68	0.47058823529411764	ACKR4,ADH1B,ADH1C,AGTR1,ALDH1A1,ANTXR2,APOD,C1R,C1S,C3,CFD,CLSTN2,FBLN1,FBLN2,FBLN5,GLUL,GSN,JUN,LAMA2,MAOA,MGST1,PCDH18,PLPP3,PODN,PTGFR,SAMHD1,SELENOP,SERPINF1,SRPX,TSKU,VIT,ZFP36L2
14	6	12	4	24	76	0.3157894736842105	ADAMTS5,CYP4B1,DEPP1,FBLN1,FBLN2,GLUL,GPNMB,GPX3,GSN,IGFBP6,JUN,LAMA2,LINC01088,LTBP4,MAOA,MGST1,MT-ND2,MYOC,NOX4,PDGFRL,PLPP3,SUN2,TSKU,ZFP36L2
14	6	24	4	19	81	0.2345679012345679	ADAMTS5,CYP4B1,DEPP1,DUSP1,FBLN1,GLUL,GPX3,GSN,IGFBP6,JUN,LINC01088,LTBP4,MAOA,MYOC,NOX4,PDGFRL,PLPP3,SUN2,TSKU
14	6	26	5	19	81	0.2345679012345679	ADAMTS5,CYP4B1,DEPP1,DUSP1,FBLN1,GLUL,GPX3,GSN,IGFBP6,JUN,LINC01088,LTBP4,MAOA,MYOC,NOX4,PDGFRL,PLPP3,SUN2,TSKU
14	6	12	5	10	90	0.1111111111111111	C1R,C1S,C3,CFD,MGST1,PODN,PTGFR,SELENOP,SERPINF1,SRPX
14	6	24	15	7	93	0.07526881720430108	C1R,C1S,C3,CFD,PTGFR,SERPINF1,WISP2
14	6	26	17	7	93	0.07526881720430108	C1R,C1S,C3,CFD,PTGFR,SERPINF1,WISP2
14	6	14	5	6	94	0.06382978723404255	C1R,C1S,PTGFR,SELENOP,SERPINF1,SRPX
14	6	24	12	6	94	0.06382978723404255	CELF2,CFD,FBLN2,GSN,IGFBP6,LTBP4
14	6	26	14	6	94	0.06382978723404255	CELF2,CFD,FBLN2,GSN,IGFBP6,LTBP4
14	6	14	1	2	98	0.02040816326530612	GPX3,SUN2
14	6	24	10	2	98	0.02040816326530612	C1R,SELENOP
14	6	26	4	2	98	0.02040816326530612	IGFBP6,MT-ND2
14	6	26	10	2	98	0.02040816326530612	C1R,SELENOP
14	6	12	1	1	99	0.010101010101010102	GPX3
14	6	14	3	1	99	0.010101010101010102	IGFBP6
14	6	24	3	1	99	0.010101010101010102	GPX3
14	6	24	6	1	99	0.010101010101010102	IGFBP6
14	6	24	13	1	99	0.010101010101010102	FBLN5
14	6	24	16	1	99	0.010101010101010102	GPNMB
14	6	24	19	1	99	0.010101010101010102	APOD
14	6	24	20	1	99	0.010101010101010102	RAMP2
14	6	26	2	1	99	0.010101010101010102	GPX3
14	6	26	9	1	99	0.010101010101010102	IGFBP6
14	6	26	15	1	99	0.010101010101010102	FBLN5
14	6	26	18	1	99	0.010101010101010102	GPNMB
14	6	26	21	1	99	0.010101010101010102	APOD
14	6	26	22	1	99	0.010101010101010102	RAMP2
14	6	12	2	0	100	0.0	
14	6	12	3	0	100	0.0	
14	6	12	6	0	100	0.0	
14	6	12	7	0	100	0.0	
14	6	12	8	0	100	0.0	
14	6	12	9	0	100	0.0	
14	6	12	10	0	100	0.0	
14	6	12	11	0	100	0.0	
14	6	12	12	0	100	0.0	
14	6	14	2	0	100	0.0	
14	6	14	4	0	100	0.0	
14	6	14	7	0	100	0.0	
14	6	14	8	0	100	0.0	
14	6	14	9	0	100	0.0	
14	6	14	10	0	100	0.0	
14	6	14	11	0	100	0.0	
14	6	14	12	0	100	0.0	
14	6	14	13	0	100	0.0	
14	6	14	14	0	100	0.0	
14	6	24	1	0	100	0.0	
14	6	24	2	0	100	0.0	
14	6	24	5	0	100	0.0	
14	6	24	7	0	100	0.0	
14	6	24	8	0	100	0.0	
14	6	24	9	0	100	0.0	
14	6	24	14	0	100	0.0	
14	6	24	17	0	100	0.0	
14	6	24	18	0	100	0.0	
14	6	24	21	0	100	0.0	
14	6	24	22	0	100	0.0	
14	6	24	23	0	100	0.0	
14	6	24	24	0	100	0.0	
14	6	26	1	0	100	0.0	
14	6	26	3	0	100	0.0	
14	6	26	6	0	100	0.0	
14	6	26	7	0	100	0.0	
14	6	26	8	0	100	0.0	
14	6	26	11	0	100	0.0	
14	6	26	12	0	100	0.0	
14	6	26	16	0	100	0.0	
14	6	26	19	0	100	0.0	
14	6	26	20	0	100	0.0	
14	6	26	23	0	100	0.0	
14	6	26	24	0	100	0.0	
14	6	26	25	0	100	0.0	
14	6	26	26	0	100	0.0	
14	7	12	6	49	51	0.9607843137254902	ABHD2,AEBP1,ANGPTL2,ANTXR1,ANXA2,AQP1,ASPN,C12ORF75,C1QTNF3,CADM1,CCND1,COL12A1,COL1A1,COL1A2,COL3A1,COL5A1,COL5A2,COL6A1,COL6A2,COL6A3,COL8A1,CRABP2,CTHRC1,DKK3,DPT,ELN,FAP,FLNA,FNDC1,FSTL1,ITGB1,LGALS1,LOXL2,LRRC15,LRRC17,MXRA5,MYL9,NBL1,POSTN,PPP1R14B,S100A10,S100A4,SPARC,SPON2,TGFBI,THY1,TMSB4X,TNC,TPM1
14	7	24	13	31	69	0.4492753623188406	ABHD2,AEBP1,ANGPTL2,AQP1,ASPN,C12ORF75,CCND1,COL1A1,COL1A2,COL3A1,COL5A1,COL5A2,COL6A1,COL6A2,COL8A1,DKK3,DPT,FNDC1,FSTL1,ISLR,ITGB1,LGALS1,LOXL2,LRRC15,MXRA5,S100A10,S100A4,SPARC,TGFBI,TNC,TPM1
14	7	26	15	31	69	0.4492753623188406	ABHD2,AQP1,ASPN,C12ORF75,C1QTNF3,CCND1,COL1A1,COL1A2,COL3A1,COL5A1,COL5A2,COL6A1,COL6A2,COL6A3,COL8A1,CRABP2,DKK3,DPT,ELN,FSTL1,ISLR,ITGB1,LGALS1,LOXL2,LRRC15,MXRA5,S100A4,SPARC,TGFBI,TNC,TPM1
14	7	24	16	24	76	0.3157894736842105	AEBP1,CADM1,COL1A1,COL1A2,COL5A2,COL6A1,COL6A2,COL6A3,CRABP2,CTHRC1,FAP,FNDC1,ITGB1,LGALS1,LRRC15,LRRC17,MXRA5,MYL9,NBL1,POSTN,SPON2,TGFBI,THY1,TPM1
14	7	26	18	24	76	0.3157894736842105	AEBP1,ANTXR1,CADM1,COL1A1,COL1A2,COL5A2,COL6A1,COL6A2,COL6A3,CRABP2,CTHRC1,FAP,FNDC1,ITGB1,LGALS1,LRRC15,LRRC17,MXRA5,MYL9,NBL1,POSTN,SPON2,THY1,TPM1
14	7	24	12	11	89	0.12359550561797752	ANXA2,AQP1,C1QTNF3,COL6A2,CRABP2,DKK3,FSTL1,PPP1R14B,S100A10,S100A4,TMSB4X
14	7	26	14	11	89	0.12359550561797752	ANXA2,AQP1,C1QTNF3,COL6A2,CRABP2,DKK3,FSTL1,PPP1R14B,S100A10,S100A4,TMSB4X
14	7	14	14	8	92	0.08695652173913043	ANXA2,C12ORF75,CCND1,COL6A1,ITGB1,LGALS1,PPP1R14B,S100A10
14	7	24	23	8	92	0.08695652173913043	ANXA2,C12ORF75,CCND1,COL6A1,ITGB1,LGALS1,PPP1R14B,S100A10
14	7	12	12	7	93	0.07526881720430108	ANXA2,C12ORF75,COL6A1,ITGB1,LGALS1,PPP1R14B,S100A10
14	7	26	25	7	93	0.07526881720430108	ANXA2,C12ORF75,COL6A1,ITGB1,LGALS1,PPP1R14B,S100A10
14	7	14	11	6	94	0.06382978723404255	AQP1,CCND1,ISLR,PPP1R14B,S100A10,S100A4
14	7	12	9	5	95	0.05263157894736842	AQP1,CCND1,DPT,ISLR,S100A4
14	7	14	4	5	95	0.05263157894736842	ANGPTL2,COL3A1,COL5A1,COL5A2,SPARC
14	7	26	4	5	95	0.05263157894736842	ANXA2,LGALS1,PPP1R14B,S100A10,S100A4
14	7	24	5	4	96	0.041666666666666664	ANGPTL2,COL3A1,DPT,SPARC
14	7	26	6	4	96	0.041666666666666664	ANGPTL2,COL3A1,DPT,SPARC
14	7	24	1	3	97	0.030927835051546393	ANTXR1,COL12A1,TNC
14	7	14	3	2	98	0.02040816326530612	ANXA2,S100A10
14	7	14	12	2	98	0.02040816326530612	MYL9,THY1
14	7	24	18	2	98	0.02040816326530612	MYL9,THY1
14	7	26	1	2	98	0.02040816326530612	COL12A1,COL6A3
14	7	26	12	2	98	0.02040816326530612	ASPN,TNC
14	7	26	20	2	98	0.02040816326530612	MYL9,THY1
14	7	12	2	1	99	0.010101010101010102	SPARC
14	7	12	3	1	99	0.010101010101010102	ASPN
14	7	12	4	1	99	0.010101010101010102	DKK3
14	7	12	10	1	99	0.010101010101010102	THY1
14	7	14	5	1	99	0.010101010101010102	THY1
14	7	24	2	1	99	0.010101010101010102	ANXA2
14	7	24	10	1	99	0.010101010101010102	THY1
14	7	24	14	1	99	0.010101010101010102	ISLR
14	7	24	17	1	99	0.010101010101010102	SPARC
14	7	26	10	1	99	0.010101010101010102	THY1
14	7	26	16	1	99	0.010101010101010102	ISLR
14	7	12	1	0	100	0.0	
14	7	12	5	0	100	0.0	
14	7	12	7	0	100	0.0	
14	7	12	8	0	100	0.0	
14	7	12	11	0	100	0.0	
14	7	14	1	0	100	0.0	
14	7	14	2	0	100	0.0	
14	7	14	6	0	100	0.0	
14	7	14	8	0	100	0.0	
14	7	14	9	0	100	0.0	
14	7	14	10	0	100	0.0	
14	7	14	13	0	100	0.0	
14	7	24	3	0	100	0.0	
14	7	24	4	0	100	0.0	
14	7	24	6	0	100	0.0	
14	7	24	7	0	100	0.0	
14	7	24	8	0	100	0.0	
14	7	24	9	0	100	0.0	
14	7	24	11	0	100	0.0	
14	7	24	15	0	100	0.0	
14	7	24	19	0	100	0.0	
14	7	24	20	0	100	0.0	
14	7	24	21	0	100	0.0	
14	7	24	22	0	100	0.0	
14	7	24	24	0	100	0.0	
14	7	26	2	0	100	0.0	
14	7	26	3	0	100	0.0	
14	7	26	5	0	100	0.0	
14	7	26	7	0	100	0.0	
14	7	26	8	0	100	0.0	
14	7	26	9	0	100	0.0	
14	7	26	11	0	100	0.0	
14	7	26	13	0	100	0.0	
14	7	26	17	0	100	0.0	
14	7	26	19	0	100	0.0	
14	7	26	21	0	100	0.0	
14	7	26	22	0	100	0.0	
14	7	26	23	0	100	0.0	
14	7	26	24	0	100	0.0	
14	7	26	26	0	100	0.0	
14	8	24	9	49	51	0.9607843137254902	AC004540.2,APBB1IP,APLP2,CFI,CHST2,CLIC5,COL22A1,COLEC12,CREB5,CRTAC1,CTTNBP2,DIRC3,DNASE1L3,FGF10,GABRA4,GFPT2,GJB2,GJB6,GPR1,HAS1,HBEGF,HHIP,HHIP-AS1,HTRA1,HTRA4,ITGA6,ITGB8,ITGBL1,ITM2B,MAL,MTUS2,NTN4,PCSK6,PPP1R1A,PRG4,SCARA5,SELP,SEMA3A,SEMA3C,SEMA5A,SMIM14,SPARCL1,TFPI,TIMP3,TMEM196,TSPAN15,TSPAN7,TWISTNB,ZNF385B
14	8	26	11	49	51	0.9607843137254902	AC004540.2,APBB1IP,APLP2,CFI,CHST2,CLIC5,COL22A1,COLEC12,CREB5,CRTAC1,CTTNBP2,DIRC3,DNASE1L3,FGF10,GABRA4,GFPT2,GJB2,GJB6,GPR1,HAS1,HBEGF,HHIP,HHIP-AS1,HTRA1,HTRA4,ITGA6,ITGB8,ITGBL1,ITM2B,MAL,MTUS2,NTN4,PCSK6,PPP1R1A,PRG4,SCARA5,SELP,SEMA3A,SEMA3C,SEMA5A,SMIM14,SPARCL1,TFPI,TIMP3,TMEM196,TSPAN15,TSPAN7,TWISTNB,ZNF385B
14	8	12	7	48	52	0.9230769230769231	AC004540.2,APBB1IP,APLP2,CFI,CHST2,CLIC5,COL22A1,COLEC12,CREB5,CRTAC1,CTTNBP2,DIRC3,DNASE1L3,FGF10,GABRA4,GFPT2,GJB2,GPR1,HAS1,HBEGF,HHIP,HHIP-AS1,HTRA1,HTRA4,ITGA6,ITGB8,ITGBL1,ITM2B,MAL,MTUS2,NTN4,PCSK6,PPP1R1A,PRG4,SCARA5,SELP,SEMA3A,SEMA3C,SEMA5A,SMIM14,SPARCL1,TFPI,TIMP3,TMEM196,TSPAN15,TSPAN7,TWISTNB,ZNF385B
14	8	24	14	7	93	0.07526881720430108	CRTAC1,GFPT2,HTRA1,PRG4,SEMA3A,SMIM14,TIMP3
14	8	26	16	7	93	0.07526881720430108	CRTAC1,GFPT2,HTRA1,PRG4,SEMA3A,SMIM14,TIMP3
14	8	14	11	6	94	0.06382978723404255	CRTAC1,GFPT2,HTRA1,PRG4,SMIM14,TIMP3
14	8	12	9	5	95	0.05263157894736842	CRTAC1,HTRA1,PRG4,SMIM14,TIMP3
14	8	24	19	3	97	0.030927835051546393	ITGA6,ITGB8,MAL
14	8	26	21	3	97	0.030927835051546393	ITGA6,ITGB8,MAL
14	8	24	12	2	98	0.02040816326530612	ITM2B,SCARA5
14	8	24	20	2	98	0.02040816326530612	ITGA6,TSPAN7
14	8	26	14	2	98	0.02040816326530612	ITM2B,SCARA5
14	8	26	22	2	98	0.02040816326530612	ITGA6,TSPAN7
14	8	12	10	1	99	0.010101010101010102	SPARCL1
14	8	14	5	1	99	0.010101010101010102	CFI
14	8	14	12	1	99	0.010101010101010102	SPARCL1
14	8	24	10	1	99	0.010101010101010102	CFI
14	8	24	18	1	99	0.010101010101010102	SPARCL1
14	8	26	6	1	99	0.010101010101010102	HTRA1
14	8	26	10	1	99	0.010101010101010102	CFI
14	8	26	12	1	99	0.010101010101010102	ITM2B
14	8	26	20	1	99	0.010101010101010102	SPARCL1
14	8	12	1	0	100	0.0	
14	8	12	2	0	100	0.0	
14	8	12	3	0	100	0.0	
14	8	12	4	0	100	0.0	
14	8	12	5	0	100	0.0	
14	8	12	6	0	100	0.0	
14	8	12	8	0	100	0.0	
14	8	12	11	0	100	0.0	
14	8	12	12	0	100	0.0	
14	8	14	1	0	100	0.0	
14	8	14	2	0	100	0.0	
14	8	14	3	0	100	0.0	
14	8	14	4	0	100	0.0	
14	8	14	6	0	100	0.0	
14	8	14	7	0	100	0.0	
14	8	14	9	0	100	0.0	
14	8	14	10	0	100	0.0	
14	8	14	13	0	100	0.0	
14	8	14	14	0	100	0.0	
14	8	24	1	0	100	0.0	
14	8	24	2	0	100	0.0	
14	8	24	3	0	100	0.0	
14	8	24	4	0	100	0.0	
14	8	24	5	0	100	0.0	
14	8	24	6	0	100	0.0	
14	8	24	7	0	100	0.0	
14	8	24	8	0	100	0.0	
14	8	24	11	0	100	0.0	
14	8	24	13	0	100	0.0	
14	8	24	15	0	100	0.0	
14	8	24	16	0	100	0.0	
14	8	24	17	0	100	0.0	
14	8	24	21	0	100	0.0	
14	8	24	22	0	100	0.0	
14	8	24	23	0	100	0.0	
14	8	24	24	0	100	0.0	
14	8	26	1	0	100	0.0	
14	8	26	2	0	100	0.0	
14	8	26	3	0	100	0.0	
14	8	26	4	0	100	0.0	
14	8	26	5	0	100	0.0	
14	8	26	7	0	100	0.0	
14	8	26	8	0	100	0.0	
14	8	26	9	0	100	0.0	
14	8	26	13	0	100	0.0	
14	8	26	15	0	100	0.0	
14	8	26	17	0	100	0.0	
14	8	26	18	0	100	0.0	
14	8	26	19	0	100	0.0	
14	8	26	23	0	100	0.0	
14	8	26	24	0	100	0.0	
14	8	26	25	0	100	0.0	
14	8	26	26	0	100	0.0	
14	9	12	8	37	63	0.5873015873015873	ANGPTL4,BMP2,BNIP3,CHAC1,EEF1G,ERRFI1,FGF2,FHL2,FOSL1,FOXC2,GABARAP,GAS5,GLIS3,HSPA5,IL11,INHBA,LIF,MIF,NME2,PHLDA2,PTGS2,RCAN1,RFLNB,RNASEK,RPL17,RPS17,SDF2L1,SEPTIN7,SERPINA1,SERPINA3,SIPA1L2,SLC2A1,SLC7A11,SNHG29,SOX9,TNFRSF12A,VEGFA
14	9	26	8	35	65	0.5384615384615384	ANGPTL4,ANKRD37,BHLHE40,BMP2,BNIP3,ECRG4,EEF1G,EGLN3,EIF4EBP1,ERRFI1,GABARAP,GAS5,H19,HILPDA,HSPA5,MIF,NME2,PTGES,RFLNB,RNASEK,RPL17,RPS17,SDF2L1,SEPTIN7,SERPINA1,SERPINA3,SIPA1L2,SLC2A1,SNHG29,SNHG5,SOX9,TNFRSF12A,UPP1,VEGFA,ZNF395
14	9	24	8	33	67	0.4925373134328358	ANGPTL4,ANKRD37,BHLHE40,BMP2,BNIP3,EEF1G,EGLN3,EIF4EBP1,ERRFI1,GABARAP,GAS5,H19,HILPDA,HSPA5,MIF,NME2,PTGES,RFLNB,RNASEK,RPL17,RPS17,SDF2L1,SEPTIN7,SERPINA1,SERPINA3,SIPA1L2,SLC2A1,SNHG29,SNHG5,SOX9,TNFRSF12A,VEGFA,ZNF395
14	9	26	19	19	81	0.2345679012345679	BMP2,CHAC1,COL2A1,FGF2,FHL2,FOSL1,GLIS3,HSPA5,IL11,INHBA,LIF,PAPSS2,PHLDA2,PTGS2,RFLNB,SDF2L1,SERPINA3,SLC7A11,TNFRSF12A
14	9	24	17	18	82	0.21951219512195122	BMP2,COL2A1,FGF2,FHL2,FOSL1,GLIS3,HSPA5,IL11,INHBA,LIF,PAPSS2,PHLDA2,PTGS2,RFLNB,SDF2L1,SERPINA3,SLC7A11,TNFRSF12A
14	9	26	12	15	85	0.17647058823529413	CHAC1,ECRG4,EEF1G,GABARAP,GAS5,H19,MIF,NME2,PTGES,RNASEK,RPL17,RPS17,SEPTIN7,SNHG29,SNHG5
14	9	24	6	14	86	0.16279069767441862	ECRG4,EEF1G,GABARAP,GAS5,H19,MIF,NME2,RNASEK,RPL17,RPS17,SEPTIN7,SERPINA3,SNHG29,SNHG5
14	9	26	9	13	87	0.14942528735632185	ECRG4,EEF1G,GABARAP,GAS5,MIF,NME2,RNASEK,RPL17,RPS17,SEPTIN7,SERPINA3,SNHG29,SNHG5
14	9	12	3	11	89	0.12359550561797752	ECRG4,EEF1G,GABARAP,GAS5,NME2,RNASEK,RPL17,RPS17,SEPTIN7,SNHG29,SNHG5
14	9	14	2	11	89	0.12359550561797752	ECRG4,EEF1G,GABARAP,GAS5,NME2,RNASEK,RPL17,RPS17,SEPTIN7,SNHG29,SNHG5
14	9	12	1	6	94	0.06382978723404255	ANGPTL4,BNIP3,EGLN3,ERRFI1,HILPDA,ZNF395
14	9	14	10	6	94	0.06382978723404255	CHAC1,FOSL1,GLIS3,PTGS2,RCAN1,RPS17
14	9	24	3	6	94	0.06382978723404255	ANGPTL4,BNIP3,EGLN3,ERRFI1,HILPDA,ZNF395
14	9	24	7	6	94	0.06382978723404255	BMP2,CHAC1,FOSL1,GLIS3,PTGS2,RCAN1
14	9	26	2	6	94	0.06382978723404255	ANGPTL4,BNIP3,EGLN3,ERRFI1,HILPDA,ZNF395
14	9	26	7	6	94	0.06382978723404255	BMP2,CHAC1,FOSL1,GLIS3,PTGS2,RCAN1
14	9	14	1	5	95	0.05263157894736842	ANGPTL4,BNIP3,EGLN3,ERRFI1,ZNF395
14	9	14	4	3	97	0.030927835051546393	COL2A1,PAPSS2,SERPINA1
14	9	24	5	3	97	0.030927835051546393	COL2A1,PAPSS2,SERPINA1
14	9	26	6	3	97	0.030927835051546393	COL2A1,PAPSS2,SERPINA1
14	9	12	2	2	98	0.02040816326530612	COL2A1,SERPINA1
14	9	24	13	2	98	0.02040816326530612	RFLNB,TNFRSF12A
14	9	24	23	2	98	0.02040816326530612	FHL2,TNFRSF12A
14	9	26	4	2	98	0.02040816326530612	PHLDA2,SDF2L1
14	9	26	15	2	98	0.02040816326530612	RFLNB,TNFRSF12A
14	9	12	9	1	99	0.010101010101010102	PTGES
14	9	12	12	1	99	0.010101010101010102	FHL2
14	9	14	11	1	99	0.010101010101010102	PTGES
14	9	14	14	1	99	0.010101010101010102	FHL2
14	9	26	3	1	99	0.010101010101010102	FOXC2
14	9	26	25	1	99	0.010101010101010102	FHL2
14	9	12	4	0	100	0.0	
14	9	12	5	0	100	0.0	
14	9	12	6	0	100	0.0	
14	9	12	7	0	100	0.0	
14	9	12	10	0	100	0.0	
14	9	12	11	0	100	0.0	
14	9	14	3	0	100	0.0	
14	9	14	5	0	100	0.0	
14	9	14	6	0	100	0.0	
14	9	14	7	0	100	0.0	
14	9	14	8	0	100	0.0	
14	9	14	12	0	100	0.0	
14	9	14	13	0	100	0.0	
14	9	24	1	0	100	0.0	
14	9	24	2	0	100	0.0	
14	9	24	4	0	100	0.0	
14	9	24	9	0	100	0.0	
14	9	24	10	0	100	0.0	
14	9	24	11	0	100	0.0	
14	9	24	12	0	100	0.0	
14	9	24	14	0	100	0.0	
14	9	24	15	0	100	0.0	
14	9	24	16	0	100	0.0	
14	9	24	18	0	100	0.0	
14	9	24	19	0	100	0.0	
14	9	24	20	0	100	0.0	
14	9	24	21	0	100	0.0	
14	9	24	22	0	100	0.0	
14	9	24	24	0	100	0.0	
14	9	26	1	0	100	0.0	
14	9	26	5	0	100	0.0	
14	9	26	10	0	100	0.0	
14	9	26	11	0	100	0.0	
14	9	26	13	0	100	0.0	
14	9	26	14	0	100	0.0	
14	9	26	16	0	100	0.0	
14	9	26	17	0	100	0.0	
14	9	26	18	0	100	0.0	
14	9	26	20	0	100	0.0	
14	9	26	21	0	100	0.0	
14	9	26	22	0	100	0.0	
14	9	26	23	0	100	0.0	
14	9	26	24	0	100	0.0	
14	9	26	26	0	100	0.0	
14	10	24	7	47	53	0.8867924528301887	ABL2,ADAMTS1,ARID5B,ATF3,BIRC3,BTG2,C11ORF96,CDKN1A,CHAC1,CXCL2,CXCL3,DNAJB1,EGR1,FNIP2,FOSL1,GEM,GLIS3,HMOX1,HSPH1,ICAM1,ID4,IER3,IL6,IRF1,KCNQ1OT1,KDM6B,KIAA0040,MAT2A,MEG8,MIR222HG,MYC,NAMPT,NFKBIA,NFKBIZ,NR4A1,NR4A2,NR4A3,PHLDA1,PPP1R15A,PTGS2,RCAN1,RND3,SOCS3,SOD2,TIPARP,TNFAIP2,TUBB3
14	10	26	7	46	54	0.8518518518518519	ABL2,ADAMTS1,ARID5B,ATF3,BIRC3,BTG2,C11ORF96,CDKN1A,CHAC1,CXCL2,CXCL3,EGR1,FNIP2,FOSL1,GEM,GLIS3,HMOX1,HSPH1,ICAM1,ID4,IER3,IL6,IRF1,KCNQ1OT1,KDM6B,KIAA0040,MAT2A,MEG8,MIR222HG,MYC,NAMPT,NFKBIA,NFKBIZ,NR4A1,NR4A2,NR4A3,PHLDA1,PPP1R15A,PTGS2,RCAN1,RND3,SOCS3,SOD2,TIPARP,TNFAIP2,TUBB3
14	10	12	8	17	83	0.20481927710843373	ABL2,ARID5B,CDKN1A,CHAC1,EGR1,FNIP2,FOSL1,GEM,GLIS3,HMOX1,IER3,KDM6B,KIAA0040,PPP1R15A,PTGS2,RCAN1,RPS17
14	10	14	9	6	94	0.06382978723404255	CHAC1,FOSL1,GLIS3,PTGS2,RCAN1,RPS17
14	10	24	10	5	95	0.05263157894736842	CCN1,DNAJB1,HSPH1,KCNQ1OT1,PPP1R15A
14	10	26	9	5	95	0.05263157894736842	CCN1,KIAA0040,RPS17,SOCS3,TIPARP
14	10	26	10	5	95	0.05263157894736842	CCN1,DNAJB1,HSPH1,KCNQ1OT1,PPP1R15A
14	10	26	19	5	95	0.05263157894736842	CHAC1,FOSL1,GLIS3,KDM6B,PTGS2
14	10	24	6	4	96	0.041666666666666664	CCN1,KIAA0040,RPS17,TIPARP
14	10	24	17	4	96	0.041666666666666664	FOSL1,GLIS3,KDM6B,PTGS2
14	10	12	3	3	97	0.030927835051546393	CCN1,RPS17,TIPARP
14	10	24	3	3	97	0.030927835051546393	ICAM1,NAMPT,SOD2
14	10	26	2	3	97	0.030927835051546393	ICAM1,NAMPT,SOD2
14	10	26	12	3	97	0.030927835051546393	CCN1,CHAC1,RPS17
14	10	12	1	2	98	0.02040816326530612	NAMPT,SOD2
14	10	12	4	2	98	0.02040816326530612	ATF3,MYC
14	10	14	1	2	98	0.02040816326530612	NAMPT,SOD2
14	10	14	2	2	98	0.02040816326530612	CCN1,RPS17
14	10	24	8	2	98	0.02040816326530612	FNIP2,RPS17
14	10	26	4	2	98	0.02040816326530612	IER3,NFKBIA
14	10	26	8	2	98	0.02040816326530612	FNIP2,RPS17
14	10	12	10	1	99	0.010101010101010102	ID4
14	10	14	3	1	99	0.010101010101010102	IER3
14	10	24	2	1	99	0.010101010101010102	IER3
14	10	24	4	1	99	0.010101010101010102	BTG2
14	10	24	15	1	99	0.010101010101010102	IL6
14	10	24	18	1	99	0.010101010101010102	ID4
14	10	26	5	1	99	0.010101010101010102	BTG2
14	10	26	17	1	99	0.010101010101010102	IL6
14	10	26	20	1	99	0.010101010101010102	ID4
14	10	12	2	0	100	0.0	
14	10	12	5	0	100	0.0	
14	10	12	6	0	100	0.0	
14	10	12	7	0	100	0.0	
14	10	12	9	0	100	0.0	
14	10	12	11	0	100	0.0	
14	10	12	12	0	100	0.0	
14	10	14	4	0	100	0.0	
14	10	14	5	0	100	0.0	
14	10	14	6	0	100	0.0	
14	10	14	7	0	100	0.0	
14	10	14	8	0	100	0.0	
14	10	14	11	0	100	0.0	
14	10	14	12	0	100	0.0	
14	10	14	13	0	100	0.0	
14	10	14	14	0	100	0.0	
14	10	24	1	0	100	0.0	
14	10	24	5	0	100	0.0	
14	10	24	9	0	100	0.0	
14	10	24	11	0	100	0.0	
14	10	24	12	0	100	0.0	
14	10	24	13	0	100	0.0	
14	10	24	14	0	100	0.0	
14	10	24	16	0	100	0.0	
14	10	24	19	0	100	0.0	
14	10	24	20	0	100	0.0	
14	10	24	21	0	100	0.0	
14	10	24	22	0	100	0.0	
14	10	24	23	0	100	0.0	
14	10	24	24	0	100	0.0	
14	10	26	1	0	100	0.0	
14	10	26	3	0	100	0.0	
14	10	26	6	0	100	0.0	
14	10	26	11	0	100	0.0	
14	10	26	13	0	100	0.0	
14	10	26	14	0	100	0.0	
14	10	26	15	0	100	0.0	
14	10	26	16	0	100	0.0	
14	10	26	18	0	100	0.0	
14	10	26	21	0	100	0.0	
14	10	26	22	0	100	0.0	
14	10	26	23	0	100	0.0	
14	10	26	24	0	100	0.0	
14	10	26	25	0	100	0.0	
14	10	26	26	0	100	0.0	
14	11	12	9	44	56	0.7857142857142857	ADAMTS6,ADGRG2,AMTN,AQP1,CAPS,CCDC80,CCND1,CD55,CLU,CRLF1,CRTAC1,DEFB1,DYSF,EMP3,EPB41L3,FN1,GAS1,HMX1,HSD3B7,HTRA1,IGFBP5,ISLR,ITPR3,NECTIN4,PRDX4,PRG4,PRSS23,PTGES,PTHLH,RET,S100A3,S100A4,S100A6,SLC16A10,SLC2A12,SLC7A2,SMIM14,SMOC1,TIMP1,TIMP3,TNFAIP6,TNFRSF11B,TREM1,TYMP
14	11	24	14	40	60	0.6666666666666666	ADAMTS6,ADGRG2,AMTN,BTC,CAPS,CCDC80,CD55,CLU,CRLF1,CRTAC1,DEFB1,DYSF,EMP3,EPB41L3,FN1,GFPT2,HMX1,HSD3B7,HTRA1,IGFBP5,ISLR,ITPR3,NECTIN4,PRDX4,PRG4,RET,S100A3,S100A6,SLC16A10,SLC2A12,SLC7A2,SMIM14,SMOC1,SORBS2,TIMP1,TIMP3,TNFAIP6,TNFRSF11B,TREM1,TYMP
14	11	26	16	39	61	0.639344262295082	ADAMTS6,ADGRG2,AMTN,BTC,CAPS,CCDC80,CD55,CLU,CRLF1,CRTAC1,DEFB1,DYSF,EMP3,EPB41L3,FN1,GFPT2,HMX1,HSD3B7,HTRA1,IGFBP5,ISLR,ITPR3,NECTIN4,PRDX4,PRG4,RET,S100A3,S100A6,SLC16A10,SLC2A12,SLC7A2,SMIM14,SMOC1,SORBS2,TIMP3,TNFAIP6,TNFRSF11B,TREM1,TYMP
14	11	24	12	8	92	0.08695652173913043	AQP1,EMP3,PPP1R14B,PRSS23,S100A10,S100A4,S100A6,TPPP3
14	11	26	14	8	92	0.08695652173913043	AQP1,EMP3,PPP1R14B,PRSS23,S100A10,S100A4,S100A6,TPPP3
14	11	24	13	7	93	0.07526881720430108	AQP1,CCND1,CRLF1,ISLR,S100A10,S100A4,TREM1
14	11	26	4	7	93	0.07526881720430108	CLU,EMP3,PPP1R14B,S100A10,S100A4,S100A6,TNFRSF11B
14	11	12	6	6	94	0.06382978723404255	AQP1,CCND1,PPP1R14B,PRSS23,S100A10,S100A4
14	11	12	7	6	94	0.06382978723404255	CRTAC1,GFPT2,HTRA1,PRG4,SMIM14,TIMP3
14	11	14	7	6	94	0.06382978723404255	AQP1,CCND1,ISLR,PPP1R14B,S100A10,S100A4
14	11	14	8	6	94	0.06382978723404255	CRTAC1,GFPT2,HTRA1,PRG4,SMIM14,TIMP3
14	11	24	9	6	94	0.06382978723404255	CRTAC1,GFPT2,HTRA1,PRG4,SMIM14,TIMP3
14	11	26	11	6	94	0.06382978723404255	CRTAC1,GFPT2,HTRA1,PRG4,SMIM14,TIMP3
14	11	14	3	5	95	0.05263157894736842	CLU,EMP3,S100A10,S100A6,TNFRSF11B
14	11	26	12	5	95	0.05263157894736842	CLU,GAS1,PRDX4,PTGES,TREM1
14	11	26	15	5	95	0.05263157894736842	AQP1,CCND1,ISLR,S100A4,TREM1
14	11	14	14	3	97	0.030927835051546393	CCND1,PPP1R14B,S100A10
14	11	24	2	3	97	0.030927835051546393	CLU,EMP3,S100A6
14	11	24	23	3	97	0.030927835051546393	CCND1,PPP1R14B,S100A10
14	11	12	2	2	98	0.02040816326530612	CLU,PRDX4
14	11	12	12	2	98	0.02040816326530612	PPP1R14B,S100A10
14	11	24	17	2	98	0.02040816326530612	TNFAIP6,TNFRSF11B
14	11	26	3	2	98	0.02040816326530612	CLU,DEFB1
14	11	26	6	2	98	0.02040816326530612	HTRA1,PRDX4
14	11	26	8	2	98	0.02040816326530612	IGFBP5,PTGES
14	11	26	19	2	98	0.02040816326530612	TNFAIP6,TNFRSF11B
14	11	26	25	2	98	0.02040816326530612	PPP1R14B,S100A10
14	11	12	4	1	99	0.010101010101010102	S100A6
14	11	14	4	1	99	0.010101010101010102	PRDX4
14	11	14	5	1	99	0.010101010101010102	PRSS23
14	11	14	9	1	99	0.010101010101010102	PTGES
14	11	24	5	1	99	0.010101010101010102	PRDX4
14	11	24	8	1	99	0.010101010101010102	PTGES
14	11	12	1	0	100	0.0	
14	11	12	3	0	100	0.0	
14	11	12	5	0	100	0.0	
14	11	12	8	0	100	0.0	
14	11	12	10	0	100	0.0	
14	11	12	11	0	100	0.0	
14	11	14	1	0	100	0.0	
14	11	14	2	0	100	0.0	
14	11	14	6	0	100	0.0	
14	11	14	10	0	100	0.0	
14	11	14	12	0	100	0.0	
14	11	14	13	0	100	0.0	
14	11	24	1	0	100	0.0	
14	11	24	3	0	100	0.0	
14	11	24	4	0	100	0.0	
14	11	24	6	0	100	0.0	
14	11	24	7	0	100	0.0	
14	11	24	10	0	100	0.0	
14	11	24	11	0	100	0.0	
14	11	24	15	0	100	0.0	
14	11	24	16	0	100	0.0	
14	11	24	18	0	100	0.0	
14	11	24	19	0	100	0.0	
14	11	24	20	0	100	0.0	
14	11	24	21	0	100	0.0	
14	11	24	22	0	100	0.0	
14	11	24	24	0	100	0.0	
14	11	26	1	0	100	0.0	
14	11	26	2	0	100	0.0	
14	11	26	5	0	100	0.0	
14	11	26	7	0	100	0.0	
14	11	26	9	0	100	0.0	
14	11	26	10	0	100	0.0	
14	11	26	13	0	100	0.0	
14	11	26	17	0	100	0.0	
14	11	26	18	0	100	0.0	
14	11	26	20	0	100	0.0	
14	11	26	21	0	100	0.0	
14	11	26	22	0	100	0.0	
14	11	26	23	0	100	0.0	
14	11	26	24	0	100	0.0	
14	11	26	26	0	100	0.0	
14	12	12	10	48	52	0.9230769230769231	ACTA2,ADGRF5,ARHGAP15,CALD1,CARMN,CD36,CDH19,CHN1,COL18A1,COL4A1,COL4A2,COX4I2,EBF2,EDNRA,EDNRB,FHL5,FILIP1L,FOXS1,GGT5,GJA4,GUCY1A1,GUCY1B1,HES4,HEYL,HIGD1B,IGFBP7,KCNE4,LINC00924,LINC01197,MAP1B,MCAM,NGFR,NOTCH3,NR2F2,NRXN1,OLFML2A,PLN,PLP1,PPP1R14A,RCAN2,RGS5,RNF152,SCN4B,SPARCL1,SYNPO2,TAGLN,THY1,TINAGL1
14	12	24	18	43	57	0.7543859649122807	ACTA2,ADGRF5,ARHGAP15,CALD1,CARMN,CD36,CHN1,COL18A1,COL4A1,COL4A2,COX4I2,EDNRA,EDNRB,FHL5,FILIP1L,FOXS1,GGT5,GJA4,GUCY1A1,GUCY1B1,HES4,HEYL,HIGD1B,IGFBP7,KCNE4,LINC00924,LINC01197,MCAM,MYL9,NOTCH3,NR2F2,PDE5A,PLN,PPP1R14A,RCAN2,RGS5,RNF152,SCN4B,SPARCL1,SYNPO2,TAGLN,THY1,TINAGL1
14	12	26	20	43	57	0.7543859649122807	ACTA2,ADGRF5,ARHGAP15,CALD1,CARMN,CD36,CHN1,COL18A1,COL4A1,COL4A2,COX4I2,EDNRA,EDNRB,FHL5,FILIP1L,FOXS1,GGT5,GJA4,GUCY1A1,GUCY1B1,HES4,HEYL,HIGD1B,IGFBP7,KCNE4,LINC00924,LINC01197,MCAM,MYL9,NOTCH3,NR2F2,PDE5A,PLN,PPP1R14A,RCAN2,RGS5,RNF152,SCN4B,SPARCL1,SYNPO2,TAGLN,THY1,TINAGL1
14	12	24	19	15	85	0.17647058823529413	ARHGAP15,CDH19,COL18A1,COL4A1,COL4A2,EBF2,FOXS1,IGFBP7,MAP1B,MCAM,NGFR,NR2F2,NRXN1,OLFML2A,PLP1
14	12	26	21	14	86	0.16279069767441862	ARHGAP15,CDH19,COL18A1,COL4A1,EBF2,FOXS1,IGFBP7,MAP1B,MCAM,NGFR,NR2F2,NRXN1,OLFML2A,PLP1
14	12	24	16	6	94	0.06382978723404255	CALD1,COL4A1,COL4A2,MYL9,TAGLN,THY1
14	12	24	24	6	94	0.06382978723404255	CD36,GGT5,GUCY1A1,GUCY1B1,HEYL,PDE5A
14	12	26	18	6	94	0.06382978723404255	CALD1,COL4A1,COL4A2,MYL9,TAGLN,THY1
14	12	26	26	6	94	0.06382978723404255	CD36,GGT5,GUCY1A1,GUCY1B1,HEYL,PDE5A
14	12	12	5	2	98	0.02040816326530612	GGT5,KCNE4
14	12	12	6	2	98	0.02040816326530612	MYL9,THY1
14	12	14	7	2	98	0.02040816326530612	MYL9,THY1
14	12	24	10	2	98	0.02040816326530612	PDE5A,THY1
14	12	24	20	2	98	0.02040816326530612	ADGRF5,EDNRB
14	12	26	10	2	98	0.02040816326530612	PDE5A,THY1
14	12	26	22	2	98	0.02040816326530612	ADGRF5,EDNRB
14	12	12	7	1	99	0.010101010101010102	SPARCL1
14	12	12	12	1	99	0.010101010101010102	MAP1B
14	12	14	5	1	99	0.010101010101010102	THY1
14	12	14	8	1	99	0.010101010101010102	SPARCL1
14	12	14	14	1	99	0.010101010101010102	MAP1B
14	12	24	9	1	99	0.010101010101010102	SPARCL1
14	12	24	11	1	99	0.010101010101010102	GGT5
14	12	24	12	1	99	0.010101010101010102	MAP1B
14	12	24	13	1	99	0.010101010101010102	IGFBP7
14	12	24	15	1	99	0.010101010101010102	KCNE4
14	12	24	23	1	99	0.010101010101010102	MAP1B
14	12	26	11	1	99	0.010101010101010102	SPARCL1
14	12	26	13	1	99	0.010101010101010102	GGT5
14	12	26	14	1	99	0.010101010101010102	MAP1B
14	12	26	15	1	99	0.010101010101010102	IGFBP7
14	12	26	17	1	99	0.010101010101010102	KCNE4
14	12	26	25	1	99	0.010101010101010102	MAP1B
14	12	12	1	0	100	0.0	
14	12	12	2	0	100	0.0	
14	12	12	3	0	100	0.0	
14	12	12	4	0	100	0.0	
14	12	12	8	0	100	0.0	
14	12	12	9	0	100	0.0	
14	12	12	11	0	100	0.0	
14	12	14	1	0	100	0.0	
14	12	14	2	0	100	0.0	
14	12	14	3	0	100	0.0	
14	12	14	4	0	100	0.0	
14	12	14	6	0	100	0.0	
14	12	14	9	0	100	0.0	
14	12	14	10	0	100	0.0	
14	12	14	11	0	100	0.0	
14	12	14	13	0	100	0.0	
14	12	24	1	0	100	0.0	
14	12	24	2	0	100	0.0	
14	12	24	3	0	100	0.0	
14	12	24	4	0	100	0.0	
14	12	24	5	0	100	0.0	
14	12	24	6	0	100	0.0	
14	12	24	7	0	100	0.0	
14	12	24	8	0	100	0.0	
14	12	24	14	0	100	0.0	
14	12	24	17	0	100	0.0	
14	12	24	21	0	100	0.0	
14	12	24	22	0	100	0.0	
14	12	26	1	0	100	0.0	
14	12	26	2	0	100	0.0	
14	12	26	3	0	100	0.0	
14	12	26	4	0	100	0.0	
14	12	26	5	0	100	0.0	
14	12	26	6	0	100	0.0	
14	12	26	7	0	100	0.0	
14	12	26	8	0	100	0.0	
14	12	26	9	0	100	0.0	
14	12	26	12	0	100	0.0	
14	12	26	16	0	100	0.0	
14	12	26	19	0	100	0.0	
14	12	26	23	0	100	0.0	
14	12	26	24	0	100	0.0	
14	13	12	11	50	50	1.0	AIF1,ALOX5AP,C1QA,C1QB,C1QC,CCL4,CCL4L2,CD163,CD37,CD3D,CD48,CD52,CD69,CD74,CPVL,CXCR4,CYBB,EMB,FCER1A,FCER1G,FCGR2B,FCGR3A,FOLR2,GMFG,HCST,HLA-DQA1,HLA-DQB1,HLA-DRA,HLA-DRB1,HLA-DRB5,HPGDS,LAPTM5,LILRB5,LYVE1,LYZ,MARCO,MS4A4A,MS4A6A,MS4A7,PTPRC,RGS1,RNASE1,S100A8,S100A9,SAMSN1,SRGN,STAB1,TPSAB1,TYROBP,VSIG4
14	13	24	21	42	58	0.7241379310344828	AIF1,ALOX5AP,C1QA,C1QB,C1QC,CCL4,CCL4L2,CD163,CD37,CD74,CPVL,CYBB,EMB,FCER1A,FCER1G,FCGR2B,FCGR3A,FOLR2,GMFG,HCST,HLA-DQA1,HLA-DQB1,HLA-DRA,HLA-DRB1,HLA-DRB5,HPGDS,LAPTM5,LILRB5,LYVE1,LYZ,MARCO,MS4A4A,MS4A6A,MS4A7,PTPRC,RGS1,RNASE1,S100A8,S100A9,STAB1,TYROBP,VSIG4
14	13	26	23	42	58	0.7241379310344828	AIF1,ALOX5AP,C1QA,C1QB,C1QC,CCL4,CCL4L2,CD163,CD37,CD74,CPVL,CYBB,EMB,FCER1A,FCER1G,FCGR2B,FCGR3A,FOLR2,GMFG,HCST,HLA-DQA1,HLA-DQB1,HLA-DRA,HLA-DRB1,HLA-DRB5,HPGDS,LAPTM5,LILRB5,LYVE1,LYZ,MARCO,MS4A4A,MS4A6A,MS4A7,PTPRC,RGS1,RNASE1,S100A8,S100A9,STAB1,TYROBP,VSIG4
14	13	24	22	19	81	0.2345679012345679	ALOX5AP,CCL4,CD37,CD3D,CD48,CD52,CD69,CXCR4,EMB,FCER1G,GMFG,HCST,HPGDS,LAPTM5,PTPRC,RGS1,SAMSN1,SRGN,TPSAB1
14	13	26	24	19	81	0.2345679012345679	ALOX5AP,CCL4,CD37,CD3D,CD48,CD52,CD69,CXCR4,EMB,FCER1G,GMFG,HCST,HPGDS,LAPTM5,PTPRC,RGS1,SAMSN1,SRGN,TPSAB1
14	13	24	20	6	94	0.06382978723404255	CD74,GMFG,HLA-DRA,HLA-DRB1,LYVE1,RNASE1
14	13	26	22	6	94	0.06382978723404255	CD74,GMFG,HLA-DRA,HLA-DRB1,LYVE1,RNASE1
14	13	24	10	4	96	0.041666666666666664	CD74,HLA-DRA,HLA-DRB1,HLA-DRB5
14	13	26	10	4	96	0.041666666666666664	CD74,HLA-DRA,HLA-DRB1,HLA-DRB5
14	13	14	5	3	97	0.030927835051546393	CD74,HLA-DRB1,HLA-DRB5
14	13	26	12	2	98	0.02040816326530612	HLA-DQB1,SRGN
14	13	12	5	1	99	0.010101010101010102	HLA-DRB1
14	13	24	24	1	99	0.010101010101010102	LYVE1
14	13	26	26	1	99	0.010101010101010102	LYVE1
14	13	12	1	0	100	0.0	
14	13	12	2	0	100	0.0	
14	13	12	3	0	100	0.0	
14	13	12	4	0	100	0.0	
14	13	12	6	0	100	0.0	
14	13	12	7	0	100	0.0	
14	13	12	8	0	100	0.0	
14	13	12	9	0	100	0.0	
14	13	12	10	0	100	0.0	
14	13	12	12	0	100	0.0	
14	13	14	1	0	100	0.0	
14	13	14	2	0	100	0.0	
14	13	14	3	0	100	0.0	
14	13	14	4	0	100	0.0	
14	13	14	6	0	100	0.0	
14	13	14	7	0	100	0.0	
14	13	14	8	0	100	0.0	
14	13	14	9	0	100	0.0	
14	13	14	10	0	100	0.0	
14	13	14	11	0	100	0.0	
14	13	14	12	0	100	0.0	
14	13	14	14	0	100	0.0	
14	13	24	1	0	100	0.0	
14	13	24	2	0	100	0.0	
14	13	24	3	0	100	0.0	
14	13	24	4	0	100	0.0	
14	13	24	5	0	100	0.0	
14	13	24	6	0	100	0.0	
14	13	24	7	0	100	0.0	
14	13	24	8	0	100	0.0	
14	13	24	9	0	100	0.0	
14	13	24	11	0	100	0.0	
14	13	24	12	0	100	0.0	
14	13	24	13	0	100	0.0	
14	13	24	14	0	100	0.0	
14	13	24	15	0	100	0.0	
14	13	24	16	0	100	0.0	
14	13	24	17	0	100	0.0	
14	13	24	18	0	100	0.0	
14	13	24	19	0	100	0.0	
14	13	24	23	0	100	0.0	
14	13	26	1	0	100	0.0	
14	13	26	2	0	100	0.0	
14	13	26	3	0	100	0.0	
14	13	26	4	0	100	0.0	
14	13	26	5	0	100	0.0	
14	13	26	6	0	100	0.0	
14	13	26	7	0	100	0.0	
14	13	26	8	0	100	0.0	
14	13	26	9	0	100	0.0	
14	13	26	11	0	100	0.0	
14	13	26	13	0	100	0.0	
14	13	26	14	0	100	0.0	
14	13	26	15	0	100	0.0	
14	13	26	16	0	100	0.0	
14	13	26	17	0	100	0.0	
14	13	26	18	0	100	0.0	
14	13	26	19	0	100	0.0	
14	13	26	20	0	100	0.0	
14	13	26	21	0	100	0.0	
14	13	26	25	0	100	0.0	
14	14	12	12	49	51	0.9607843137254902	AHSP,ALAS2,ANLN,ANXA2,ASPM,BIRC5,C12ORF75,CA1,CCNB2,CD70,CDC20,CDK1,CENPE,CENPF,CEP55,CIT,COL6A1,DEPDC1,DIAPH3,ESCO2,FAM111B,FHL2,HBM,HIST1H1B,HIST1H3G,ITGB1,LGALS1,MAP1B,MAP4K4,MKI67,MYBL1,MYEF2,NAV2,NRP2,NSD2,NUSAP1,OLFML2B,PBK,PIMREG,PPP1R14B,S100A10,SLC4A8,SMC2,STMN1,TFPI2,TOP2A,TPX2,TYMS,UBE2C
14	14	24	23	46	54	0.8518518518518519	ANLN,ANXA2,ASPM,BIRC5,C12ORF75,CCNB2,CCND1,CD70,CDC20,CDK1,CENPE,CENPF,CEP55,CIT,COL6A1,DEPDC1,DIAPH3,ESCO2,FAM111B,FHL2,HIST1H1B,HIST1H3G,ITGB1,LGALS1,MAP1B,MAP4K4,MKI67,MYBL1,MYEF2,NAV2,NRP2,NSD2,NUSAP1,OLFML2B,PBK,PIMREG,PPP1R14B,S100A10,SLC4A8,SMC2,STMN1,TFPI2,TOP2A,TPX2,TYMS,UBE2C
14	14	26	25	45	55	0.8181818181818182	ANLN,ANXA2,ASPM,BIRC5,C12ORF75,CCNB2,CD70,CDC20,CDK1,CENPE,CENPF,CEP55,CIT,COL6A1,DEPDC1,DIAPH3,ESCO2,FAM111B,FHL2,HIST1H1B,HIST1H3G,ITGB1,LGALS1,MAP1B,MAP4K4,MKI67,MYBL1,MYEF2,NAV2,NRP2,NSD2,NUSAP1,OLFML2B,PBK,PIMREG,PPP1R14B,S100A10,SLC4A8,SMC2,STMN1,TFPI2,TOP2A,TPX2,TYMS,UBE2C
14	14	24	24	12	88	0.13636363636363635	AHSP,ALAS2,CA1,CCNB2,CENPE,CENPF,ESCO2,HBM,HIST1H1B,HIST1H3G,MKI67,NUSAP1
14	14	26	26	12	88	0.13636363636363635	AHSP,ALAS2,CA1,CCNB2,CENPE,CENPF,ESCO2,HBM,HIST1H1B,HIST1H3G,MKI67,NUSAP1
14	14	12	6	8	92	0.08695652173913043	ANXA2,C12ORF75,CCND1,COL6A1,ITGB1,LGALS1,PPP1R14B,S100A10
14	14	14	7	8	92	0.08695652173913043	ANXA2,C12ORF75,CCND1,COL6A1,ITGB1,LGALS1,PPP1R14B,S100A10
14	14	24	13	7	93	0.07526881720430108	C12ORF75,CCND1,CD70,COL6A1,ITGB1,LGALS1,S100A10
14	14	26	15	6	94	0.06382978723404255	C12ORF75,CCND1,CD70,COL6A1,ITGB1,LGALS1
14	14	24	12	4	96	0.041666666666666664	ANXA2,MAP1B,PPP1R14B,S100A10
14	14	24	16	4	96	0.041666666666666664	COL6A1,ITGB1,LGALS1,OLFML2B
14	14	26	4	4	96	0.041666666666666664	ANXA2,LGALS1,PPP1R14B,S100A10
14	14	26	14	4	96	0.041666666666666664	ANXA2,MAP1B,PPP1R14B,S100A10
14	14	26	18	4	96	0.041666666666666664	COL6A1,ITGB1,LGALS1,OLFML2B
14	14	14	11	3	97	0.030927835051546393	CCND1,PPP1R14B,S100A10
14	14	14	3	2	98	0.02040816326530612	ANXA2,S100A10
14	14	12	8	1	99	0.010101010101010102	FHL2
14	14	12	9	1	99	0.010101010101010102	CCND1
14	14	12	10	1	99	0.010101010101010102	MAP1B
14	14	14	9	1	99	0.010101010101010102	FHL2
14	14	14	12	1	99	0.010101010101010102	MAP1B
14	14	24	2	1	99	0.010101010101010102	ANXA2
14	14	24	17	1	99	0.010101010101010102	FHL2
14	14	24	19	1	99	0.010101010101010102	MAP1B
14	14	24	22	1	99	0.010101010101010102	STMN1
14	14	26	19	1	99	0.010101010101010102	FHL2
14	14	26	21	1	99	0.010101010101010102	MAP1B
14	14	26	24	1	99	0.010101010101010102	STMN1
14	14	12	1	0	100	0.0	
14	14	12	2	0	100	0.0	
14	14	12	3	0	100	0.0	
14	14	12	4	0	100	0.0	
14	14	12	5	0	100	0.0	
14	14	12	7	0	100	0.0	
14	14	12	11	0	100	0.0	
14	14	14	1	0	100	0.0	
14	14	14	2	0	100	0.0	
14	14	14	4	0	100	0.0	
14	14	14	5	0	100	0.0	
14	14	14	6	0	100	0.0	
14	14	14	8	0	100	0.0	
14	14	14	10	0	100	0.0	
14	14	14	13	0	100	0.0	
14	14	24	1	0	100	0.0	
14	14	24	3	0	100	0.0	
14	14	24	4	0	100	0.0	
14	14	24	5	0	100	0.0	
14	14	24	6	0	100	0.0	
14	14	24	7	0	100	0.0	
14	14	24	8	0	100	0.0	
14	14	24	9	0	100	0.0	
14	14	24	10	0	100	0.0	
14	14	24	11	0	100	0.0	
14	14	24	14	0	100	0.0	
14	14	24	15	0	100	0.0	
14	14	24	18	0	100	0.0	
14	14	24	20	0	100	0.0	
14	14	24	21	0	100	0.0	
14	14	26	1	0	100	0.0	
14	14	26	2	0	100	0.0	
14	14	26	3	0	100	0.0	
14	14	26	5	0	100	0.0	
14	14	26	6	0	100	0.0	
14	14	26	7	0	100	0.0	
14	14	26	8	0	100	0.0	
14	14	26	9	0	100	0.0	
14	14	26	10	0	100	0.0	
14	14	26	11	0	100	0.0	
14	14	26	12	0	100	0.0	
14	14	26	13	0	100	0.0	
14	14	26	16	0	100	0.0	
14	14	26	17	0	100	0.0	
14	14	26	20	0	100	0.0	
14	14	26	22	0	100	0.0	
14	14	26	23	0	100	0.0	
