fibro_leiden	sample_label	disease_status	n_cells	cluster_total_cells	sample_total_cells	cluster_fraction	sample_fraction	program_gene_count	program_score_logcpm	total_counts	present_for_recurrence	program_score_z
0	MenNorm1AVAS	normal	4475	6401	8199	0.6991095141384158	0.5457982680814734	30	7.568856376092001	41162726.0	True	1.2723620784229723
0	MenNorm1VAS	normal	1911	6401	7981	0.2985471020153101	0.23944367873700037	30	7.503909191261992	21497212.0	True	1.2524403327377038
0	MenNorm2	normal	1	6401	6496	0.0001562255897516013	0.0001539408866995074	30	5.535073753820512	12175.0	False	0.6485244126941503
0	MenNorm3	normal	4	6401	6192	0.0006249023590064052	0.0006459948320413437	30	6.556054984202564	30659.0	False	0.9616977777035878
0	MenNorm4	normal	3	6401	8636	0.00046867676925480396	0.0003473830477072719	30	5.703809835763583	6562.0	False	0.7002821189164729
0	MenNorm5	normal	0	6401	4381	0.0	0.0	30	0.0	0.0	False	-1.0492910039621723
0	MenNorm6	normal	0	6401	5719	0.0	0.0	30	0.0	0.0	False	-1.0492910039621723
0	MenNorm7	normal	4	6401	5563	0.0006249023590064052	0.0007190364911019234	30	7.052217609339446	16432.0	False	1.1138895264665774
0	MenOA1	OA	0	6401	7711	0.0	0.0	30	0.0	0.0	False	-1.0492910039621723
0	MenOA2	OA	0	6401	5308	0.0	0.0	30	0.0	0.0	False	-1.0492910039621723
0	MenOA3	OA	1	6401	2882	0.0001562255897516013	0.00034698126301179735	30	1.6013837991766133	1820.0	False	-0.5580863293453123
0	MenOA4	OA	2	6401	9984	0.0003124511795032026	0.00020032051282051281	30	6.370027364640348	8798.0	False	0.9046361061768796
0	MenOA5	OA	0	6401	4605	0.0	0.0	30	0.0	0.0	False	-1.0492910039621723
0	MenOA6	OA	0	6401	5195	0.0	0.0	30	0.0	0.0	False	-1.0492910039621723
1	MenNorm1AVAS	normal	2542	6571	8199	0.3868513163901994	0.3100378094889621	30	7.143340213230896	23068302.0	True	1.474312332791356
1	MenNorm1VAS	normal	4010	6571	7981	0.6102571906863491	0.5024433028442551	30	7.167680260011797	46641438.0	True	1.48213938943131
1	MenNorm2	normal	0	6571	6496	0.0	0.0	30	0.0	0.0	False	-0.8227797373557937
1	MenNorm3	normal	2	6571	6192	0.00030436767615279255	0.00032299741602067185	30	5.589079764080994	8640.0	False	0.9745070251745195
1	MenNorm4	normal	7	6571	8636	0.001065286866534774	0.000810560444650301	30	6.1272563618176275	41712.0	False	1.1475690883126894
1	MenNorm5	normal	0	6571	4381	0.0	0.0	30	0.0	0.0	False	-0.8227797373557937
1	MenNorm6	normal	0	6571	5719	0.0	0.0	30	0.0	0.0	False	-0.8227797373557937
1	MenNorm7	normal	9	6571	5563	0.0013696545426875666	0.0016178321049793278	30	6.883982264069538	54129.0	False	1.3909103008897117
1	MenOA1	OA	0	6571	7711	0.0	0.0	30	0.0	0.0	False	-0.8227797373557937
1	MenOA2	OA	0	6571	5308	0.0	0.0	30	0.0	0.0	False	-0.8227797373557937
1	MenOA3	OA	0	6571	2882	0.0	0.0	30	0.0	0.0	False	-0.8227797373557937
1	MenOA4	OA	0	6571	9984	0.0	0.0	30	0.0	0.0	False	-0.8227797373557937
1	MenOA5	OA	0	6571	4605	0.0	0.0	30	0.0	0.0	False	-0.8227797373557937
1	MenOA6	OA	1	6571	5195	0.00015218383807639628	0.00019249278152069297	30	2.909401303081971	2307.0	False	0.11279976224676268
2	MenNorm1AVAS	normal	7	2348	8199	0.002981260647359455	0.0008537626539821929	30	1.5047890726836595	42463.0	False	-0.1299068919810243
2	MenNorm1VAS	normal	0	2348	7981	0.0	0.0	30	0.0	0.0	False	-0.7269838193490913
2	MenNorm2	normal	0	2348	6496	0.0	0.0	30	0.0	0.0	False	-0.7269838193490913
2	MenNorm3	normal	0	2348	6192	0.0	0.0	30	0.0	0.0	False	-0.7269838193490913
2	MenNorm4	normal	0	2348	8636	0.0	0.0	30	0.0	0.0	False	-0.7269838193490913
2	MenNorm5	normal	4	2348	4381	0.0017035775127768314	0.0009130335539831089	30	5.832058994074587	34334.0	False	1.5870865893369428
2	MenNorm6	normal	14	2348	5719	0.00596252129471891	0.0024479804161566705	30	5.997284121524867	82022.0	False	1.6526453531616117
2	MenNorm7	normal	2321	2348	5563	0.9885008517887564	0.4172209239618911	30	6.331952973678162	35985602.0	True	1.785436754665558
2	MenOA1	OA	0	2348	7711	0.0	0.0	30	0.0	0.0	False	-0.7269838193490913
2	MenOA2	OA	1	2348	5308	0.00042589437819420784	0.00018839487565938207	30	1.3077914470999126	32261.0	False	-0.20807248948405416
2	MenOA3	OA	0	2348	2882	0.0	0.0	30	0.0	0.0	False	-0.7269838193490913
2	MenOA4	OA	0	2348	9984	0.0	0.0	30	0.0	0.0	False	-0.7269838193490913
2	MenOA5	OA	0	2348	4605	0.0	0.0	30	0.0	0.0	False	-0.7269838193490913
2	MenOA6	OA	1	2348	5195	0.00042589437819420784	0.00019249278152069297	30	4.676758344715321	8565.0	False	1.128681239093696
3	MenNorm1AVAS	normal	1144	3157	8199	0.3623693379790941	0.13952921087937553	30	7.162951954724155	10065656.0	True	1.6063312971005752
3	MenNorm1VAS	normal	2001	3157	7981	0.6338295850490973	0.2507204610951009	30	7.162406160099514	18485272.0	True	1.6061476624996025
3	MenNorm2	normal	0	3157	6496	0.0	0.0	30	0.0	0.0	False	-0.8036701294573998
3	MenNorm3	normal	6	3157	6192	0.0019005384859043396	0.0009689922480620155	30	6.505374722232701	21261.0	False	1.3850870282022953
3	MenNorm4	normal	1	3157	8636	0.0003167564143173899	0.0001157943492357573	30	4.966553769675907	3168.0	False	0.8673450812619308
3	MenNorm5	normal	0	3157	4381	0.0	0.0	30	0.0	0.0	False	-0.8036701294573998
3	MenNorm6	normal	0	3157	5719	0.0	0.0	30	0.0	0.0	False	-0.8036701294573998
3	MenNorm7	normal	4	3157	5563	0.0012670256572695597	0.0007190364911019234	30	5.36209963176171	26601.0	False	1.0004279356383565
3	MenOA1	OA	1	3157	7711	0.0003167564143173899	0.00012968486577616392	30	2.281717346913123	893.0	False	-0.03597796904356264
3	MenOA2	OA	0	3157	5308	0.0	0.0	30	0.0	0.0	False	-0.8036701294573998
3	MenOA3	OA	0	3157	2882	0.0	0.0	30	0.0	0.0	False	-0.8036701294573998
3	MenOA4	OA	0	3157	9984	0.0	0.0	30	0.0	0.0	False	-0.8036701294573998
3	MenOA5	OA	0	3157	4605	0.0	0.0	30	0.0	0.0	False	-0.8036701294573998
3	MenOA6	OA	0	3157	5195	0.0	0.0	30	0.0	0.0	False	-0.8036701294573998
4	MenNorm1AVAS	normal	20	6224	8199	0.003213367609254499	0.0024393218685205514	30	7.479027441325266	59715.0	False	0.7561934561914755
4	MenNorm1VAS	normal	27	6224	7981	0.004338046272493574	0.0033830347074301466	30	7.613272016181704	102215.0	False	0.7989580959547792
4	MenNorm2	normal	1	6224	6496	0.00016066838046272492	0.0001539408866995074	30	7.660760173813301	3703.0	False	0.8140858130808529
4	MenNorm3	normal	5	6224	6192	0.0008033419023136247	0.0008074935400516795	30	7.311404584146639	9489.0	False	0.7027959083873607
4	MenNorm4	normal	6133	6224	8636	0.985379177377892	0.7101667438628995	30	8.278793913067904	39342492.0	True	1.0109652046618915
4	MenNorm5	normal	1	6224	4381	0.00016066838046272492	0.00022825838849577722	30	5.131329009210949	893.0	False	0.008316100033071665
4	MenNorm6	normal	2	6224	5719	0.00032133676092544985	0.0003497114880223815	30	6.596675120915047	3621.0	False	0.4751133517104518
4	MenNorm7	normal	30	6224	5563	0.004820051413881748	0.005392773683264426	30	7.6269476019270845	120293.0	False	0.8033145587658744
4	MenOA1	OA	0	6224	7711	0.0	0.0	30	0.0	0.0	False	-1.6263081432226911
4	MenOA2	OA	1	6224	5308	0.00016066838046272492	0.00018839487565938207	30	1.892322118486653	1163.0	False	-1.023494407175967
4	MenOA3	OA	0	6224	2882	0.0	0.0	30	0.0	0.0	False	-1.6263081432226911
4	MenOA4	OA	3	6224	9984	0.0004820051413881748	0.00030048076923076925	30	7.683406869507753	13433.0	False	0.8213000918272236
4	MenOA5	OA	1	6224	4605	0.00016066838046272492	0.00021715526601520088	30	4.199190604450099	951.0	False	-0.2886237437689418
4	MenOA6	OA	0	6224	5195	0.0	0.0	30	0.0	0.0	False	-1.6263081432226911
5	MenNorm1AVAS	normal	5	2505	8199	0.001996007984031936	0.0006098304671301379	30	6.777049471237231	17545.0	False	0.959858764320433
5	MenNorm1VAS	normal	13	2505	7981	0.005189620758483034	0.0016288685628367372	30	6.976720152724709	28469.0	False	1.0213305393222376
5	MenNorm2	normal	2	2505	6496	0.0007984031936127744	0.0003078817733990148	30	6.332149150921757	12462.0	False	0.822889169260585
5	MenNorm3	normal	3	2505	6192	0.0011976047904191617	0.00048449612403100775	30	5.912122252890063	7396.0	False	0.6935772503641214
5	MenNorm4	normal	2464	2505	8636	0.9836327345309381	0.28531727651690597	30	7.539346657339004	17486580.0	True	1.1945440008282069
5	MenNorm5	normal	0	2505	4381	0.0	0.0	30	0.0	0.0	False	-1.1265630236380662
5	MenNorm6	normal	1	2505	5719	0.0003992015968063872	0.00017485574401119076	30	6.756845156146071	2289.0	False	0.953638546599449
5	MenNorm7	normal	16	2505	5563	0.006387225548902195	0.0028761459644076936	30	6.738580687067093	97822.0	False	0.9480155411317144
5	MenOA1	OA	0	2505	7711	0.0	0.0	30	0.0	0.0	False	-1.1265630236380662
5	MenOA2	OA	0	2505	5308	0.0	0.0	30	0.0	0.0	False	-1.1265630236380662
5	MenOA3	OA	0	2505	2882	0.0	0.0	30	0.0	0.0	False	-1.1265630236380662
5	MenOA4	OA	0	2505	9984	0.0	0.0	30	0.0	0.0	False	-1.1265630236380662
5	MenOA5	OA	1	2505	4605	0.0003992015968063872	0.00021715526601520088	30	4.196917405346091	1213.0	False	0.16552433000164773
5	MenOA6	OA	0	2505	5195	0.0	0.0	30	0.0	0.0	False	-1.1265630236380662
6	MenNorm1AVAS	normal	2	3222	8199	0.0006207324643078833	0.00024393218685205513	30	2.5099924471794	8296.0	False	-0.22994037045715324
6	MenNorm1VAS	normal	4	3222	7981	0.0012414649286157666	0.0005011903270266884	30	2.4057551007123545	16607.0	False	-0.27467404002997287
6	MenNorm2	normal	2	3222	6496	0.0006207324643078833	0.0003078817733990148	30	1.8340847330424401	3881.0	False	-0.5200075428355444
6	MenNorm3	normal	2	3222	6192	0.0006207324643078833	0.00032299741602067185	30	1.629010829343637	4062.0	False	-0.6080154263532885
6	MenNorm4	normal	11	3222	8636	0.003414028553693358	0.0012737378415933302	30	2.6559483750460435	60100.0	False	-0.1673030866939399
6	MenNorm5	normal	39	3222	4381	0.012104283054003724	0.008902077151335312	30	6.18366867276879	326874.0	False	1.3466252652096538
6	MenNorm6	normal	4	3222	5719	0.0012414649286157666	0.000699422976044763	30	5.8743717561534075	11494.0	False	1.2138898633914705
6	MenNorm7	normal	3130	3222	5563	0.9714463066418374	0.5626460542872551	30	6.429919450813211	33786208.0	True	1.4523042882320927
6	MenOA1	OA	0	3222	7711	0.0	0.0	30	0.0	0.0	False	-1.3071087421395007
6	MenOA2	OA	2	3222	5308	0.0006207324643078833	0.00037678975131876413	30	1.9693169016215712	6000.0	False	-0.46197238221538023
6	MenOA3	OA	0	3222	2882	0.0	0.0	30	0.0	0.0	False	-1.3071087421395007
6	MenOA4	OA	0	3222	9984	0.0	0.0	30	0.0	0.0	False	-1.3071087421395007
6	MenOA5	OA	5	3222	4605	0.0015518311607697084	0.0010857763300760044	30	5.020388936123819	10056.0	False	0.8474013965717045
6	MenOA6	OA	21	3222	5195	0.006517690875232775	0.004042348411934553	30	6.128660187260551	121606.0	False	1.3230182615988628
7	MenNorm1AVAS	normal	0	4397	8199	0.0	0.0	30	0.0	0.0	False	-1.0216911299999052
7	MenNorm1VAS	normal	0	4397	7981	0.0	0.0	30	0.0	0.0	False	-1.0216911299999052
7	MenNorm2	normal	0	4397	6496	0.0	0.0	30	0.0	0.0	False	-1.0216911299999052
7	MenNorm3	normal	0	4397	6192	0.0	0.0	30	0.0	0.0	False	-1.0216911299999052
7	MenNorm4	normal	0	4397	8636	0.0	0.0	30	0.0	0.0	False	-1.0216911299999052
7	MenNorm5	normal	467	4397	4381	0.1062087787127587	0.10659666742752796	30	6.379423597182456	4815260.0	True	1.215764296107495
7	MenNorm6	normal	2149	4397	5719	0.4887423243120309	0.37576499388004897	30	6.633202442543146	19386668.0	True	1.304772158014381
7	MenNorm7	normal	9	4397	5563	0.0020468501250852852	0.0016178321049793278	30	6.236964158027032	110509.0	False	1.165799492817226
7	MenOA1	OA	2	4397	7711	0.00045485558335228563	0.00025936973155232785	30	2.508781033378836	2400.0	False	-0.14178628428187232
7	MenOA2	OA	7	4397	5308	0.0015919945417329998	0.0013187641296156744	30	3.497564196672266	34578.0	False	0.2050096636987003
7	MenOA3	OA	2	4397	2882	0.00045485558335228563	0.0006939625260235947	30	2.577241125002678	6067.0	False	-0.11777527433056156
7	MenOA4	OA	0	4397	9984	0.0	0.0	30	0.0	0.0	False	-1.0216911299999052
7	MenOA5	OA	597	4397	4605	0.13577439163065727	0.12964169381107493	30	6.435908349273297	5576637.0	True	1.2355751948717346
7	MenOA6	OA	1164	4397	5195	0.26472594951103023	0.22406159769008663	30	6.5134960547610365	12303001.0	True	1.2627875331023293
8	MenNorm1AVAS	normal	3	4886	8199	0.0006139991813344249	0.00036589828027808267	30	6.05658736368349	22293.0	False	-1.1916776253331602
8	MenNorm1VAS	normal	7	4886	7981	0.0014326647564469914	0.0008770830722967047	30	6.298305529956778	58704.0	False	-0.6750074297673121
8	MenNorm2	normal	463	4886	6496	0.09476054031927958	0.07127463054187193	30	6.865241489089715	3689640.0	True	0.5368125893674931
8	MenNorm3	normal	324	4886	6192	0.0663119115841179	0.05232558139534884	30	6.735185637690247	2162342.0	True	0.2588194901600726
8	MenNorm4	normal	12	4886	8636	0.0024559967253376994	0.0013895321908290875	30	5.457743816722258	119708.0	False	-2.4716997986438383
8	MenNorm5	normal	32	4886	4381	0.006549324600900532	0.007304268431864871	30	6.56946192738405	164135.0	False	-0.0954133055537301
8	MenNorm6	normal	36	4886	5719	0.007367990176013099	0.006294806784402867	30	6.735041531452392	163485.0	False	0.25851146449844137
8	MenNorm7	normal	9	4886	5563	0.0018419975440032747	0.0016178321049793278	30	6.047004872532838	84861.0	False	-1.212160105624764
8	MenOA1	OA	964	4886	7711	0.19729840360212852	0.12501621060822202	30	7.042807708966214	7975490.0	True	0.9163586324470774
8	MenOA2	OA	514	4886	5308	0.1051985264019648	0.09683496608892238	30	7.147401820092728	5059007.0	True	1.1399275130320528
8	MenOA3	OA	568	4886	2882	0.11625051166598445	0.1970853573907009	30	7.0840470576119525	6144462.0	True	1.004507333301078
8	MenOA4	OA	1683	4886	9984	0.34445354072861234	0.16856971153846154	30	7.012271528486408	11835834.0	True	0.8510878479480006
8	MenOA5	OA	118	4886	4605	0.024150634465820713	0.025624321389793703	30	6.738671704685881	775674.0	True	0.2662709239689562
8	MenOA6	OA	153	4886	5195	0.03131395824805567	0.029451395572666024	30	6.807627132316152	1098166.0	True	0.41366247019961166
9	MenNorm1AVAS	normal	0	475	8199	0.0	0.0	30	0.0	0.0	False	-0.6298768829822097
9	MenNorm1VAS	normal	0	475	7981	0.0	0.0	30	0.0	0.0	False	-0.6298768829822097
9	MenNorm2	normal	0	475	6496	0.0	0.0	30	0.0	0.0	False	-0.6298768829822097
9	MenNorm3	normal	0	475	6192	0.0	0.0	30	0.0	0.0	False	-0.6298768829822097
9	MenNorm4	normal	0	475	8636	0.0	0.0	30	0.0	0.0	False	-0.6298768829822097
9	MenNorm5	normal	0	475	4381	0.0	0.0	30	0.0	0.0	False	-0.6298768829822097
9	MenNorm6	normal	0	475	5719	0.0	0.0	30	0.0	0.0	False	-0.6298768829822097
9	MenNorm7	normal	0	475	5563	0.0	0.0	30	0.0	0.0	False	-0.6298768829822097
9	MenOA1	OA	7	475	7711	0.014736842105263158	0.0009077940604331475	30	6.514930994952368	89984.0	False	1.5441977295793112
9	MenOA2	OA	2	475	5308	0.004210526315789474	0.00037678975131876413	30	5.905766867653993	22214.0	False	1.340915720135361
9	MenOA3	OA	3	475	2882	0.00631578947368421	0.001040943789035392	30	6.677944701598236	43880.0	False	1.5985964578840188
9	MenOA4	OA	463	475	9984	0.9747368421052631	0.04637419871794872	30	7.326605980295975	5177526.0	True	1.8150589222234064
9	MenOA5	OA	0	475	4605	0.0	0.0	30	0.0	0.0	False	-0.6298768829822097
9	MenOA6	OA	0	475	5195	0.0	0.0	30	0.0	0.0	False	-0.6298768829822097
10	MenNorm1AVAS	normal	0	6542	8199	0.0	0.0	30	0.0	0.0	False	-1.1816136958444958
10	MenNorm1VAS	normal	0	6542	7981	0.0	0.0	30	0.0	0.0	False	-1.1816136958444958
10	MenNorm2	normal	1	6542	6496	0.0001528584530724549	0.0001539408866995074	30	1.4031762019614051	3275.0	False	-0.633804295508188
10	MenNorm3	normal	2	6542	6192	0.0003057169061449098	0.00032299741602067185	30	1.5529480726644844	4223.0	False	-0.5753323526670725
10	MenNorm4	normal	0	6542	8636	0.0	0.0	30	0.0	0.0	False	-1.1816136958444958
10	MenNorm5	normal	109	6542	4381	0.016661571384897586	0.024880164346039717	30	6.355533323114172	1172705.0	True	1.2996291400059656
10	MenNorm6	normal	43	6542	5719	0.006572913482115561	0.007518796992481203	30	6.4042644754632105	194546.0	False	1.3186541087224448
10	MenNorm7	normal	2	6542	5563	0.0003057169061449098	0.0003595182455509617	30	5.4016204329507405	10602.0	False	0.927215149800709
10	MenOA1	OA	5	6542	7711	0.0007642922653622745	0.0006484243288808196	30	2.3424738000056142	17626.0	False	-0.267096213370913
10	MenOA2	OA	6	6542	5308	0.0009171507184347294	0.0011303692539562924	30	2.2298895995048253	32288.0	False	-0.31104984034767397
10	MenOA3	OA	14	6542	2882	0.0021400183430143687	0.004857737682165163	30	2.6441447792910653	90002.0	False	-0.14932183975324015
10	MenOA4	OA	1	6542	9984	0.0001528584530724549	0.00010016025641025641	30	0.850902147101123	1695.0	False	-0.8494157906229219
10	MenOA5	OA	3755	6542	4605	0.5739834912870682	0.8154180238870793	30	6.601849607643836	37349725.0	True	1.3957926695275231
10	MenOA6	OA	2604	6542	5195	0.3980434118006726	0.5012512030798845	30	6.585911567468698	30380736.0	True	1.3895703517468525
11	MenNorm1AVAS	normal	0	2843	8199	0.0	0.0	30	0.0	0.0	False	-1.5773365512296407
11	MenNorm1VAS	normal	0	2843	7981	0.0	0.0	30	0.0	0.0	False	-1.5773365512296407
11	MenNorm2	normal	6	2843	6496	0.002110446711220542	0.0009236453201970443	30	4.082683814191819	19015.0	False	0.04364090453940803
11	MenNorm3	normal	1	2843	6192	0.00035174111853675694	0.00016149870801033592	30	2.4228548501964613	1485.0	False	-0.6153729827756873
11	MenNorm4	normal	0	2843	8636	0.0	0.0	30	0.0	0.0	False	-1.5773365512296407
11	MenNorm5	normal	140	2843	4381	0.049243756595145974	0.03195617438940881	30	6.783729201182708	1437026.0	True	1.1160564719908204
11	MenNorm6	normal	1443	2843	5719	0.5075624340485403	0.2523168386081483	30	6.859878635500205	15587070.0	True	1.1462906321452635
11	MenNorm7	normal	8	2843	5563	0.0028139289482940555	0.0014380729822038468	30	6.451248602000198	80335.0	False	0.9840492972294509
11	MenOA1	OA	2	2843	7711	0.0007034822370735139	0.00025936973155232785	30	3.5248896216607557	3006.0	False	-0.1778241542801758
11	MenOA2	OA	9	2843	5308	0.0031656700668308124	0.0016955538809344385	30	4.225921866865478	17798.0	False	0.10051174361471417
11	MenOA3	OA	8	2843	2882	0.0028139289482940555	0.002775850104094379	30	4.804594397484356	20378.0	False	0.3302662798698589
11	MenOA4	OA	2	2843	9984	0.0007034822370735139	0.00020032051282051281	30	3.0650120281208997	4112.0	False	-0.3604126782677952
11	MenOA5	OA	37	2843	4605	0.013014421385860007	0.008034744842562433	30	6.591562217346282	316425.0	False	1.0397590258209304
11	MenOA6	OA	1187	2843	5195	0.4175167077031305	0.22848893166506257	30	6.806368493483799	17076197.0	True	1.125045113802138
12	MenNorm1AVAS	normal	0	6995	8199	0.0	0.0	30	0.0	0.0	False	-3.4616695752360283
12	MenNorm1VAS	normal	3	6995	7981	0.00042887776983559683	0.0003758927452700163	30	6.0497321936785236	13811.0	False	0.0825031215912698
12	MenNorm2	normal	996	6995	6496	0.14238741958541815	0.15332512315270935	30	6.992853071961943	7969623.0	True	0.6350206809821803
12	MenNorm3	normal	5626	6995	6192	0.8042887776983559	0.9085917312661499	30	7.134892548533516	56080431.0	True	0.7182330313177265
12	MenNorm4	normal	1	6995	8636	0.0001429592566118656	0.0001157943492357573	30	5.664592499418726	2542.0	False	-0.1431269633712189
12	MenNorm5	normal	24	6995	4381	0.0034310221586847747	0.005478201323898653	30	6.42553132249501	110358.0	False	0.3026611334177434
12	MenNorm6	normal	11	6995	5719	0.0015725518227305219	0.0019234131841230984	30	6.449510630661495	36251.0	False	0.31670916175547187
12	MenNorm7	normal	3	6995	5563	0.00042887776983559683	0.0005392773683264426	30	5.961641889044269	24024.0	False	0.030896332638503148
12	MenOA1	OA	200	6995	7711	0.028591851322373123	0.025936973155232784	30	6.726762089938208	1260713.0	True	0.4791340461413985
12	MenOA2	OA	53	6995	5308	0.007576840600428878	0.009984928409947249	30	6.687612975951928	352806.0	True	0.4561989448091218
12	MenOA3	OA	28	6995	2882	0.004002859185132237	0.009715475364330326	30	6.5645903194549104	185041.0	False	0.3841274007656531
12	MenOA4	OA	37	6995	9984	0.0052894924946390275	0.003705929487179487	30	6.707528089392079	221370.0	False	0.46786600692842584
12	MenOA5	OA	7	6995	4605	0.0010007147962830592	0.0015200868621064061	30	5.446343383209777	40559.0	False	-0.27098593861357767
12	MenOA6	OA	6	6995	5195	0.0008577555396711937	0.0011549566891241579	30	5.913055696342519	21650.0	False	0.0024326168733219307
13	MenNorm1AVAS	normal	1	5098	8199	0.00019615535504119262	0.00012196609342602757	30	4.473934370957672	5803.0	False	-0.18819189872707867
13	MenNorm1VAS	normal	4	5098	7981	0.0007846214201647705	0.0005011903270266884	30	5.089813075487566	30822.0	False	0.093613403963528
13	MenNorm2	normal	4788	5098	6496	0.9391918399372303	0.7370689655172413	30	6.889558787529742	47167602.0	True	0.9171162811011633
13	MenNorm3	normal	128	5098	6192	0.025107885445272655	0.020671834625323	30	6.302244299605054	1164441.0	True	0.6483809995808684
13	MenNorm4	normal	0	5098	8636	0.0	0.0	30	0.0	0.0	False	-2.235313223676934
13	MenNorm5	normal	11	5098	4381	0.0021577089054531187	0.0025108422734535494	30	6.321100610547164	61545.0	False	0.6570090108655349
13	MenNorm6	normal	9	5098	5719	0.0017653981953707335	0.0015737016961007168	30	6.289064449045126	43225.0	False	0.6423503449257568
13	MenNorm7	normal	0	5098	5563	0.0	0.0	30	0.0	0.0	False	-2.235313223676934
13	MenOA1	OA	52	5098	7711	0.010200078462142017	0.006743613020360524	30	6.205623321709336	336937.0	True	0.6041705020885921
13	MenOA2	OA	38	5098	5308	0.00745390349156532	0.007159005275056519	30	6.21776421978925	324640.0	False	0.6097257671646229
13	MenOA3	OA	12	5098	2882	0.0023538642604943117	0.004163775156141568	30	6.361281171447315	116426.0	False	0.675394279009184
13	MenOA4	OA	52	5098	9984	0.010200078462142017	0.005208333333333333	30	6.183757740599303	375891.0	True	0.5941655503701816
13	MenOA5	OA	1	5098	4605	0.00019615535504119262	0.00021715526601520088	30	4.129504028982297	1271.0	False	-0.3457915950021567
13	MenOA6	OA	2	5098	5195	0.00039231071008238524	0.00038498556304138594	30	3.929479212627457	8697.0	False	-0.43731619798633536
14	MenNorm1AVAS	normal	0	5620	8199	0.0	0.0	30	0.0	0.0	False	-1.122695249168601
14	MenNorm1VAS	normal	0	5620	7981	0.0	0.0	30	0.0	0.0	False	-1.122695249168601
14	MenNorm2	normal	9	5620	6496	0.001601423487544484	0.0013854679802955665	30	2.2543500970446417	36725.0	False	-0.22122036474255588
14	MenNorm3	normal	5	5620	6192	0.0008896797153024911	0.0008074935400516795	30	1.6839878908983898	5641.0	False	-0.4492981617718319
14	MenNorm4	normal	3	5620	8636	0.0005338078291814947	0.0003473830477072719	30	1.8723218749716575	11028.0	False	-0.373986719796374
14	MenNorm5	normal	3541	5620	4381	0.6300711743772242	0.8082629536635472	30	6.3079634522240955	54133115.0	True	1.3997481954020348
14	MenNorm6	normal	2004	5620	5719	0.35658362989323844	0.3504109109984263	30	6.297495302518647	15616733.0	True	1.3955621667730989
14	MenNorm7	normal	17	5620	5563	0.0030249110320284696	0.0030559050871831746	30	5.939416459762353	199095.0	False	1.252372746544041
14	MenOA1	OA	2	5620	7711	0.00035587188612099647	0.00025936973155232785	30	1.4681830562360882	7880.0	False	-0.5355947128890773
14	MenOA2	OA	2	5620	5308	0.00035587188612099647	0.00037678975131876413	30	0.4866305142589925	2139.0	False	-0.9281002804568157
14	MenOA3	OA	1	5620	2882	0.00017793594306049823	0.00034698126301179735	30	1.3819281192765775	8224.0	False	-0.5700865424539202
14	MenOA4	OA	0	5620	9984	0.0	0.0	30	0.0	0.0	False	-1.122695249168601
14	MenOA5	OA	12	5620	4605	0.002135231316725979	0.0026058631921824105	30	5.716980003981565	75820.0	False	1.1634243269840092
14	MenOA6	OA	24	5620	5195	0.004270462633451958	0.0046198267564966315	30	5.896634748330525	245277.0	False	1.2352650939131944
15	MenNorm1AVAS	normal	0	2127	8199	0.0	0.0	30	0.0	0.0	False	-1.7036348873674185
15	MenNorm1VAS	normal	1	2127	7981	0.0004701457451810061	0.0001252975817566721	30	3.3993192372470573	1086.0	False	-0.49704653030626583
15	MenNorm2	normal	178	2127	6496	0.08368594264221908	0.027401477832512317	30	6.998449295057923	1841084.0	True	0.7804646771495949
15	MenNorm3	normal	65	2127	6192	0.0305594734367654	0.010497416020671835	30	7.0850446315717015	687319.0	True	0.8112016916872277
15	MenNorm4	normal	1	2127	8636	0.0004701457451810061	0.0001157943492357573	30	5.078921139045173	5974.0	False	0.09912816167371147
15	MenNorm5	normal	0	2127	4381	0.0	0.0	30	0.0	0.0	False	-1.7036348873674185
15	MenNorm6	normal	1	2127	5719	0.0004701457451810061	0.00017485574401119076	30	3.125839682392965	3330.0	False	-0.594118097802953
15	MenNorm7	normal	0	2127	5563	0.0	0.0	30	0.0	0.0	False	-1.7036348873674185
15	MenOA1	OA	637	2127	7711	0.29948283968030087	0.08260925949941642	30	7.060722681151631	8309911.0	True	0.8025686154299823
15	MenOA2	OA	687	2127	5308	0.3229901269393512	0.1294272795779955	30	7.028378000362846	8246232.0	True	0.7910878710429932
15	MenOA3	OA	224	2127	2882	0.10531264692054537	0.0777238029146426	30	6.95290284923396	3480214.0	True	0.7642979662874472
15	MenOA4	OA	325	2127	9984	0.152797367183827	0.032552083333333336	30	7.028378343237321	3758648.0	True	0.7910879927462876
15	MenOA5	OA	2	2127	4605	0.0009402914903620122	0.00043431053203040176	30	6.8979221135610995	19635.0	False	0.7447825542606392
15	MenOA6	OA	6	2127	5195	0.0028208744710860366	0.0011549566891241579	30	6.539187658056634	30372.0	False	0.6174497599335904
16	MenNorm1AVAS	normal	0	7757	8199	0.0	0.0	30	0.0	0.0	False	-1.4593066573124254
16	MenNorm1VAS	normal	0	7757	7981	0.0	0.0	30	0.0	0.0	False	-1.4593066573124254
16	MenNorm2	normal	24	7757	6496	0.0030939796313007605	0.003694581280788177	30	6.284639256658308	66791.0	False	0.7458292298498176
16	MenNorm3	normal	4	7757	6192	0.00051566327188346	0.0006459948320413437	30	6.041292502033257	15789.0	False	0.6604444305425787
16	MenNorm4	normal	0	7757	8636	0.0	0.0	30	0.0	0.0	False	-1.4593066573124254
16	MenNorm5	normal	4	7757	4381	0.00051566327188346	0.0009130335539831089	30	3.823731413263056	16607.0	False	-0.11764693462861615
16	MenNorm6	normal	0	7757	5719	0.0	0.0	30	0.0	0.0	False	-1.4593066573124254
16	MenNorm7	normal	1	7757	5563	0.000128915817970865	0.00017975912277548085	30	3.520967685777418	6295.0	False	-0.22387978802624894
16	MenOA1	OA	338	7757	7711	0.04357354647415238	0.043833484632343406	30	6.807230605325587	2182177.0	True	0.92919455762831
16	MenOA2	OA	591	7757	5308	0.07618924842078123	0.1113413715146948	30	7.003307227041744	4713683.0	True	0.9979933506094267
16	MenOA3	OA	625	7757	2882	0.08057238623179064	0.21686328938237334	30	7.004463693769572	4821860.0	True	0.998399128280936
16	MenOA4	OA	6161	7757	9984	0.7942503545184995	0.6170873397435898	30	7.342193243234459	40362503.0	True	1.1169006872830918
16	MenOA5	OA	7	7757	4605	0.0009024107257960552	0.0015200868621064061	30	5.6726557395235435	28660.0	False	0.5310982387979615
16	MenOA6	OA	2	7757	5195	0.00025783163594173	0.00038498556304138594	30	4.725872588326362	7480.0	False	0.1988937289124431
17	MenNorm1AVAS	normal	0	3925	8199	0.0	0.0	30	0.0	0.0	False	-1.5469255254814271
17	MenNorm1VAS	normal	0	3925	7981	0.0	0.0	30	0.0	0.0	False	-1.5469255254814271
17	MenNorm2	normal	17	3925	6496	0.004331210191082803	0.0026169950738916255	30	6.538739526333812	95324.0	False	0.5589032959561265
17	MenNorm3	normal	9	3925	6192	0.0022929936305732482	0.0014534883720930232	30	4.944383545204082	62516.0	False	0.04543418418424236
17	MenNorm4	normal	0	3925	8636	0.0	0.0	30	0.0	0.0	False	-1.5469255254814271
17	MenNorm5	normal	9	3925	4381	0.0022929936305732482	0.002054325496461995	30	7.1922457671633175	156724.0	False	0.7693677549525054
17	MenNorm6	normal	2	3925	5719	0.0005095541401273885	0.0003497114880223815	30	5.649308794687186	37378.0	False	0.27245835319145945
17	MenNorm7	normal	0	3925	5563	0.0	0.0	30	0.0	0.0	False	-1.5469255254814271
17	MenOA1	OA	1774	3925	7711	0.4519745222929936	0.2300609518869148	30	7.257269343026747	18853894.0	True	0.7903088735847253
17	MenOA2	OA	439	3925	5308	0.11184713375796178	0.08270535041446872	30	7.040178331220572	4115815.0	True	0.7203937916801237
17	MenOA3	OA	651	3925	2882	0.16585987261146498	0.22588480222068008	30	7.1989823314089465	5507373.0	True	0.771537294064559
17	MenOA4	OA	953	3925	9984	0.24280254777070065	0.09545272435897435	30	6.929196017813936	8828584.0	True	0.6846514665270453
17	MenOA5	OA	54	3925	4605	0.013757961783439491	0.011726384364820847	30	7.220337093304211	579487.0	True	0.7784146857839992
17	MenOA6	OA	17	3925	5195	0.004331210191082803	0.0032723772858517805	30	7.275662295481394	352205.0	False	0.7962324020009187
18	MenNorm1AVAS	normal	0	7759	8199	0.0	0.0	30	0.0	0.0	False	-1.1453546538871706
18	MenNorm1VAS	normal	0	7759	7981	0.0	0.0	30	0.0	0.0	False	-1.1453546538871706
18	MenNorm2	normal	8	7759	6496	0.0010310607036989304	0.0012315270935960591	30	6.805638227177352	33273.0	False	0.9154474465411511
18	MenNorm3	normal	6	7759	6192	0.0007732955277741977	0.0009689922480620155	30	5.962110118098195	26948.0	False	0.6600203372924074
18	MenNorm4	normal	0	7759	8636	0.0	0.0	30	0.0	0.0	False	-1.1453546538871706
18	MenNorm5	normal	0	7759	4381	0.0	0.0	30	0.0	0.0	False	-1.1453546538871706
18	MenNorm6	normal	0	7759	5719	0.0	0.0	30	0.0	0.0	False	-1.1453546538871706
18	MenNorm7	normal	0	7759	5563	0.0	0.0	30	0.0	0.0	False	-1.1453546538871706
18	MenOA1	OA	3727	7759	7711	0.48034540533573916	0.48333549474776294	30	7.292791838870488	47729672.0	True	1.0629614860326153
18	MenOA2	OA	2956	7759	5308	0.38097693001675476	0.5568952524491334	30	7.206596545369058	37675483.0	True	1.0368608565302364
18	MenOA3	OA	745	7759	2882	0.09601752803196288	0.25850104094378906	30	6.790516509919672	10171503.0	True	0.9108684686927159
18	MenOA4	OA	302	7759	9984	0.038922541564634615	0.030248397435897436	30	6.962844371140425	3099550.0	True	0.9630507338251573
18	MenOA5	OA	8	7759	4605	0.0010310607036989304	0.001737242128121607	30	6.281312618487201	48981.0	False	0.7566774267975108
18	MenOA6	OA	7	7759	5195	0.000902178115736564	0.001347449470644851	30	5.652411723496149	60206.0	False	0.5662411676112294
