figure	panel	title	story_role	source_output	source_exists	readiness_status	manual_polish_priority	claim_guardrail
Figure 1	A	Study design and data integration workflow	study_design_and_msp_discovery	docs/workflow/02_gse220243_preprocessing_runbook.md	True	source_ready_manual_polish_needed	high	Use candidate-language; avoid causal/validated mechanism wording.
Figure 1	B	MSP discovery in fibrochondrocyte programs	study_design_and_msp_discovery	results/tables/gse220243_cnmf_program_interpretation_priority.tsv	True	source_ready_manual_polish_needed	high	Use candidate-language; avoid causal/validated mechanism wording.
Figure 2	A	HRA001986 projection validates MSP context	external_hra_projection	results/tables/hra001986_msp_projection_group_summary.tsv	True	source_ready_manual_polish_needed	medium	Use candidate-language; avoid causal/validated mechanism wording.
Figure 3	A	Bulk validation and subtype structure	bulk_validation_and_subtyping	results/tables/bulk_msp_subtyping_subtype_profiles.tsv	True	source_ready_manual_polish_needed	medium	Use candidate-language; avoid causal/validated mechanism wording.
Figure 4	A	Mechanism axis evidence ranking	candidate_mechanism_axes	results/tables/msp_mechanism_axis_evidence_dossier.tsv	True	source_ready_manual_polish_needed	high	Use candidate-language; avoid causal/validated mechanism wording.
Figure 4	B	Single-cell sender-receiver context	candidate_mechanism_axes	results/tables/msp_comm_tool_pair_edges.tsv	True	source_ready_manual_polish_needed	high	Use candidate-language; avoid causal/validated mechanism wording.
Figure 4	C	Pre-NicheNet target concordance	candidate_mechanism_axes	results/tables/msp_axis_target_concordance_for_nichenet.tsv	True	source_ready_manual_polish_needed	high	Use candidate-language; avoid causal/validated mechanism wording.
Figure 5	A	Experimental validation roadmap	validation_roadmap	results/tables/msp_lr_validation_assay_matrix.tsv	True	source_ready_manual_polish_needed	medium	Use candidate-language; avoid causal/validated mechanism wording.
Supplementary Figure	S1	Guardrail and sensitivity evidence	guardrail_or_supplement	docs/manuscript/03_msp_mechanism_claim_guardrails.md	True	source_ready_manual_polish_needed	medium	Use candidate-language; avoid causal/validated mechanism wording.
