action_id	category	priority	owner	action_item	source_evidence	completion_gate
A01	author_confirmation	blocking_before_submission	corresponding_author	Confirm title page, affiliations, author order, corresponding-author details, funding, and author contributions.	Title page and declarations are assembled but marked manual_check.	All authors approve final title page and declarations.
A02	author_confirmation	blocking_before_submission	corresponding_author	Confirm conflicts of interest, ethics statement, and generative-AI declaration wording.	Declarations DOCX contains journal-facing statements requiring author confirmation.	Final declaration wording is accepted by corresponding author.
A03	docx_metadata	blocking_before_submission	analyst_or_submitter	Open each DOCX in Word/WPS and inspect document properties, hidden comments, tracked changes, and pagination.	Automated DOCX text and core metadata scans passed where applicable, but hidden metadata needs manual review.	No hidden author identifiers remain in the anonymized manuscript.
A04	docx_metadata	recommended_before_submission	analyst_or_submitter	Check anonymized manuscript formatting, abstract structure, keywords, references placeholder, and figure callouts.	Manuscript DOCX is assembled from markdown and needs visual review.	Anonymized manuscript opens cleanly and matches JOT formatting expectations.
A05	figure_export	blocking_before_submission	analyst_or_figure_preparer	Export Figure 1-5 and Supplementary Figure S1 to journal-resolution final files and verify labels.	Figure sources are available as drafts and marked figure_draft_ready_needs_export.	Final figures are upload-ready and visually checked.
A06	figure_export	recommended_before_submission	analyst_or_figure_preparer	Combine Figure 4 network and axis-summary drafts into a single final multi-panel Figure 4 if required.	Figure 4 source path contains two draft components.	Figure 4 is one coherent final figure file or accepted as separate panels by the journal system.
A07	supplementary_xlsx_review	recommended_before_submission	analyst_or_submitter	Open the ST01-ST28 workbook and confirm sheet names, captions, frozen headers, and readability.	Workbook contains README, Manifest, and ST01-ST28 sheets.	Supplementary workbook is visually reviewed and accepted.
A08	code_repository	blocking_before_submission	analyst_or_submitter	Prepare the final code/data repository or archive DOI and insert the URL/DOI into Data and Code Availability.	Data/code availability remains code repository deferred.	Repository URL or DOI is present in submission files.
A09	author_confirmation	recommended_before_submission	all_authors	Confirm that candidate axes remain framed as candidate and not causal in final edits.	QC confirms candidate/not-causal language is present.	Final manuscript does not overclaim causal mechanism.
