relative_path	category	bytes	sha256	public_release	notes
.gitignore	repository_doc	222	d7aeef56543fb371ec5f13e893e76cfd39f821bb795313eeff1d1632cdfb08ba	yes	Raw data and large processed single-cell objects are excluded.
CITATION.cff	repository_doc	570	92ce4242fcd60fe5e73c10c227d85fd3594a6d0a2a358ee64b9bc455b2e33340	yes	Raw data and large processed single-cell objects are excluded.
config/paths.json	config	1167	9df1d7c867738c4c67de141d0327114557d5b7bbeb7de419439e0d4feac65c8a	yes	Raw data and large processed single-cell objects are excluded.
DATA_AND_CODE_AVAILABILITY.md	repository_doc	537	bfd456a67925ac9dd44fae9500bc2ccdca2353a5455fbbf935d670396ef46aa9	yes	Raw data and large processed single-cell objects are excluded.
docs/workflow/01_analysis_workflow.md	workflow_doc	5248	ef2cb096a63fe1aab45123c67e67b8db82c91f58497a8f2ae52d1ffdac8ed185	yes	Raw data and large processed single-cell objects are excluded.
docs/workflow/02_gse220243_preprocessing_runbook.md	workflow_doc	90063	eb19ba51677a12f2d380173cd9ce6374431e3be50af9c098d3c7345e47b99f21	yes	Raw data and large processed single-cell objects are excluded.
docs/workflow/03_hra001986_reference_notes.md	workflow_doc	1164	5360c6e6e0b8e58e517d6ffbc1efcd9ee3241ce436ecef57e4b69ce2fb3202e7	yes	Raw data and large processed single-cell objects are excluded.
docs/workflow/04_balanced_cnmf_program_interpretation.md	workflow_doc	11462	b372a4051245aad84128ee44c8860c12a73b0c10fc19f2e89cca86dea07b6e8f	yes	Raw data and large processed single-cell objects are excluded.
docs/workflow/05_hra001986_msp_projection.md	workflow_doc	9082	f94a5edb0cceb22ea11cd07abcd84a3ed2b2d34b57943dd11f2c9d5ed1b2df54	yes	Raw data and large processed single-cell objects are excluded.
docs/workflow/06_bulk_msp_validation.md	workflow_doc	9585	b3f6c1985e89608df8db43a94827c26e29cb6340b70b07f9813a33fa81d0153a	yes	Raw data and large processed single-cell objects are excluded.
docs/workflow/07_bulk_msp_meta_analysis.md	workflow_doc	2816	8f6f7dbb348df5748434270278ceac05d075e4750887782be50a5a7e76ac204c	yes	Raw data and large processed single-cell objects are excluded.
docs/workflow/08_bulk_msp_robustness.md	workflow_doc	2993	b8ccfe6de739b74f4939744e9a00e4b42bdf67618025a904157ac57dc3580555	yes	Raw data and large processed single-cell objects are excluded.
docs/workflow/09_bulk_msp_subtyping.md	workflow_doc	2827	d59aad01f9b0f0c21554abf89bf5e237ae93833f7670c26725188cc7d683fadc	yes	Raw data and large processed single-cell objects are excluded.
docs/workflow/10_bulk_msp_subtype_interpretation.md	workflow_doc	3470	f4a4422d2ceedf76c76e7cbba93892f3fbbb0e596553df2dea32d1ccc538344a	yes	Raw data and large processed single-cell objects are excluded.
docs/workflow/11_bulk_cell_state_proxy.md	workflow_doc	2317	9081786764d38e793dcbb284770af117a87ee77a7bfe139a9153d54c2c192d00	yes	Raw data and large processed single-cell objects are excluded.
docs/workflow/12_bulk_reference_deconvolution_pilot.md	workflow_doc	3611	0d3efdcfbeccbb9d869b2288059f5eae9fb0c3b2275e30f15e4769c206737ea7	yes	Raw data and large processed single-cell objects are excluded.
docs/workflow/13_msp_paracrine_lr_prioritization.md	workflow_doc	6021	e523049e28b0eb727a33fbb47bca4b6b30afd020ba462d959e82c3b7534d4949	yes	Raw data and large processed single-cell objects are excluded.
docs/workflow/14_msp_lr_single_cell_context.md	workflow_doc	3751	e609007e49f526bb0ae0e2d489ac9f964de4a2f8c12e8521ca97c7cbc6f9da7d	yes	Raw data and large processed single-cell objects are excluded.
docs/workflow/15_msp_lr_validation_roadmap.md	workflow_doc	3196	eacc3b211de5ac79840f8789e4b928ecae21faca850693f7caaa0e0bdac84fd2	yes	Raw data and large processed single-cell objects are excluded.
docs/workflow/16_msp_communication_tool_inputs.md	workflow_doc	2460	e64be97aecd6d03d4802fa3b375a929c5a347feac1962d0881c3f21f2dddc040	yes	Raw data and large processed single-cell objects are excluded.
docs/workflow/17_bulk_receiver_targets_for_nichenet.md	workflow_doc	2395	0710dcdfdd88e93e6a687ffa4a121c19e18b532ae5149c9d09f27ec82b46c7ed	yes	Raw data and large processed single-cell objects are excluded.
docs/workflow/18_msp_axis_target_concordance.md	workflow_doc	2585	e3b4fa17333c87bfc5326ebe8dac0691dd0fea931f50b4dd63c8962cf2048224	yes	Raw data and large processed single-cell objects are excluded.
docs/workflow/19_msp_mechanism_axis_evidence_dossier.md	workflow_doc	2086	239ab2f2d483f042d94f9dab7f51df10bcc21dcd41f5de121ae79a2daa5977e8	yes	Raw data and large processed single-cell objects are excluded.
docs/workflow/20_msp_manuscript_mechanism_package.md	workflow_doc	650	d5b8a418a16d11d4de1a61f6382c6800fbd7fc77a8e8da6ae1c2ddc5318009d6	yes	Raw data and large processed single-cell objects are excluded.
docs/workflow/21_msp_manuscript_figure_source_package.md	workflow_doc	471	529812e228df27f7216f55671a76e49adee1d9bfaa951a7725968355c6d8a8b0	yes	Raw data and large processed single-cell objects are excluded.
docs/workflow/22_msp_manuscript_master_index.md	workflow_doc	466	9981ce9faec9961192d3354e2e8b6e06192280794e6aa3e8bca501d6e2c24b35	yes	Raw data and large processed single-cell objects are excluded.
docs/workflow/23_msp_results_outline_main_figures.md	workflow_doc	543	be855aa56aeec57b6a102dff8294be113eb7316b346360d4ff8f4b04cc2088a4	yes	Raw data and large processed single-cell objects are excluded.
docs/workflow/24_msp_full_results_and_legends.md	workflow_doc	489	c102b7f29659706d4679720a9f00d7b094790f5c3e2be4dbf581bbff5fb8ac57	yes	Raw data and large processed single-cell objects are excluded.
docs/workflow/25_msp_full_methods_reporting.md	workflow_doc	528	f059c2c71a3813e3bfd49c89615f7d7bfd9b53099d76899d267a403e24bc9592	yes	Raw data and large processed single-cell objects are excluded.
docs/workflow/26_msp_discussion_package.md	workflow_doc	468	fc29eddff1700555dd553d9be0a7d05b688ede05080c75f50435cb5ce164f4a7	yes	Raw data and large processed single-cell objects are excluded.
docs/workflow/27_msp_title_abstract_manuscript_skeleton.md	workflow_doc	1247	feb25d16491f15ee75115aa0792acb2d9d4f374385410b2c8ba32371bc123d50	yes	Raw data and large processed single-cell objects are excluded.
docs/workflow/28_msp_integrated_manuscript_draft.md	workflow_doc	1123	b5e4ed0f998f4962c432b2e62e990089e69b9650e1c8b4289e91d3451fecd647	yes	Raw data and large processed single-cell objects are excluded.
docs/workflow/29_msp_target_journal_selection.md	workflow_doc	1454	b4bfe4fdc8eb1b9c2a10637da064a139e378f7c002f76eb51f0ae99a1254a724	yes	Raw data and large processed single-cell objects are excluded.
docs/workflow/30_jot_submission_adaptation.md	workflow_doc	1168	3547598f61c2e813e9f4050529ae3579449f73a1b12b4723c2afa4ac657a3d36	yes	Raw data and large processed single-cell objects are excluded.
docs/workflow/31_jot_upload_file_manifest.md	workflow_doc	938	20f9ffe1dc554388602bdd65425b41d24568d9fcb4222bcc795522b851fb3184	yes	Raw data and large processed single-cell objects are excluded.
docs/workflow/32_jot_missing_figures_generation.md	workflow_doc	1079	226520bef5a1a1d820d3bed45d923cabe2383aa74ac33a94c7d9d1294cc6fdef	yes	Raw data and large processed single-cell objects are excluded.
docs/workflow/33_jot_submission_file_assembly.md	workflow_doc	1002	550b84e2fbd1485ce018fd010924fc18a935abddbba665fdd63b6e077dd13df7	yes	Raw data and large processed single-cell objects are excluded.
docs/workflow/34_jot_pre_submission_qc_audit.md	workflow_doc	1727	f201d8f1d05097d5be0aa8eee8fb1d30fab6a4a1d21e38f974a59d1a3dc397ef	yes	Raw data and large processed single-cell objects are excluded.
docs/workflow/35_jot_figure_upload_package.md	workflow_doc	1138	fae6e0ac3d229712219af268b985de5493f235e8f4dc4b51e1e4e5b48b30e735	yes	Raw data and large processed single-cell objects are excluded.
docs/workflow/36_jot_metadata_scrub_author_confirmation.md	workflow_doc	1296	5ac2b1dbd942eb79de89b3b500ce7d3bcb4f2aba3cb1968eb7b1728dd5bc04dd	yes	Raw data and large processed single-cell objects are excluded.
docs/workflow/37_jot_repository_staging.md	workflow_doc	1358	10883bf65cd4e50d402ffff5b17a4dbbc0337bcd1d3ad4270aeb6986a97d0565	yes	Raw data and large processed single-cell objects are excluded.
docs/workflow/38_jot_title_narrative_harmonization.md	workflow_doc	781	14c7a8c3864fdc03d850f38d3f7f00e3986ac15301f659e8e3d0afd63d324511	yes	Raw data and large processed single-cell objects are excluded.
docs/workflow/39_jot_upload_handoff_package.md	workflow_doc	890	860a91ec734f1845950da371d494faa75c3d503bcc52bb72c58c61766689c1c4	yes	Raw data and large processed single-cell objects are excluded.
docs/workflow/40_jot_final_submission_readiness.md	workflow_doc	1375	9a3fc243a2472c086151b95225c652fe7e6781c5a4c81fbc6376af71a09da8bb	yes	Raw data and large processed single-cell objects are excluded.
docs/workflow/41_jot_author_metadata_confirmation_lock.md	workflow_doc	949	1b7a4d329d34a2ef947e48163773bab7c73f876e78fc8b1c33bedc48438d0d1d	yes	Raw data and large processed single-cell objects are excluded.
docs/workflow/42_jot_revision_changelist_application.md	workflow_doc	1047	8ddcac8b27087440f574bc56a9ea223d613616a14c8ced4ce63884990ced5bb7	yes	Raw data and large processed single-cell objects are excluded.
docs/workflow/43_jot_reference_completion.md	workflow_doc	623	dac219a8c11e1028d75618e3e60ba393aa359f16a389922ec7368e9014837abe	yes	Raw data and large processed single-cell objects are excluded.
docs/workflow/44_jot_round3_revision_application.md	workflow_doc	789	b6bc0262e6ab7e05ddddba88f2ed93f439c2e5d97c2cc7e4fef85407a2ec32d8	yes	Raw data and large processed single-cell objects are excluded.
docs/workflow/45_jot_round4_revision_application.md	workflow_doc	634	bc372b72d7e2abbdc018427705dd23311c10101088d574e23531fe5eaa822121	yes	Raw data and large processed single-cell objects are excluded.
docs/workflow/46_josr_repackaging_application.md	workflow_doc	1112	d7112a1262162a77ac72ccf707442010360b3d99c14c428ad5300d99ef9308e9	yes	Raw data and large processed single-cell objects are excluded.
docs/workflow/47_bulk_msp_diagnostic_analysis.md	workflow_doc	3096	1db27c76d5e386b12121496418000af00eaebad08138a2ef390f2d5e92cf610d	yes	Raw data and large processed single-cell objects are excluded.
LICENSE_TO_BE_SELECTED.txt	repository_doc	298	b6b1a5fa771275b062971ae00e49a5fd6809d18b3e0c45523e337a2e8aae1fe1	yes	Raw data and large processed single-cell objects are excluded.
metadata/datasets/dataset_manifest.tsv	metadata	3534	aa216d83304f5d6bb308a53f6bec84c48dc8fdda39430eb341602f3b33c710e0	yes	Raw data and large processed single-cell objects are excluded.
metadata/datasets/download_inventory.tsv	metadata	5501	cd96634fbd9f5fb146d27ff7f88ea6e0a4ac0afb7fd70738f56388d9298212bf	yes	Raw data and large processed single-cell objects are excluded.
metadata/datasets/gse220243_single_cell_manifest.tsv	metadata	18231	a4dbaccd619070ab12660804c6b83a9c60ea10622445b35d5757d9da628885fc	yes	Raw data and large processed single-cell objects are excluded.
metadata/datasets/hra001986_processed_h5ad_manifest.tsv	metadata	1359	dd99d2f9335dfdde4aca8d60065595b9c68808e08c94e7f4366dc54f7e6e873f	yes	Raw data and large processed single-cell objects are excluded.
metadata/gene_sets/gene_set_sources.tsv	metadata	1666	37cbfc6aef9b9b84d47e3b3cfea52eb4928588696fcce600728b320547978ab6	yes	Raw data and large processed single-cell objects are excluded.
README.md	repository_doc	2552	0dfa6636b23a61cae6b651d14fb4d9fc580f2df44e8a2cf00dd49eb4fca207c8	yes	Raw data and large processed single-cell objects are excluded.
requirements-minimal.txt	repository_doc	87	7af32bdc4d39bb150098d2c6a50dfee3698f64a37527851ed20e44a338fd3fd5	yes	Raw data and large processed single-cell objects are excluded.
requirements.freeze.txt	repository_doc	245	fcacf917af211b682601a025aaf35cd8789e21e46e856f9f6307220d1d7b961a	yes	Raw data and large processed single-cell objects are excluded.
results/figures/bulk_cell_state_proxy/bulk_cell_state_proxy_subtype_boxplots.png	figure	189039	3b89857f28a5563cb351acd14c68b115fc47e44b8776d3354154112f19e15378	yes	Raw data and large processed single-cell objects are excluded.
results/figures/bulk_cell_state_proxy/bulk_cell_state_proxy_subtype_heatmap.png	figure	173001	fa00416afccdd58a9a5653051d1633e1bac25cea3d92503c31e9dca1707bf42a	yes	Raw data and large processed single-cell objects are excluded.
results/figures/bulk_msp_diagnostic/bulk_msp_diagnostic_auc_summary.png	figure	157626	69fb9c674b4b72f6157ceb3f009e5f6bdd4deac000701581f308e0f9b51b1b05	yes	Raw data and large processed single-cell objects are excluded.
results/figures/bulk_msp_diagnostic/bulk_msp_diagnostic_fibrocartilage_matrix_roc.png	figure	92351	9dbc24d33cf36a54ec8bc813904a3726e292d82831f172c0c51d394cdaec5410	yes	Raw data and large processed single-cell objects are excluded.
results/figures/bulk_msp_meta/bulk_msp_meta_axis_smd_heatmap.png	figure	220951	15005e11aa42a5f8b1bdfe0a44e56d03ae964baf0b506a3a1152b5c068a18689	yes	Raw data and large processed single-cell objects are excluded.
results/figures/bulk_msp_meta/bulk_msp_meta_primary_axes_forest.png	figure	355604	a63c8c1f60ccb947cb24bd92534b65f2bbbed0fc6a98b6e3c37c31a2a02e3bd5	yes	Raw data and large processed single-cell objects are excluded.
results/figures/bulk_msp_robustness/bulk_msp_leave_one_cohort_heatmap.png	figure	186237	5f4dac007a07f56036e7b5ae4b8fd8d1be29f7c8bbac0ed5806ae48b16502e7d	yes	Raw data and large processed single-cell objects are excluded.
results/figures/bulk_msp_subtype_interpretation/bulk_msp_subtype_axis_boxplots.png	figure	156509	be5f5dbe04608902160cc1ab66ad9208fe19531f873aca81058a4214c6eb91ee	yes	Raw data and large processed single-cell objects are excluded.
results/figures/bulk_msp_subtype_interpretation/bulk_msp_subtype_context_heatmap.png	figure	132234	c0f5ecd20b60862c564f3f0338b7a7a5acccd247c24fda6160dec8138c6fcb3a	yes	Raw data and large processed single-cell objects are excluded.
results/figures/bulk_msp_subtype_interpretation/bulk_msp_subtype_nmf_heatmap.png	figure	45188	71ca5b297544dbb055ada667f6496cea4d6b2927ad95061702844137fc449212	yes	Raw data and large processed single-cell objects are excluded.
results/figures/bulk_msp_subtyping/bulk_msp_subtyping_consensus_metrics.png	figure	100648	48d87707ca240e3e2e43b8126094b978182b1291823294d82591af9c18d21730	yes	Raw data and large processed single-cell objects are excluded.
results/figures/bulk_msp_subtyping/bulk_msp_subtyping_profile_heatmap.png	figure	83282	767dd99564065c7494a20383ab2369f77ae6fdcb2aecf7fad9df92cbd2ac5735	yes	Raw data and large processed single-cell objects are excluded.
results/figures/bulk_msp_validation/bulk_msp_validation_effect_heatmap.png	figure	225659	0878219c1af055c666c21b11c930e6bb95b4b555d2555924dba8088c19b5aaf1	yes	Raw data and large processed single-cell objects are excluded.
results/figures/bulk_receiver_targets_for_nichenet/bulk_receiver_targets_top_genes.png	figure	117517	c7ca101306caae26082405c0459d8ecf9af01f48b49874b33f53f2815f6c9e73	yes	Raw data and large processed single-cell objects are excluded.
results/figures/bulk_reference_deconv/bulk_reference_deconv_state_boxplots.png	figure	241586	94a33ef3e895889d7daaea88c82907dd30479813445b1e1b0951eef48fb6dd27	yes	Raw data and large processed single-cell objects are excluded.
results/figures/bulk_reference_deconv/bulk_reference_deconv_subtype_heatmap.png	figure	193965	ea77cdb9122f5c946080ae61493857b5281b76982e6c45778dbd65b46cd91a98	yes	Raw data and large processed single-cell objects are excluded.
results/figures/fibrochondrocyte/gse220243_cnmf_input_prep/cnmf_gene_selection_breakdown.png	figure	71293	897c80efaedcf2bab31a9638de4a178863bb1a69212fd96e559a06d960667fd6	yes	Raw data and large processed single-cell objects are excluded.
results/figures/fibrochondrocyte/gse220243_cnmf_input_prep/cnmf_k_grid.png	figure	29494	39b0dd1dfc8b1eb06aa40e7cbdf14916286f545ccd1c6e40b89c5c4febc01e8d	yes	Raw data and large processed single-cell objects are excluded.
results/figures/fibrochondrocyte/gse220243_cnmf_input_prep/cnmf_sample_balance_plan.png	figure	87593	ad1d41ef4f8db82b65912884bf2e959e86bc358b1d831aefb4df6bbbf111cea5	yes	Raw data and large processed single-cell objects are excluded.
results/figures/fibrochondrocyte/gse220243_marker_de_batch_audit/fibro_cluster_batch_audit_flags.png	figure	68883	fc7e11e4d17e7c824384406817845f7117539887d6e21d393fee26675277d038	yes	Raw data and large processed single-cell objects are excluded.
results/figures/fibrochondrocyte/gse220243_marker_de_batch_audit/fibro_cluster_disease_fraction_barplot.png	figure	63586	6d20d71275f6eb12ba04fb27cd4ecc79463a2901de7311fb61082cfa4ca703ea	yes	Raw data and large processed single-cell objects are excluded.
results/figures/fibrochondrocyte/gse220243_marker_de_batch_audit/fibro_cluster_sample_fraction_heatmap.png	figure	87073	8cad419eb51e9a6ccbbd35a39a29ddde647d2a4c27ae9505604fb1b3639bf89c	yes	Raw data and large processed single-cell objects are excluded.
results/figures/fibrochondrocyte/gse220243_marker_de_batch_audit/fibro_signature_dotplot.png	figure	1169787	6e80d325c4dc1c25a4bb0f4808cbb3c7d260751e8d1cbcaa2a2724b802bfdc1c	yes	Raw data and large processed single-cell objects are excluded.
results/figures/fibrochondrocyte/gse220243_marker_de_batch_audit/fibro_top_marker_logfc_heatmap.png	figure	182693	1b3f170f824021cd8b04bf889bb42f9e26a941a06a4970d4f1e62157cb1b224e	yes	Raw data and large processed single-cell objects are excluded.
results/figures/fibrochondrocyte/gse220243_sample_aware_program_prep/cluster_program_recurrence_status.png	figure	128771	d121d8796e205b0e78fb5483c637d8a96f6df5beee531cf62f72f1a9ecac77f8	yes	Raw data and large processed single-cell objects are excluded.
results/figures/fibrochondrocyte/gse220243_sample_aware_program_prep/cluster_program_score_heatmap.png	figure	84769	9da97fed585b6a551efd3b47a4050647e2aa6ab492389e6693c04908ddebf1de	yes	Raw data and large processed single-cell objects are excluded.
results/figures/fibrochondrocyte/gse220243_sample_aware_program_prep/cluster_sample_presence_heatmap.png	figure	81517	aa5e9ef62d89650660641b87229588768a654cccaed380f4a5f8305281cf320f	yes	Raw data and large processed single-cell objects are excluded.
results/figures/fibrochondrocyte/gse220243_sample_aware_program_prep/sample_pseudobulk_pca_by_disease.png	figure	96513	583c2a5ba95c5bf239522d76320289a79c6f0f8375d9c3199fa9a8870acdd1ca	yes	Raw data and large processed single-cell objects are excluded.
results/figures/hra001986_msp_projection/hra001986_projection_celltype_heatmap.png	figure	188818	f44c5a803b4a221757eb3a842c95da35e76d5681c90caef78caab5d5a85c67c5	yes	Raw data and large processed single-cell objects are excluded.
results/figures/hra001986_msp_projection/hra001986_projection_status_anatomy_heatmap.png	figure	169841	9262264dea2ff1a5c0e928b376fc8d4c3e0acf7aac4e862f77a0da753e62111d	yes	Raw data and large processed single-cell objects are excluded.
results/figures/hra001986_reference/hra_chondrocyte_celltype_by_status.png	figure	90571	1338686614a394c3ed3eae777436e570fec331fa76261ab5fa27626455f1e483	yes	Raw data and large processed single-cell objects are excluded.
results/figures/hra001986_reference/hra_chondrocyte_celltype_counts.png	figure	75670	4106e980b9184a897ed059a5377bb9a5b8a8a9960fd92d7ed3a14f91257548ce	yes	Raw data and large processed single-cell objects are excluded.
results/figures/hra001986_reference/hra_chondrocyte_status_anatomy_counts.png	figure	46415	4696991c3e9f9644a5bda86f1c409e0500b42c89a30e1c63cab0291ab6963ad8	yes	Raw data and large processed single-cell objects are excluded.
results/figures/hra001986_reference/hra_h5ad_file_overview.png	figure	80835	b76ceb464a189c9129f30951e1ec4032a69339aa91eb56614190afd4f7d21774	yes	Raw data and large processed single-cell objects are excluded.
results/figures/manuscript/figure1_workflow_and_msp_discovery_draft.png	figure	343516	bfdaeb8041998e7de544c8c8eb11e0556dee3c4fd538eed9c4ec7172d4df1295	yes	Raw data and large processed single-cell objects are excluded.
results/figures/manuscript/figure2_hra_projection_draft.png	figure	164680	be9b63a78e39940c0ff380f111e3ba83216513a36e9693d8b65bff1265057fcb	yes	Raw data and large processed single-cell objects are excluded.
results/figures/manuscript/figure3_bulk_validation_subtyping_draft.png	figure	244584	1ac99037c9134e104c96737dd36c588ec461d69f909bb7a1854329e4d09adc6e	yes	Raw data and large processed single-cell objects are excluded.
results/figures/manuscript/figure4_axis_summary_draft.png	figure	138109	204ca269cce1e3378133db033ed62d53ada45551c4b3f645dc8ce32898008285	yes	Raw data and large processed single-cell objects are excluded.
results/figures/manuscript/figure4_mechanism_network_draft.png	figure	132612	ca8255814201d42da1c1f78d78ce6d12b6f941a3f4b04b2834f73cdf915e568c	yes	Raw data and large processed single-cell objects are excluded.
results/figures/manuscript/figure5_validation_roadmap_draft.png	figure	317199	ea326dc3be0f8da01eb9f69d58243a78b59357383663ff87a1b48aa8f5bfe094	yes	Raw data and large processed single-cell objects are excluded.
results/figures/manuscript/manuscript_master_readiness_map.png	figure	87808	cc73ad214a7f91fbb3fc7fea2cec5395b1045fd35db9f65789071a3d638ad61a	yes	Raw data and large processed single-cell objects are excluded.
results/figures/manuscript/supplementary_figure_s1_guardrails_sensitivity_draft.png	figure	251375	459fae6fd516a39768fda8a4751696f0cb7e0137ac61579732b4275c26de4fcf	yes	Raw data and large processed single-cell objects are excluded.
results/figures/markers/gse220243_meniscus_cluster_markers/broad_marker_dotplot.png	figure	866866	18573b397123b0872c7b6f28278c10a4563d304d5e085102e0e124d3b3a6566c	yes	Raw data and large processed single-cell objects are excluded.
results/figures/markers/gse220243_meniscus_cluster_markers/top_marker_logfc_heatmap.png	figure	189848	5c1142e28e1b5494a7edd7c11d5c152fa7796bc5022effad496f7f4cb583b2c7	yes	Raw data and large processed single-cell objects are excluded.
results/figures/markers/gse220243_meniscus_initial/marker_score_heatmap.png	figure	119091	f2784e0644c882fa26f6ca5c631b959ae48f2f51b2cb70d17226d50eb42638b8	yes	Raw data and large processed single-cell objects are excluded.
results/figures/markers/gse220243_meniscus_initial/umap_by_draft_annotation.png	figure	427923	7d06b22d5ec7ee33692c77632dfa1f3ebd7d7839c7360a26e86f46f80e710c6b	yes	Raw data and large processed single-cell objects are excluded.
results/figures/msp_axis_target_concordance/msp_axis_target_concordance_heatmap.png	figure	420594	f6a67ff415fdc98bd84690dc787178367044b27694346f5e29c2bdafbc812585	yes	Raw data and large processed single-cell objects are excluded.
results/figures/msp_lr_single_cell_context/msp_lr_single_cell_context_heatmap.png	figure	229728	94ae9883f2398ed688c43bdbe50fa9febd89ecfe83b0e2f03c99528a0e960231	yes	Raw data and large processed single-cell objects are excluded.
results/figures/msp_lr_single_cell_context/msp_lr_single_cell_gene_dotplot.png	figure	453547	194b85385c69215bba7f01520f65b0cfc22b630ab3dd703a2ff6a4ee1c1334e0	yes	Raw data and large processed single-cell objects are excluded.
results/figures/msp_lr_validation_roadmap/msp_lr_validation_priority_lanes.png	figure	184178	220975a77ab73c378108662c71785dd9441ed0866cb949e83a9580f73ff9fbc1	yes	Raw data and large processed single-cell objects are excluded.
results/figures/msp_mechanism_axis_dossier/msp_mechanism_axis_evidence_heatmap.png	figure	239727	65b29fc921f23447e715f1ac151031df820d5fd9183dc93a9f68a20d2eb057f1	yes	Raw data and large processed single-cell objects are excluded.
results/figures/msp_paracrine_lr/msp_lr_priority_heatmap.png	figure	245386	cdaf0c96b440186a44185ac6154a041a4d0178d7991106edfcef7f9260eda894	yes	Raw data and large processed single-cell objects are excluded.
results/figures/msp_paracrine_lr/msp_lr_top_candidates_barplot.png	figure	90518	b9365dc8bd22b327bdf8f7bafe9f012e581358f50dae19b72c91fb82e791196d	yes	Raw data and large processed single-cell objects are excluded.
results/figures/qc/gse220243_meniscus_filtered/filtered_qc_n_counts_by_sample.png	figure	117116	2ebab13ab091b8ddd1bbb6a5e19df58a58dcf5c493068691dffdc68d883f2f96	yes	Raw data and large processed single-cell objects are excluded.
results/figures/qc/gse220243_meniscus_filtered/filtered_qc_n_genes_by_sample.png	figure	110105	df73437005bdbecfcb69a17fad3dc9acd399c09e70915bd6802d04a90197f182	yes	Raw data and large processed single-cell objects are excluded.
results/figures/qc/gse220243_meniscus_filtered/filtered_qc_pct_mt_by_sample.png	figure	117635	9556bdaa48388b3bd93bb49f1fabfdf74d1eba12c616b757e3a7df503121be41	yes	Raw data and large processed single-cell objects are excluded.
results/figures/qc/gse220243_meniscus_prefiltered/qc_counts_vs_genes.png	figure	325610	f34c099949178540c99604e71ee4e3d33a3e120f933864d679d6c2c9b01222c9	yes	Raw data and large processed single-cell objects are excluded.
results/figures/qc/gse220243_meniscus_prefiltered/qc_n_counts_by_sample.png	figure	104155	c7a0766cc661fec4ff7dc5406cbf719da912ece4e468d0f5ba7440eac0fdd9a5	yes	Raw data and large processed single-cell objects are excluded.
results/figures/qc/gse220243_meniscus_prefiltered/qc_n_genes_by_sample.png	figure	104106	f4b2d2a961dcffef46e96b8ba1f4b7fa5eb91f0b86c210f65544f8ba8b6d9007	yes	Raw data and large processed single-cell objects are excluded.
results/figures/qc/gse220243_meniscus_prefiltered/qc_pct_mt_by_sample.png	figure	110408	ad5e67971c7e8404818c2c36f71f779a465521d265078d04594541f9ba0a7368	yes	Raw data and large processed single-cell objects are excluded.
results/figures/umap/gse220243_fibrochondrocyte_compartment/fibro_pca_variance_ratio.png	figure	55626	65c5e2f73de7822fdcfbbea5a7e7e92b9b37a6624e6a1e829a7ee84083fcca69	yes	Raw data and large processed single-cell objects are excluded.
results/figures/umap/gse220243_fibrochondrocyte_compartment/fibro_umap_by_disease_status.png	figure	743630	3c7b1baef39797462a36d680df1c942bdee28cabb06c1b6d32af6d8f0f6995e2	yes	Raw data and large processed single-cell objects are excluded.
results/figures/umap/gse220243_fibrochondrocyte_compartment/fibro_umap_by_draft_annotation.png	figure	599516	800a5f1665c9f5dc813b9199774322aa15e7c5094d0d3eaf747499287bf43981	yes	Raw data and large processed single-cell objects are excluded.
results/figures/umap/gse220243_fibrochondrocyte_compartment/fibro_umap_by_fibro_leiden.png	figure	764464	a7bce98235aef7c9c5d7fe92d536517ab8fb2a397d1e6506bb5630bbbe94f104	yes	Raw data and large processed single-cell objects are excluded.
results/figures/umap/gse220243_fibrochondrocyte_compartment/fibro_umap_by_sample_label.png	figure	878227	11dd728cf25cf33683477ef2880684f720caba9e62550ed5689ee28a87eb8f05	yes	Raw data and large processed single-cell objects are excluded.
results/figures/umap/gse220243_meniscus_initial/pca_variance_ratio.png	figure	51426	d1bee3147030691151ab7fa52cd2ced71bb4d1614cdce30106c79f4de3347c5d	yes	Raw data and large processed single-cell objects are excluded.
results/figures/umap/gse220243_meniscus_initial/umap_by_disease_status.png	figure	547118	98df807213cf33787ad219b728e9bcacabd6e38e84c2c714d93b55d878510d42	yes	Raw data and large processed single-cell objects are excluded.
results/figures/umap/gse220243_meniscus_initial/umap_by_leiden.png	figure	510345	c9b48c524c5acfed118c5ceff2495424308f463a59ffcb59510ac38496046189	yes	Raw data and large processed single-cell objects are excluded.
results/figures/umap/gse220243_meniscus_initial/umap_by_sample_label.png	figure	688877	68b47ae2f41328b00b00d276cc224608ff09256e5395cb6022efad8bfc08bc23	yes	Raw data and large processed single-cell objects are excluded.
results/tables/bulk_cell_state_proxy_gene_coverage.tsv	derived_table	25646	1562a42dcc2f1ff1e4fe6c4a314d5ffab72771f100d0fee1ecc6e0a63e35c9be	yes	Raw data and large processed single-cell objects are excluded.
results/tables/bulk_cell_state_proxy_scores.tsv	derived_table	255946	e8f6bd4fba15128045d929e4868121703f62208a725706d4cc35f47141288a35	yes	Raw data and large processed single-cell objects are excluded.
results/tables/bulk_cell_state_proxy_signature_gene_sets.tsv	derived_table	17389	9b2670f43c887f8a1e1f9ae21259e6a46a913830d50d124ce3984e6fe7c9d744	yes	Raw data and large processed single-cell objects are excluded.
results/tables/bulk_cell_state_proxy_subtype_summary.tsv	derived_table	7850	42bb9eb6afbe989eaa75a480e2bbd20f7136b3d465b90bfda47fb6244ea5fb45	yes	Raw data and large processed single-cell objects are excluded.
results/tables/bulk_cell_state_proxy_subtype_tests.tsv	derived_table	52856	e7561f4bb1d4df7a5ca9ce79228c7d733a9f6bce1697641d48a6ef9a4eaf7237	yes	Raw data and large processed single-cell objects are excluded.
results/tables/bulk_msp_covariate_adjusted_effects.tsv	derived_table	4047	11b823714047fe27dde15bbc01b62088806a8e30d870a434a762ed7fd21c5c37	yes	Raw data and large processed single-cell objects are excluded.
results/tables/bulk_msp_diagnostic_feature_matrix.tsv	derived_table	113574	602c6f6820f1488feaef55b07ebf83cddb5153d4d732c0603b256fcdb7ef8061	yes	Raw data and large processed single-cell objects are excluded.
results/tables/bulk_msp_diagnostic_grouped_cv_auc.tsv	derived_table	2645	969deb76dd0f16fa9de71d584a1cc64c1f0f6beb06fe13976249e5d0ba17d6ae	yes	Raw data and large processed single-cell objects are excluded.
results/tables/bulk_msp_diagnostic_input_manifest.tsv	derived_table	1464	98860be770302e17bafb4e2df0739a9e0f510e3de51434d310c124c1f32116b6	yes	Raw data and large processed single-cell objects are excluded.
results/tables/bulk_msp_diagnostic_loco_auc.tsv	derived_table	3304	467cdffcae265aa5fd5c6b7c0e1579106c9f64b1f402129dcfd987946c9e4376	yes	Raw data and large processed single-cell objects are excluded.
results/tables/bulk_msp_diagnostic_per_cohort_auc.tsv	derived_table	13454	536770f495fadfb931d68ec46015edc3879e2f32099264691ac715f6f18f0a22	yes	Raw data and large processed single-cell objects are excluded.
results/tables/bulk_msp_diagnostic_pooled_auc.tsv	derived_table	5329	1a3787ab9475159fb00b99a6119dc37142aca0832a74a26831913c7be0441138	yes	Raw data and large processed single-cell objects are excluded.
results/tables/bulk_msp_diagnostic_sensitivity_auc.tsv	derived_table	7240	a32f7455e33be1ef704bfda899e33479f76566dd885ada45dd4213a9740cd54f	yes	Raw data and large processed single-cell objects are excluded.
results/tables/bulk_msp_leave_one_cohort_sensitivity.tsv	derived_table	24738	add0efbcb9691f992207369a72cc34aa1e47645cfd6f89250086f18101ba3ca8	yes	Raw data and large processed single-cell objects are excluded.
results/tables/bulk_msp_leave_one_tissue_sensitivity.tsv	derived_table	7944	f8116d370f5c0a554c84b466aaf3e6f1201d0ccc9a233e8e0569415496c1805a	yes	Raw data and large processed single-cell objects are excluded.
results/tables/bulk_msp_meta_axis_summary.tsv	derived_table	2685	053bee6b2840fcd2961f7c35e004f025306ea2df46582604fe6b6190d9b5bcc6	yes	Raw data and large processed single-cell objects are excluded.
results/tables/bulk_msp_meta_cohort_effects.tsv	derived_table	13978	1e8ec147a0a5566a10d81165e0f42ffb1fcdcd05a4927316705603d9c9658534	yes	Raw data and large processed single-cell objects are excluded.
results/tables/bulk_msp_meta_evidence_grade.tsv	derived_table	2703	42da81117bf707135f1fe24f4cc753ab021a11458aabefcd1b90eb9473d94694	yes	Raw data and large processed single-cell objects are excluded.
results/tables/bulk_msp_meta_tissue_summary.tsv	derived_table	6096	c6a4bd17329d05fd682e5a6b62b87992f731b2963d0b253bbefbd45899022e1a	yes	Raw data and large processed single-cell objects are excluded.
results/tables/bulk_msp_robustness_flags.tsv	derived_table	1771	ae7482298ced5e8048ec807f1e4d39eb502ef60cb5f7f5e72ebb896e927c20fc	yes	Raw data and large processed single-cell objects are excluded.
results/tables/bulk_msp_subtype_axis_tests.tsv	derived_table	12107	603e8bcf5f23b5595a295ee9ecae5ba119e373caf932380ea275aba163ac7996	yes	Raw data and large processed single-cell objects are excluded.
results/tables/bulk_msp_subtype_cibersortx_classes.tsv	derived_table	6443	ef340f7a39facba3725fa972856307483043cf064dd2f3a4604a65d6a057d4ab	yes	Raw data and large processed single-cell objects are excluded.
results/tables/bulk_msp_subtype_context_enrichment.tsv	derived_table	3660	21ecb8f76afa201c60e3a4345ba3eece9db9212b31d017120a712805b9c377ab	yes	Raw data and large processed single-cell objects are excluded.
results/tables/bulk_msp_subtype_deconvolution_manifest.tsv	derived_table	3357	593721c2ee663904800247041283e783294015ec811d50725a3f139c3905ca9e	yes	Raw data and large processed single-cell objects are excluded.
results/tables/bulk_msp_subtype_nmf_program_summary.tsv	derived_table	473	a3389f514b4873c4f090556df58d47c8b9612fdd77950ee790d903322ac0e7b0	yes	Raw data and large processed single-cell objects are excluded.
results/tables/bulk_msp_subtyping_consensus_metrics.tsv	derived_table	760	eb507a2116a7e58b79c32b812bd05cbfac5ad827427890ce40bc2a6fc3c15d4a	yes	Raw data and large processed single-cell objects are excluded.
results/tables/bulk_msp_subtyping_feature_matrix.tsv	derived_table	144155	d1117cb566d4cfdcaee44e6fd13b3f6017e91d8b0c53a4746ce8e9ae80fd24b4	yes	Raw data and large processed single-cell objects are excluded.
results/tables/bulk_msp_subtyping_nmf_programs.tsv	derived_table	839	3c744719c1d459f52f9592959be3218d41bd51ae6d03c9b88a460afe1c9b180a	yes	Raw data and large processed single-cell objects are excluded.
results/tables/bulk_msp_subtyping_sample_assignments.tsv	derived_table	31838	30071ef039e53b88815db02f62524acf775724d9d5c4a5c4cbce242a28e1f2b5	yes	Raw data and large processed single-cell objects are excluded.
results/tables/bulk_msp_subtyping_subtype_composition.tsv	derived_table	575	0a113e33b980a12461494af3daadbd628365fc226ba259905e85f6277c1235f9	yes	Raw data and large processed single-cell objects are excluded.
results/tables/bulk_msp_subtyping_subtype_profiles.tsv	derived_table	1573	6c6309f5dda5510aa0428af9a00b882bb5e50d53dfcd31b4945d220a59164088	yes	Raw data and large processed single-cell objects are excluded.
results/tables/bulk_msp_validation_dataset_manifest.tsv	derived_table	786	b7f2ddfd9d92e961253ebc7250046742a798cc1925efe08a3c842ca6e95494cd	yes	Raw data and large processed single-cell objects are excluded.
results/tables/bulk_msp_validation_gene_coverage.tsv	derived_table	11523	25c6b932c070c91427747942bbfdb0bc664b9086291821270ce22ab99b52ec5e	yes	Raw data and large processed single-cell objects are excluded.
results/tables/bulk_msp_validation_group_tests.tsv	derived_table	14063	366decd262d1795893bfe536f1d26b83e972c14e913bd6768ae7be5051f27796	yes	Raw data and large processed single-cell objects are excluded.
results/tables/bulk_msp_validation_sample_metadata.tsv	derived_table	60642	5ebce058131812ac97fa0880b7969fea33b3b88669a2cf24ab5f4a06641e4611	yes	Raw data and large processed single-cell objects are excluded.
results/tables/bulk_msp_validation_sample_scores.tsv	derived_table	113557	fe58a42987ba0a9b59e756d91cc9ef9295145b0d6bd2e1f129ddd23a2ba9a9d0	yes	Raw data and large processed single-cell objects are excluded.
results/tables/bulk_receiver_targets_dataset_gene_tests.tsv	derived_table	5130421	e1a17e94fa2a07745f67bcf59fd6bade0fe8c91f02b12509c730961613fd4bb2	yes	Raw data and large processed single-cell objects are excluded.
results/tables/bulk_receiver_targets_meta.tsv	derived_table	2748308	b65ef89e2302711caf3d876bf928a85fd77efff6b9afdf8b4c2a415c8429d6bb	yes	Raw data and large processed single-cell objects are excluded.
results/tables/bulk_receiver_targets_s1_high_for_nichenet.tsv	derived_table	71059	6fa1d165d22bf7062614984014825bae3c397282839b7b78568f5253a6757916	yes	Raw data and large processed single-cell objects are excluded.
results/tables/bulk_reference_deconv_dataset_qc.tsv	derived_table	957	6831f9dd8aa7e1f6aba083ead779e0e551dadc16248ed3324ca420850101e101	yes	Raw data and large processed single-cell objects are excluded.
results/tables/bulk_reference_deconv_gene_audit.tsv	derived_table	724	2a5c428f3f8314983e94906ab8ed4bc88883d2559a265ec6bcfa28b0d29c702e	yes	Raw data and large processed single-cell objects are excluded.
results/tables/bulk_reference_deconv_nnls_fractions.tsv	derived_table	99340	453d8237c4692b6ac38435c08af132805dafd8086c37416bae17cb92f7e95197	yes	Raw data and large processed single-cell objects are excluded.
results/tables/bulk_reference_deconv_signature_matrix.tsv	derived_table	490880	6f1164faefb42917657355aeeae635c2c16598c387dc252e0cd96227d7799e67	yes	Raw data and large processed single-cell objects are excluded.
results/tables/bulk_reference_deconv_subtype_summary.tsv	derived_table	3231	de739acba8ade4f36f6d54a8d356de8d5f3984c3fc3b6b433c5d88f4149c09d3	yes	Raw data and large processed single-cell objects are excluded.
results/tables/bulk_reference_deconv_subtype_tests.tsv	derived_table	19101	80ad8a6243af68f7c72ded8101a75f6f855fbd0fd0e3819772344ba6a7486836	yes	Raw data and large processed single-cell objects are excluded.
results/tables/gse220243_cnmf_cross_k_program_similarity.tsv	derived_table	91152	dcded8a8800a6ba6a8b5e1376c9538af704128892695494f8626ae5e854e4d46	yes	Raw data and large processed single-cell objects are excluded.
results/tables/gse220243_cnmf_msp_candidate_shortlist.tsv	derived_table	18627	cc6ff106e1b42cbd130f73aa84b207cbc328cf7d9227584fa01e140d014a5053	yes	Raw data and large processed single-cell objects are excluded.
results/tables/gse220243_cnmf_program_interpretation_priority.tsv	derived_table	157682	6d8ec1e1a63e629118f170e480aa413b73f7ee26ec609cd1f1dcd96911ad3416	yes	Raw data and large processed single-cell objects are excluded.
results/tables/gse220243_cnmf_program_signature_enrichment.tsv	derived_table	258524	a68395669dd35b1b3e8de81d834a8120fc7e854d5189a0b5a882b12f7ba6b8ea	yes	Raw data and large processed single-cell objects are excluded.
results/tables/gse220243_fibrochondrocyte_cluster_batch_audit_flags.tsv	derived_table	2496	08a94d7d0c7813cf1639bdde242154e6e5f56d550e6eb22ae47a890932391367	yes	Raw data and large processed single-cell objects are excluded.
results/tables/gse220243_fibrochondrocyte_cluster_program_gene_sets.tsv	derived_table	24633	78a860a276e41e490f2c30e96f85b05a3a08609cf541ab2317c27fbb3b5681c9	yes	Raw data and large processed single-cell objects are excluded.
results/tables/gse220243_fibrochondrocyte_cluster_program_recurrence_audit.tsv	derived_table	3998	2e92a6226edac8fa7a0a2162655c0e77878d429fe062c03aa54450535235eb52	yes	Raw data and large processed single-cell objects are excluded.
results/tables/gse220243_fibrochondrocyte_cluster_program_scores_by_sample.tsv	derived_table	29502	a19b50d5606fe9c713a2366a55590515dcc52ee1003c0d6106978042e31cd8a6	yes	Raw data and large processed single-cell objects are excluded.
results/tables/gse220243_fibrochondrocyte_cluster_sample_distribution.tsv	derived_table	13716	54e0f8cdcdb65a7f2e219a0515e3749f8270700fe48b8e74737d1fe556269259	yes	Raw data and large processed single-cell objects are excluded.
results/tables/gse220243_fibrochondrocyte_cnmf_balanced_discovery_config.tsv	derived_table	1675	f6d78e23a85beaa8f309ea6191bb054cf431dbbaa150136ec2c99b862d10b42f	yes	Raw data and large processed single-cell objects are excluded.
results/tables/gse220243_fibrochondrocyte_cnmf_balanced_discovery_k_selection_stats.tsv	derived_table	816	224c1a5180c1075db9f753f7a664e7e4adb9e048c924f1cc9a2948580757696b	yes	Raw data and large processed single-cell objects are excluded.
results/tables/gse220243_fibrochondrocyte_cnmf_balanced_discovery_smoke_config.tsv	derived_table	2038	3624c55756d6d305695750fe7e9bd37159ecdec7de08ef53fe43dfc61232213f	yes	Raw data and large processed single-cell objects are excluded.
results/tables/gse220243_fibrochondrocyte_cnmf_balanced_discovery_smoke_k_selection_stats.tsv	derived_table	147	f7068fb994e4578d27990e34cd2752ab4cdfa23c502fddc91f080560e624a218	yes	Raw data and large processed single-cell objects are excluded.
results/tables/gse220243_fibrochondrocyte_cnmf_balanced_discovery_smoke_status.tsv	derived_table	344	2c623385c44188019b0b48c157c725d84130402e7dcb6bf60d1dfe01061312b7	yes	Raw data and large processed single-cell objects are excluded.
results/tables/gse220243_fibrochondrocyte_cnmf_balanced_discovery_smoke_top_genes.tsv	derived_table	18586	7dacce208bbddc9650ddfe570c23e5159ecc6909039754fe9b031b29ffdf9552	yes	Raw data and large processed single-cell objects are excluded.
results/tables/gse220243_fibrochondrocyte_cnmf_balanced_discovery_smoke_usage_summary.tsv	derived_table	1693	ee3cfb4e5f1db6a954d6fa57df5ce489f7acacd8f57f41a7dad21c499f3872bc	yes	Raw data and large processed single-cell objects are excluded.
results/tables/gse220243_fibrochondrocyte_cnmf_balanced_discovery_status.tsv	derived_table	1483	1a1a1d31cf95526bcfa37fc4604e8cf5742d065cd3a91a228a567ad21f3756fa	yes	Raw data and large processed single-cell objects are excluded.
results/tables/gse220243_fibrochondrocyte_cnmf_balanced_discovery_top_genes.tsv	derived_table	396619	fb0113de2ec19ea700685f850cfde2f485096cace1440ff9925d9d4e6ab5a215	yes	Raw data and large processed single-cell objects are excluded.
results/tables/gse220243_fibrochondrocyte_cnmf_balanced_discovery_usage_summary.tsv	derived_table	29099	a0866bed52d5f36e2cbe5c5f36f943ca8b19b30d0f5fc3121a75e5580127bd63	yes	Raw data and large processed single-cell objects are excluded.
results/tables/gse220243_fibrochondrocyte_cnmf_balanced_pilot_config.tsv	derived_table	1657	41149624b16a10c340c4e7d592058829040459241065d20317faa9d2b84290fd	yes	Raw data and large processed single-cell objects are excluded.
results/tables/gse220243_fibrochondrocyte_cnmf_balanced_pilot_status.tsv	derived_table	188	39fcae7698f989aba48a47c1c9f6cbe6327bb45eb5ab7e9463954466ef6db954	yes	Raw data and large processed single-cell objects are excluded.
results/tables/gse220243_fibrochondrocyte_cnmf_balanced_pilot_top_genes.tsv	derived_table	18478	db0de1510dd0c5161b4da06ce521033b6bb5d8b44181bae3d8e14a6ced58532e	yes	Raw data and large processed single-cell objects are excluded.
results/tables/gse220243_fibrochondrocyte_cnmf_balanced_pilot_usage_summary.tsv	derived_table	1719	f261de673bfb67ccbc154246b67dc65055371b4c511b0cfb8f732ac6501058a6	yes	Raw data and large processed single-cell objects are excluded.
results/tables/gse220243_fibrochondrocyte_cnmf_k_grid.tsv	derived_table	1730	68587d93e399e823601bb8399b0ca6dad3800edbf538b4db0b7543defa2e8231	yes	Raw data and large processed single-cell objects are excluded.
results/tables/gse220243_fibrochondrocyte_cnmf_program_acceptance_rules.tsv	derived_table	1936	6f808f728a3849ceeb92f3e8139343b1cb037e29e273cc83a79aa9b59d2059fb	yes	Raw data and large processed single-cell objects are excluded.
results/tables/gse220243_fibrochondrocyte_cnmf_sample_balance_plan.tsv	derived_table	1004	b301090b01a8e28ad351ae1c33e46561415bdfc854e5cb648f7b71cdf479b789	yes	Raw data and large processed single-cell objects are excluded.
results/tables/gse220243_fibrochondrocyte_cnmf_selected_genes.tsv	derived_table	93966	0b7769879749e1f8b77fd4376b450bd552fb3547e628d27e859ed0ab182aae85	yes	Raw data and large processed single-cell objects are excluded.
results/tables/gse220243_fibrochondrocyte_compartment_cell_list.tsv	derived_table	10027258	4c0bd9e49522cea96de9c8b0b33813c4c7fd2e692a8b57d7e88fdfec89db0a7b	yes	Raw data and large processed single-cell objects are excluded.
results/tables/gse220243_fibrochondrocyte_compartment_leiden_summary.tsv	derived_table	1080	c746eb3f2796d3b4b8b52843ed02fb1ffbe44a8319299221dd6cba9d41287860	yes	Raw data and large processed single-cell objects are excluded.
results/tables/gse220243_fibrochondrocyte_compartment_scanpy_params.tsv	derived_table	753	799f791da6e81751bb0310831ad8028e140e847de7be98f06081e43f4a3d1db7	yes	Raw data and large processed single-cell objects are excluded.
results/tables/gse220243_fibrochondrocyte_compartment_summary.tsv	derived_table	242	5ca52a2738984ac2157c31eee16012c92624fb41312a6e20590c92f5332b697a	yes	Raw data and large processed single-cell objects are excluded.
results/tables/gse220243_fibrochondrocyte_rank_genes_by_fibro_leiden.tsv	derived_table	133948	4aedb9818a0664b21a66bcd3577df543068874d5abc173029e5adb2b643df7ca	yes	Raw data and large processed single-cell objects are excluded.
results/tables/gse220243_fibrochondrocyte_sample_pseudobulk_summary.tsv	derived_table	582	888437c7d38701f9978d6fe63a71785266127d63dab3465e44976de7596dbb6f	yes	Raw data and large processed single-cell objects are excluded.
results/tables/gse220243_fibrochondrocyte_signature_expression_by_fibro_leiden.tsv	derived_table	166501	87a9d321f757d08e76283291cfcfda1096583e16d65385757e5f0171ba2e62f5	yes	Raw data and large processed single-cell objects are excluded.
results/tables/gse220243_fibrochondrocyte_top_markers_by_fibro_leiden.tsv	derived_table	3937	3a07366f0547f8c1812695734de96af3f907b09e4d5e5dc97b9055ea6d46b941	yes	Raw data and large processed single-cell objects are excluded.
results/tables/gse220243_meniscus_cell_qc.tsv	derived_table	11218788	ae56d6e9df152500afac967f191922c2d47ce154c25d7b2d3e05dcfe4ea840b8	yes	Raw data and large processed single-cell objects are excluded.
results/tables/gse220243_meniscus_cell_qc_filtered.tsv	derived_table	11192022	05d0c228a9f2a22639db3c28b13ed8dbe6d1be40bbdab54f6397cae2ad8b60ec	yes	Raw data and large processed single-cell objects are excluded.
results/tables/gse220243_meniscus_initial_draft_cluster_annotation.tsv	derived_table	1294	be211888e8102a208c73a3607fe0f9d231e7ae5f43e87f5c9e2b99d6fc7af312	yes	Raw data and large processed single-cell objects are excluded.
results/tables/gse220243_meniscus_initial_leiden_sample_counts.tsv	derived_table	9246	d7a13946e02feedd7056ff6b54adaf62390e8861949f4f41d9f38e3957e25692	yes	Raw data and large processed single-cell objects are excluded.
results/tables/gse220243_meniscus_initial_leiden_summary.tsv	derived_table	773	8a4d10cfe7dc683c4cb1e9f7a347c0498b95178169ea36301ce6ec82bde33459	yes	Raw data and large processed single-cell objects are excluded.
results/tables/gse220243_meniscus_initial_marker_expression_by_cluster.tsv	derived_table	132329	6bcfbb05cde109b83de6e13d4eb94041874091519f8702e0861d485828b3bf30	yes	Raw data and large processed single-cell objects are excluded.
results/tables/gse220243_meniscus_initial_marker_gene_presence.tsv	derived_table	3392	a79d7e593fd6fc1952bd5d603e8ad3dc2e9af5f380fd1fdbfd0f4003481e2c8d	yes	Raw data and large processed single-cell objects are excluded.
results/tables/gse220243_meniscus_initial_marker_score_by_cluster.tsv	derived_table	5846	d1289a5e2491ecfad51d097bb5a3bfb19fa9bb61b3b5611b0404065540e05024	yes	Raw data and large processed single-cell objects are excluded.
results/tables/gse220243_meniscus_initial_rank_genes_by_leiden.tsv	derived_table	91318	091473bdc441a8f048c417aa03290c4a852d4fe37ec241bba4d074caa5fece1d	yes	Raw data and large processed single-cell objects are excluded.
results/tables/gse220243_meniscus_initial_scanpy_params.tsv	derived_table	480	a179207307a358439cdc1ee746d44b2b0e304bea60e891d52308da555c2f53ee	yes	Raw data and large processed single-cell objects are excluded.
results/tables/gse220243_meniscus_initial_top_markers_by_cluster.tsv	derived_table	3874	9615fc45bd05ce1f94eb5efed4e51b3c4e52e4ae21284bbc6060a6ff230e982a	yes	Raw data and large processed single-cell objects are excluded.
results/tables/gse220243_meniscus_qc_filter_thresholds.tsv	derived_table	133	e2e70ff6ab3abadd8a2e13eac111c3ecdfb8973cd11cf4667bcae17716faf4e7	yes	Raw data and large processed single-cell objects are excluded.
results/tables/gse220243_meniscus_sample_qc.tsv	derived_table	4890	c65758ac24de0b7b2644df719055a72ff605fb987f1ae6c0a654b170f28dc298	yes	Raw data and large processed single-cell objects are excluded.
results/tables/gse220243_meniscus_sample_qc_after_merge.tsv	derived_table	1813	9c5a87b46c2b50d15409741584c026865ae3ac734c12f3a00286b15d8f68da04	yes	Raw data and large processed single-cell objects are excluded.
results/tables/gse220243_meniscus_sample_qc_filter_retention.tsv	derived_table	1211	d3d542644cabefe4c7761197d11f8d9ddbd9def932a5ca925015bd24477af8b8	yes	Raw data and large processed single-cell objects are excluded.
results/tables/hra001986_chondrocyte_celltype_summary.tsv	derived_table	633	09214792a858a295d22c18c1aced5436c1171f0cbf91d806afa54018152d7a50	yes	Raw data and large processed single-cell objects are excluded.
results/tables/hra001986_chondrocyte_reference_marker_panel.tsv	derived_table	5109	73d82fe7d9b7207fd587dfc0e05a04a5fbaad6c09fb51b4bf98a717708a47341	yes	Raw data and large processed single-cell objects are excluded.
results/tables/hra001986_chondrocyte_sample_summary.tsv	derived_table	878	ce64fe81e0f475515e69293a3cccca4a543e29522bee464de6f47452f82975ae	yes	Raw data and large processed single-cell objects are excluded.
results/tables/hra001986_chondrocyte_status_anatomy_celltype.tsv	derived_table	1440	3d3a67329f9a550a9a56e0e53263c77da6d4014c175cf9fa459c684a3df5a99c	yes	Raw data and large processed single-cell objects are excluded.
results/tables/hra001986_msp_projection_gene_coverage.tsv	derived_table	4827	3fd11249d9442ef586cc3604daf2f16ab147a2d6516d62d8c347f97486942a82	yes	Raw data and large processed single-cell objects are excluded.
results/tables/hra001986_msp_projection_group_summary.tsv	derived_table	254244	c4eb9ed606892430b53595500dd39fd04ef82cfec3e808f7a605a149dc4d00f1	yes	Raw data and large processed single-cell objects are excluded.
results/tables/hra001986_msp_projection_group_tests.tsv	derived_table	23092	4f736dcde07c9725fae2d88ba24eb87f162072050e6325774f0a3c6b13aa78b7	yes	Raw data and large processed single-cell objects are excluded.
results/tables/manuscript_abstract_component_index.tsv	derived_table	1586	cc3c130c56905f03d2a3c54ec04babac2b25aaeb1a2bc5f80b74def30baccdde	yes	Raw data and large processed single-cell objects are excluded.
results/tables/manuscript_discussion_claim_risk_register.tsv	derived_table	2555	9f61b46c4708cd1ed08334ccb6cc50358c4a281c54aaa9dbeb930142a235b4d9	yes	Raw data and large processed single-cell objects are excluded.
results/tables/manuscript_discussion_section_index.tsv	derived_table	2925	74e4c013ba0b68119295d61b3a685bccc9dd05dfc722c97bef9f6d681328f0fc	yes	Raw data and large processed single-cell objects are excluded.
results/tables/manuscript_figure4_axis_summary.tsv	derived_table	7682	e3b54a3b6de141515f89487c964e840cbe99f0abf3a759e93872ed85e004f5d9	yes	Raw data and large processed single-cell objects are excluded.
results/tables/manuscript_figure4_network_edges.tsv	derived_table	3524	b53205ec3eefc35b0d13522242de25b69bf0291771f352ac4681721de1c55968	yes	Raw data and large processed single-cell objects are excluded.
results/tables/manuscript_figure5_validation_roadmap_source.tsv	derived_table	11725	b74762731d0813f72d1208ff428a0f6dbf036825b9e4b4a16b3954389a1afd38	yes	Raw data and large processed single-cell objects are excluded.
results/tables/manuscript_figure_legend_index.tsv	derived_table	1543	f74adacb72689090603eff90f20588cbad0ede3a6c7869f57f280c460337f65f	yes	Raw data and large processed single-cell objects are excluded.
results/tables/manuscript_figure_source_inventory.tsv	derived_table	2519	db0511ff1b7d4c91fe83d65b0e82dee57c2f439f8a01681dafe1f3ab969ad06a	yes	Raw data and large processed single-cell objects are excluded.
results/tables/manuscript_graphical_abstract_text_plan.tsv	derived_table	1831	1af11723777173a137e1b2c7d87c2030f7b643a94969ed415e9e0d3faf8bb245	yes	Raw data and large processed single-cell objects are excluded.
results/tables/manuscript_highlight_index.tsv	derived_table	712	cb7b2f86af801b8beab8817ae849adda7d5d1e398f98dee3031888e9bdbc481e	yes	Raw data and large processed single-cell objects are excluded.
results/tables/manuscript_integrated_section_index.tsv	derived_table	1900	553f21e2cf6bf44308fb7e000bc6aa257c6220835432bb67c4b2c4e2e1d48bbf	yes	Raw data and large processed single-cell objects are excluded.
results/tables/manuscript_integrated_source_map.tsv	derived_table	1020	81be26db3e460334f347dda43710bf7b82cf2b72d2c5e6f9e4ebf1d7989742d2	yes	Raw data and large processed single-cell objects are excluded.
results/tables/manuscript_josr_repackaging_audit.tsv	derived_table	1590	b4144d636bcd832abda82e5b58a69e4e516df6c097c3a0beb7005a322c15cc67	yes	Raw data and large processed single-cell objects are excluded.
results/tables/manuscript_jot_assembled_file_manifest.tsv	derived_table	3647	84f88d78debd810b85f513034235487dcff76bd4451fd094b670d4997043270d	yes	Raw data and large processed single-cell objects are excluded.
results/tables/manuscript_jot_author_confirmation_items.tsv	derived_table	3832	7179f7936da77aec2458a9bfaf976f672a949c1f38a73a019808f2509b52a897	yes	Raw data and large processed single-cell objects are excluded.
results/tables/manuscript_jot_author_metadata_confirmation_lock.tsv	derived_table	2911	e5007053728dc2bf5b581cba743fc8e482ccb8ebb04938d18b508b474d2c8e1b	yes	Raw data and large processed single-cell objects are excluded.
results/tables/manuscript_jot_docx_metadata_audit.tsv	derived_table	2500	c33b4753252f6b17c2e0bb9c42361a7fcbbf06af04768586e558a6c95dde7758	yes	Raw data and large processed single-cell objects are excluded.
results/tables/manuscript_jot_figure_upload_manifest.tsv	derived_table	1864	061511ce29ef1b04b83322b8fad5d10f386ad36f26714e8e0f1244bbf1250553	yes	Raw data and large processed single-cell objects are excluded.
results/tables/manuscript_jot_figure_upload_package.tsv	derived_table	2191	5a9f74a2db33758dfb67cde4de40a462c4ce6bbc9d00d3037e5b0f99d8e46072	yes	Raw data and large processed single-cell objects are excluded.
results/tables/manuscript_jot_final_submission_readiness.tsv	derived_table	2054	16015ac219fbae8ff2ffdd96e830418dea652f5bbe07a8c40b61770f3c312e44	yes	Raw data and large processed single-cell objects are excluded.
results/tables/manuscript_jot_manual_action_tracker.tsv	derived_table	2859	a0b92ba1c4837a834154dea72ef754bbd2a40b9787c4df701caba3019d4c2aac	yes	Raw data and large processed single-cell objects are excluded.
results/tables/manuscript_jot_portal_upload_map.tsv	derived_table	3281	d45713f14c37ea6b45fe16f44dd81fbf6d5f3658e5b67547d79c004a75c41388	yes	Raw data and large processed single-cell objects are excluded.
results/tables/manuscript_jot_pre_submission_qc.tsv	derived_table	7174	2dd962c13c3b2f2f96ed24600bf49195434f09059e51c680783b7cfd4bfd44ad	yes	Raw data and large processed single-cell objects are excluded.
results/tables/manuscript_jot_reference_completion_audit.tsv	derived_table	512	f879d2744764696e5330199f9915c8b4dfc0a0e97a0c70ca2ff35110e47d5dc1	yes	Raw data and large processed single-cell objects are excluded.
results/tables/manuscript_jot_repository_release_checklist.tsv	derived_table	1292	b5a4deaa47385a0a87bdbfc350b832c7972a9d8d144f63ca3f878cfd9161dcbf	yes	Raw data and large processed single-cell objects are excluded.
results/tables/manuscript_jot_repository_staging_manifest.tsv	derived_table	68686	508bad9e74ab451eb48f5083d020d5407fead6feaad1083133455aa34dd81d27	yes	Raw data and large processed single-cell objects are excluded.
results/tables/manuscript_jot_required_sections.tsv	derived_table	2481	0b1e16ea0a57e11aaf01652ff32e9c519cb2fd3e5e93f2675e69b3ace47ec6ec	yes	Raw data and large processed single-cell objects are excluded.
results/tables/manuscript_jot_revision_changelist_audit.tsv	derived_table	11425	e50f49459860e049b474b06a18f5b1ba63be62513c424722ae0ac6baaeb09ecf	yes	Raw data and large processed single-cell objects are excluded.
results/tables/manuscript_jot_round3_revision_audit.tsv	derived_table	956	4fbb1c95bc4fe0e3ddc1c9f0089bb35b43b21aef5b39fd49588da6e1650c880c	yes	Raw data and large processed single-cell objects are excluded.
results/tables/manuscript_jot_round4_revision_audit.tsv	derived_table	4876	8cd435807abf131452f84de97c09be1e20a7287aded21bebb0f7d1deadf92926	yes	Raw data and large processed single-cell objects are excluded.
results/tables/manuscript_jot_submission_checklist.tsv	derived_table	2625	642cda706e4c7d471186510aec3c1a9994ec57e2290c38a601d33c040e206af4	yes	Raw data and large processed single-cell objects are excluded.
results/tables/manuscript_jot_supplementary_upload_manifest.tsv	derived_table	5990	09d497c838803735c4fad89cb20164037ae862668efab76fbe8cc19ebbbf9108	yes	Raw data and large processed single-cell objects are excluded.
results/tables/manuscript_jot_title_harmonization_audit.tsv	derived_table	1414	9f27770aa1ebd77960124cd38e70a36e040fd35982486b1fd95b0b53abf5b9ca	yes	Raw data and large processed single-cell objects are excluded.
results/tables/manuscript_jot_upload_file_manifest.tsv	derived_table	2707	61ebcf2c0808f53965f5a05b32534862fd85b56d1756e75d99b262e55347bb56	yes	Raw data and large processed single-cell objects are excluded.
results/tables/manuscript_jot_upload_handoff_manifest.tsv	derived_table	5162	10bdd8e6993e948b8be5d157a50c3cf4a9d1d3f728447dbcd767cb574b1f0840	yes	Raw data and large processed single-cell objects are excluded.
results/tables/manuscript_main_figure1_3_panel_plan.tsv	derived_table	3019	1dc54db42fe0e3972c6bc640ca006518050262a6f73ec1fa1ca277b512932526	yes	Raw data and large processed single-cell objects are excluded.
results/tables/manuscript_master_claim_index.tsv	derived_table	4533	2f2d5c95a37bab10e02499d6aa431136a81c6386ef8fcd6f6710bdca539e9c73	yes	Raw data and large processed single-cell objects are excluded.
results/tables/manuscript_master_figure_index.tsv	derived_table	2295	30a65bc4897bdc0ca4201f5ca7e1d497260c47d1f511a47e49d84728398f3bb5	yes	Raw data and large processed single-cell objects are excluded.
results/tables/manuscript_master_readiness_summary.tsv	derived_table	176	1b5d788a3a932a6c09dd057e07b037657d8d5f3352cad3b5c626899ff26576fe	yes	Raw data and large processed single-cell objects are excluded.
results/tables/manuscript_master_supplementary_table_index.tsv	derived_table	4004	1c0a015388764e14af83cd2f88f4b40f9d2d19f3acdbf34d71ecc2e9d65a4c27	yes	Raw data and large processed single-cell objects are excluded.
results/tables/manuscript_methods_dataset_index.tsv	derived_table	1794	f1d0df160a3b1a5edfbe80975073342728f17b4495593037df10874056fb0658	yes	Raw data and large processed single-cell objects are excluded.
results/tables/manuscript_methods_reporting_checklist.tsv	derived_table	3374	c0b26f008b92101774af0a58df492bd15bc291252a87902a8328e7a883726d43	yes	Raw data and large processed single-cell objects are excluded.
results/tables/manuscript_methods_section_index.tsv	derived_table	3454	cb982b982a65ea92ec8c4a381f032c8e537699fd5878981f78b78a6b19bf7fb3	yes	Raw data and large processed single-cell objects are excluded.
results/tables/manuscript_msp_mechanism_figure_panel_plan.tsv	derived_table	2591	5b20c65162bddb0ad54b6ccefedaefe44a2d8088031869a342bc634519a28330	yes	Raw data and large processed single-cell objects are excluded.
results/tables/manuscript_results_claim_to_figure_map.tsv	derived_table	4521	52d73679d587cc556f406c97d9c1837d30bb7a67effb4158893279ac3d0f22aa	yes	Raw data and large processed single-cell objects are excluded.
results/tables/manuscript_results_paragraph_index.tsv	derived_table	3342	cd077310d52d8076beb775e3dcbfa33bb990aee96812c13a9d5eeb10793e29bb	yes	Raw data and large processed single-cell objects are excluded.
results/tables/manuscript_submission_readiness_checklist.tsv	derived_table	3084	0afe503d38ffd8089cc051200571d05ecea3801055776991a1f89dcafa6d27ef	yes	Raw data and large processed single-cell objects are excluded.
results/tables/manuscript_supplementary_figure_s1_source.tsv	derived_table	4909	2f407cc66f11e71f2bb463eab3b715c81df9823d0e288dd80a7f36da46d245b1	yes	Raw data and large processed single-cell objects are excluded.
results/tables/manuscript_target_journal_shortlist.tsv	derived_table	6541	9f971441b1c1520122704b3f2664d28b705b7c1d32f08254088a33d017de7e98	yes	Raw data and large processed single-cell objects are excluded.
results/tables/manuscript_title_options.tsv	derived_table	1729	9813c0749a6214a33d31fbee919eb82e4d204b42688e4240144c69c2817431bf	yes	Raw data and large processed single-cell objects are excluded.
results/tables/msp_axis_target_concordance_for_nichenet.tsv	derived_table	9434	04a6cc4989a875fe71633e1e4cc95a7a531f7970208e937cd10db4d8054ce4ca	yes	Raw data and large processed single-cell objects are excluded.
results/tables/msp_comm_tool_nichenet_seed_sets.tsv	derived_table	9354	b7d2f4f6ee62bb3d98bfe3c7c9b4150ec380967a3192ae7b5a4559180c2a4969	yes	Raw data and large processed single-cell objects are excluded.
results/tables/msp_comm_tool_pair_edges.tsv	derived_table	22625	359da18ce7d3fdb6209eb3780a272855eeb3c545c96f72362fafd7ca6cc9b8cf	yes	Raw data and large processed single-cell objects are excluded.
results/tables/msp_comm_tool_state_groups.tsv	derived_table	3555	175d6b15133498889a703388cad5939d987ea6fde9c9d36f710a63e014f480d9	yes	Raw data and large processed single-cell objects are excluded.
results/tables/msp_lr_bulk_gene_subtype_tests.tsv	derived_table	59765	bcd05c9eee47666a40a83943d52c2e812848edf680c00eb783e20076dee21dfd	yes	Raw data and large processed single-cell objects are excluded.
results/tables/msp_lr_curated_pairs.tsv	derived_table	3053	24dc91130b7f85e6827e35f12fdde9d81d8ef5f86dfc71c99566315215a27732	yes	Raw data and large processed single-cell objects are excluded.
results/tables/msp_lr_ligand_program_evidence.tsv	derived_table	3476	f0d78b9d73e089562103097b081cea3adfd71387cebc7ccc1f9d08ae2caef57e	yes	Raw data and large processed single-cell objects are excluded.
results/tables/msp_lr_receptor_reference_context.tsv	derived_table	5511	a7a9c1d432c93588a3def8935a4ac5a55bf7a7ea36f3212a8c1c799c17e1bf82	yes	Raw data and large processed single-cell objects are excluded.
results/tables/msp_lr_single_cell_context_priority.tsv	derived_table	11772	0edbec9ab923cc5cbca2f01f453ced10f064d339bb955be9d1a08b3f22b9476b	yes	Raw data and large processed single-cell objects are excluded.
results/tables/msp_lr_single_cell_gene_state_expression.tsv	derived_table	64784	ccab726587bfa245b508c79b0336892b535c71ecee674e0ce06350825341b90f	yes	Raw data and large processed single-cell objects are excluded.
results/tables/msp_lr_single_cell_pair_context.tsv	derived_table	10635	a31afd4589d0dbc1e4f0afadf956c41130cba086b701120571e098b074ab4ff8	yes	Raw data and large processed single-cell objects are excluded.
results/tables/msp_lr_validation_assay_matrix.tsv	derived_table	24862	5d2020b0238ae565f06b441bcf57e5555f42f097fd193ef75a080bac427cfab3	yes	Raw data and large processed single-cell objects are excluded.
results/tables/msp_lr_validation_axis_plan.tsv	derived_table	11056	f093b08c3dcb9f347a9a164cce55ab82909d38ff04288ce741c94a0c778dc236	yes	Raw data and large processed single-cell objects are excluded.
results/tables/msp_mechanism_axis_evidence_components.tsv	derived_table	9233	2bb75cd188fa3b9a36b6e399b621b40d9b15a884599f6b59c797dc86bf7cdba5	yes	Raw data and large processed single-cell objects are excluded.
results/tables/msp_mechanism_axis_evidence_dossier.tsv	derived_table	13645	81c66410aba601ad78ba0068b67f8f52f9bf174f8a38fc39baa9f10f1c13b536	yes	Raw data and large processed single-cell objects are excluded.
results/tables/msp_paracrine_lr_candidate_priority.tsv	derived_table	18210	b762fe1db70e63b8ae5624d4f257c383195b9c9191e732b21a2dcb3e22e44344	yes	Raw data and large processed single-cell objects are excluded.
scripts/analysis/01_smoke_read_10x_sample.py	script	5871	4197d75ee131e6b180d17298bc062e8ce9619e2ea376ddec21f5518c019bb4c0	yes	Raw data and large processed single-cell objects are excluded.
scripts/analysis/02_build_gse220243_meniscus_h5ad.py	script	7595	ff558fdd05ae5092efc98f21cc4afdacccefc01a8d9790bd8b7460c48fc1b30f	yes	Raw data and large processed single-cell objects are excluded.
scripts/analysis/03_merge_gse220243_meniscus_qc.py	script	6316	8162b6aae6f5fd201c9f224ac480725cc6e9a0e05988ea42463428aa995fb9d0	yes	Raw data and large processed single-cell objects are excluded.
scripts/analysis/04_filter_gse220243_meniscus_qc.py	script	6460	a686db8e5f206f65c6aa96d0575180fa7bf43827ad316056623fab2f5e516597	yes	Raw data and large processed single-cell objects are excluded.
scripts/analysis/05_initial_scanpy_gse220243_meniscus.py	script	6941	f6e194cb2b62acc37685f24f1afec172d7a88b1d3dd65e1ae29944b7a7b5ae21	yes	Raw data and large processed single-cell objects are excluded.
scripts/analysis/06_score_gse220243_initial_markers.py	script	8363	c5d1fe7593a4211e2e692a4fa04affdf0fdc9a988da3013871c4842cf46a8747	yes	Raw data and large processed single-cell objects are excluded.
scripts/analysis/07_cluster_marker_de_gse220243_meniscus.py	script	8400	9abc2b43166393ef292b66516a0013c7343d219b9088d9302db26de3ad5ba84b	yes	Raw data and large processed single-cell objects are excluded.
scripts/analysis/08_fibrochondrocyte_subset_scanpy_gse220243.py	script	10232	6104cf22080e67d8b776b80e01b503eea1ced9e8f23daf19a9e279a6352033e9	yes	Raw data and large processed single-cell objects are excluded.
scripts/analysis/09_fibrochondrocyte_marker_de_batch_audit_gse220243.py	script	15443	b35580c306219703ebf37ced96d8e8554445a95384b968377ce789fe1167729c	yes	Raw data and large processed single-cell objects are excluded.
scripts/analysis/10_sample_aware_program_prep_gse220243.py	script	18015	9f980f0e61b80bd1b89db90d9b0f4ebfb925c33961208f70148d183129820462	yes	Raw data and large processed single-cell objects are excluded.
scripts/analysis/11_cnmf_input_prep_gse220243.py	script	16092	244bd546adbef7eb34c04ab2de6f6598a624804d5c6d8e109f0f0aa79854929e	yes	Raw data and large processed single-cell objects are excluded.
scripts/analysis/12_hra001986_intake_reference.py	script	11769	e0a5f88a29fe3d009bda91c6a5da1d04220ccfe10e5d1e0b41ab31dcc120a3ce	yes	Raw data and large processed single-cell objects are excluded.
scripts/analysis/13_cnmf_balanced_pilot_gse220243.py	script	14290	56cd136249ef51f9f6f58bdeed61ca8df69d69d2d8bc2cc490102fc01b9970ca	yes	Raw data and large processed single-cell objects are excluded.
scripts/analysis/14_cnmf_balanced_discovery_gse220243.py	script	21558	4a06be87f6280f0850e960130e80c1c09f4768a8a254a5812f83bf0d467f6a19	yes	Raw data and large processed single-cell objects are excluded.
scripts/analysis/14_run_cnmf_balanced_discovery.ps1	script	2854	7ee4bfebb877fb4620723be4cdb37acc8c93d5c10d4eb3c8dda57f6c50764a28	yes	Raw data and large processed single-cell objects are excluded.
scripts/analysis/15_plan_cnmf_balanced_incomplete_indices.py	script	3362	41d9ca2502e53a7013006fc056b50f9fff4aa9ea2a76fa00d43c820a894e0a61	yes	Raw data and large processed single-cell objects are excluded.
scripts/analysis/15_run_cnmf_balanced_discovery_parallel.ps1	script	4536	e54e3257510bb290a2fa22e719753bd9f37ecfe5d6865063928afb2058d841b5	yes	Raw data and large processed single-cell objects are excluded.
scripts/analysis/16_run_cnmf_balanced_exact_parallel.ps1	script	7601	a6f00e5162d465cc6c3c02806066e20f10b138eddb5020ae0c2e884d1f8d11bd	yes	Raw data and large processed single-cell objects are excluded.
scripts/analysis/17_interpret_cnmf_programs_gse220243.py	script	29326	eda284d22c20a861bd00b0668109fc9b7f90b7cfc3f272c0042f145763351ca1	yes	Raw data and large processed single-cell objects are excluded.
scripts/analysis/18_project_msp_candidates_hra001986.py	script	16944	572277c6b35f69cf34e6ccb434366a596e0a7a095e39e37d3624593dedd3be1e	yes	Raw data and large processed single-cell objects are excluded.
scripts/analysis/19_bulk_msp_validation.py	script	32011	68fbfccad6c8b3d9cc77bcb3dc2895bd191065d5f3d5c28f3e954ca5395da148	yes	Raw data and large processed single-cell objects are excluded.
scripts/analysis/20_bulk_msp_meta_analysis.py	script	17281	5b78975999098a21986e1507a6a44491a630878cf13794fc046379fdf78e8d27	yes	Raw data and large processed single-cell objects are excluded.
scripts/analysis/21_bulk_msp_robustness.py	script	22742	0a17d183feb65be6417733928782acd00865039a2f385a53220a2a0e0365f0bd	yes	Raw data and large processed single-cell objects are excluded.
scripts/analysis/22_bulk_msp_subtyping.py	script	21439	2db6159c25989f36f7a1a6e78ae336d9b4fd5629fa63fc61e864852d6c6c45e2	yes	Raw data and large processed single-cell objects are excluded.
scripts/analysis/23_bulk_msp_subtype_interpretation.py	script	17736	3e42bf2c9549fd3f4fdcbd27c8a5180602ca56c7a18c27f6e2797a7fd847c96b	yes	Raw data and large processed single-cell objects are excluded.
scripts/analysis/24_bulk_msp_cell_state_proxy.py	script	23369	06782fa739dcccde9ee8ef1b4f2d8134bf01767b6b3de2ce7df8e94a651d822a	yes	Raw data and large processed single-cell objects are excluded.
scripts/analysis/25_bulk_msp_reference_deconvolution_pilot.py	script	25504	c310eafd587218669f1586c3d344c3ce6f8f488854e25a4b9b3f4cfe2c3b5e31	yes	Raw data and large processed single-cell objects are excluded.
scripts/analysis/26_msp_paracrine_lr_prioritization.py	script	27215	ef9cd481872ac009af565960ed96243676e06c236112b3b838955f21cb23195b	yes	Raw data and large processed single-cell objects are excluded.
scripts/analysis/27_msp_lr_single_cell_context.py	script	19570	e6beabe1fdd9d6a871135888b0ddcc9e38d283be5380e330eef5a89ff9636231	yes	Raw data and large processed single-cell objects are excluded.
scripts/analysis/28_msp_lr_validation_roadmap.py	script	22179	cf8427a341ecf66b016abfce4aa0a02f847aa2f8f488bbe773948a93f491f2d6	yes	Raw data and large processed single-cell objects are excluded.
scripts/analysis/29_prepare_msp_communication_tool_inputs.py	script	15925	554446f93c860c4e42ea297a212372bae54cbcdbe284791e5f6a3d36b240a1c4	yes	Raw data and large processed single-cell objects are excluded.
scripts/analysis/30_bulk_receiver_targets_for_nichenet.py	script	15805	f990c4e4688ce6e9bccda241b35a6578447d5b4cd295c2d63ec8923085bd7fc4	yes	Raw data and large processed single-cell objects are excluded.
scripts/analysis/31_msp_axis_target_concordance.py	script	8249	ad13903ffa36f145cd01689fdf58fc52943661a51a51b5d2b028520aa58d1a4c	yes	Raw data and large processed single-cell objects are excluded.
scripts/analysis/32_msp_mechanism_axis_dossier.py	script	14455	d6f66eee86241112219da8640cc3ae2c9e8e7d06b4a6b2816b822096aeeae075	yes	Raw data and large processed single-cell objects are excluded.
scripts/analysis/33_msp_manuscript_mechanism_package.py	script	15563	2ece2d7d206b2cfb5c60cde012405d14fcf337a0c8bffa86e3bef7c4f809a274	yes	Raw data and large processed single-cell objects are excluded.
scripts/analysis/34_msp_manuscript_figure_source_package.py	script	16688	d18737196d544a227e231b02899bb97d84e5eb842787e59bbbe95803878c1d76	yes	Raw data and large processed single-cell objects are excluded.
scripts/analysis/35_msp_manuscript_master_index.py	script	23053	aa30992e3401fb6d6fd485b1764e4d0cdfa2b9c9d32d9bb35f876416ff90d090	yes	Raw data and large processed single-cell objects are excluded.
scripts/analysis/36_msp_results_outline_main_figures.py	script	24588	ae80961b012af8c2be3425c4838e673a4f27dacc0b5cf89150d5395cdd8a2609	yes	Raw data and large processed single-cell objects are excluded.
scripts/analysis/37_msp_full_results_and_legends.py	script	22687	c0aa7607778c9ab29bb90c143411fcb9449bad5b2a6987600b0287cd32f69d05	yes	Raw data and large processed single-cell objects are excluded.
scripts/analysis/38_msp_full_methods_reporting.py	script	23397	6d3c3bdb4cb95a5fb53d03895fba50cd14277f5998797cd7116ba2dd2c32e756	yes	Raw data and large processed single-cell objects are excluded.
scripts/analysis/39_msp_discussion_package.py	script	21152	a0713dccf42ab945c59a9740ce1dc0adb13b1e0017fd9b15d2e7979a8a79bbeb	yes	Raw data and large processed single-cell objects are excluded.
scripts/analysis/40_msp_title_abstract_manuscript_skeleton.py	script	22922	704509e1e863ff9ba90e675f8abeb430586414d754e47f6899576acb1ea8a932	yes	Raw data and large processed single-cell objects are excluded.
scripts/analysis/41_msp_integrated_manuscript_draft.py	script	26914	61d4c4bb935e34c2326c2028d8261a474c701d5a9b4570921216cc9e06d394c9	yes	Raw data and large processed single-cell objects are excluded.
scripts/analysis/42_jot_submission_adaptation.py	script	23501	18467a218b78e755af067d921d581a4b9a780a8eb57b31692913e46c69301505	yes	Raw data and large processed single-cell objects are excluded.
scripts/analysis/43_jot_upload_file_manifest.py	script	14631	8ae97f724c3d4a5d858f6fbbb2e186bf55e0b151f60e09d3465de59ab100eeb0	yes	Raw data and large processed single-cell objects are excluded.
scripts/analysis/44_jot_missing_figures_generation.py	script	14066	cef33d7c3b1ace616bd67f56d9561ee17eb5027ce25c58ca784052265b1e73c0	yes	Raw data and large processed single-cell objects are excluded.
scripts/analysis/45_jot_submission_file_assembly.py	script	21879	b7b87818e63c8f17a28d9652dc29220213dfcd59f99403ae14188f2d44b7d982	yes	Raw data and large processed single-cell objects are excluded.
scripts/analysis/46_jot_pre_submission_qc_audit.py	script	20741	befef31d06e03db8359ead4f190627a2b327b1c517aa93a1dfc61d3b77898e3e	yes	Raw data and large processed single-cell objects are excluded.
scripts/analysis/47_jot_figure_upload_package.py	script	7977	6e059bc93c1d491d85029c80a0afc53722171d38e3343a18e4382a3a9347fa61	yes	Raw data and large processed single-cell objects are excluded.
scripts/analysis/48_jot_metadata_scrub_author_confirmation.py	script	20018	a1f57eaa64fb52de3228f051114f30d096301f898a9ea4bf14f7e08c91c1da87	yes	Raw data and large processed single-cell objects are excluded.
scripts/analysis/49_jot_repository_staging.py	script	15356	b978884e670dff226512e4d6eed51c215e4caeb0d97a8305bf624cb3bfec2424	yes	Raw data and large processed single-cell objects are excluded.
scripts/analysis/50_jot_title_narrative_harmonization.py	script	8512	99ec9b5d826587f9f50245ed09b19814bc4021a910c02ad0501f88327d768592	yes	Raw data and large processed single-cell objects are excluded.
scripts/analysis/51_jot_upload_handoff_package.py	script	11853	7bcc2897bd86c7ce03943fca47c7d0716e914d4b8eb241b2664356ca1199c82f	yes	Raw data and large processed single-cell objects are excluded.
scripts/analysis/52_jot_final_submission_readiness.py	script	13609	f5557fcaf6d6a3031093f1271da686ae7f17837b511efaba7dd43542de0d9acc	yes	Raw data and large processed single-cell objects are excluded.
scripts/analysis/53_jot_author_metadata_confirmation_lock.py	script	18163	71977718497eb7b25b9cbddab86955b595e21c5b4a6dc7bac863f219062480ea	yes	Raw data and large processed single-cell objects are excluded.
scripts/analysis/54_jot_revision_changelist_application.py	script	28646	ab0b89dfd348565848c25b51689df26684fa97f2dfaebf538d70acae9d0cdf5c	yes	Raw data and large processed single-cell objects are excluded.
scripts/analysis/55_jot_reference_completion.py	script	25765	089c2520dadfe8c0a4f350c16152ff7b74fc4febd0c88a5d1bc516969b8b2a1a	yes	Raw data and large processed single-cell objects are excluded.
scripts/analysis/56_jot_round3_revision_application.py	script	15189	52d3e409f0f3e6b04a6bc9234898a5cfd8c8e3c395bbfc9958f0fcf5ae90bcbe	yes	Raw data and large processed single-cell objects are excluded.
scripts/analysis/57_jot_round4_revision_application.py	script	19266	2341235a782ee2f24f90419d125822fb40b694849ba1081bb64c53f507a82109	yes	Raw data and large processed single-cell objects are excluded.
scripts/analysis/58_josr_repackaging_application.py	script	63950	f43bf1fcfc63a9f53e527e69e810a37cd3371bc7d3b8006aed7d5eebabcaeac2	yes	Raw data and large processed single-cell objects are excluded.
scripts/analysis/59_bulk_msp_diagnostic_analysis.py	script	35178	0adfa9fef0b4b4fc6cd5233ec5cfb8492d421e58a89c037c06fdc2ad0f1de20b	yes	Raw data and large processed single-cell objects are excluded.
scripts/analysis/60_josr_repository_release_package.py	script	13676	9ab83c202e1e20834bab76eb594de67b6a3ff8d273cc3ee20900ddce8db7c9e9	yes	Raw data and large processed single-cell objects are excluded.
scripts/download/00_check_project_paths.ps1	script	1237	a1371d1a091778790c6b9055b867e5d4ab85a4730b28622a7a6581cb670b4d62	yes	Raw data and large processed single-cell objects are excluded.
scripts/download/01_download_geo_series.ps1	script	4932	a90c48b7c09b1838fcc095c6eac188553c480c61d937005172a5b06e1e259a8c	yes	Raw data and large processed single-cell objects are excluded.
scripts/download/02_ngdc_prjca008120_download_notes.md	script	1279	c407cc29d607159c2cca4a93be3394e863346982358d8f871d9d0e9d9b276a4c	yes	Raw data and large processed single-cell objects are excluded.
scripts/download/03_download_geo_supplementary.ps1	script	3802	68e5730dbcce101a37c40cbd701d11f38abb4e84e681b688aeb6bd3087ab2a8f	yes	Raw data and large processed single-cell objects are excluded.
scripts/metadata/01_build_gse220243_manifest.ps1	script	4214	a3bdc9fe5506a02927470f4bd43e547582d2d2bb4b381634b505f7023aba98c6	yes	Raw data and large processed single-cell objects are excluded.
submission/josr/figures/Figure_1_MSP_discovery_workflow.png	figure	351623	da49e564839db69758d71b704d511edf2885f0d97be18f26578c7cb0fbdbe5ef	yes	Raw data and large processed single-cell objects are excluded.
submission/josr/figures/Figure_2_HRA_projection.png	figure	162174	4cc781d6693e72f2e2526028d10339f519a2fb2d3f5452674fad7918dba9ce0f	yes	Raw data and large processed single-cell objects are excluded.
submission/josr/figures/Figure_3_bulk_validation_subtyping.png	figure	249191	d198029df822f623b3d13f5aac8e740700c8a36ad4fb09455a3da83858c705d0	yes	Raw data and large processed single-cell objects are excluded.
submission/josr/figures/Figure_4_candidate_paracrine_axes.png	figure	285046	56effcd1f9695f6b824b2e812d939ed3f56c987b75da7517bb3a37707ed216e9	yes	Raw data and large processed single-cell objects are excluded.
submission/josr/figures/Figure_5_validation_roadmap.png	figure	322892	34590ce06ca3646cc326cffdeeefcb4ead22f74dad4ae5f75833e9bf01d3421c	yes	Raw data and large processed single-cell objects are excluded.
submission/josr/figures/Figure_6_bulk_msp_diagnostic_auc_summary.png	figure	157626	69fb9c674b4b72f6157ceb3f009e5f6bdd4deac000701581f308e0f9b51b1b05	yes	Raw data and large processed single-cell objects are excluded.
submission/josr/figures/Supplementary_Figure_S1_guardrails_sensitivity.png	figure	248173	f8bd23ba0b552273c65932e253755319cdc8fd9681e071c4eac577484d629670	yes	Raw data and large processed single-cell objects are excluded.
submission/josr/JOSR_Supplementary_Tables_ST01_ST34.xlsx	supplementary_workbook	1025047	617a2610d203d6d1b32ac7ad1a29d3ab48a1c9e75acd702f69e726bb1e17fa60	yes	Raw data and large processed single-cell objects are excluded.
tests/test_build_gse220243_meniscus_h5ad.ps1	test	3433	96b46eaca910d6879b72289867c2e5b122f43928d20417446e378f1ae838b3db	yes	Raw data and large processed single-cell objects are excluded.
tests/test_bulk_msp_cell_state_proxy.ps1	test	6250	e556c9bb2c26584fa07636533cd8fc84cf0a09e41302e45e7f14264eb2053768	yes	Raw data and large processed single-cell objects are excluded.
tests/test_bulk_msp_diagnostic_analysis.ps1	test	8223	7c29dc58a6f66b4ed3db45a965ca47d9a8a3522c5d30ff9693dfca615ee463bb	yes	Raw data and large processed single-cell objects are excluded.
tests/test_bulk_msp_meta_analysis.ps1	test	4803	eb946b6b35f156f4597888241600ee87ea07ac80f37aad4ec7364da12a361249	yes	Raw data and large processed single-cell objects are excluded.
tests/test_bulk_msp_reference_deconvolution_pilot.ps1	test	7033	68ad999166bbca84bd7f731a7dbc6d5b9e6aa24d8015c6619aa47be70aa5379a	yes	Raw data and large processed single-cell objects are excluded.
tests/test_bulk_msp_robustness.ps1	test	5782	7f18c0319b471dcd9e4f1f77988365b109c0bdf1f425f39a36535b1bf629829e	yes	Raw data and large processed single-cell objects are excluded.
tests/test_bulk_msp_subtype_interpretation.ps1	test	5696	ac54155e13b9ece70ee192ebb912c106353729b97d8bbeb626d6858fd9b0942f	yes	Raw data and large processed single-cell objects are excluded.
tests/test_bulk_msp_subtyping.ps1	test	6364	7844a15b05a15b1c046a69fe1fb26dad5f1bf3614363a672f1c1dadf535743d5	yes	Raw data and large processed single-cell objects are excluded.
tests/test_bulk_msp_validation.ps1	test	6089	71475c68cd5ae5b4a02e309757225f518a567b679a9a006da6bdc632b142b84c	yes	Raw data and large processed single-cell objects are excluded.
tests/test_bulk_receiver_targets_for_nichenet.ps1	test	3933	0cbf62c8e8f49150686ea934a53213659d4f6f84d661bc4193ccafa31168057e	yes	Raw data and large processed single-cell objects are excluded.
tests/test_cluster_marker_de_gse220243_meniscus.ps1	test	4043	aef4957795c918a3cce2d24be64b7771fcecb4092417abf3811d212338c825f6	yes	Raw data and large processed single-cell objects are excluded.
tests/test_cnmf_balanced_discovery_runner_gse220243.ps1	test	6838	9815c3e976dab94280f375e7935bb2ceecedb6e749330ae6cba7194080fc1a4b	yes	Raw data and large processed single-cell objects are excluded.
tests/test_cnmf_balanced_pilot_gse220243.ps1	test	6732	bf6a68acd7c3ad1c58a787843fed935a81b3263848201fb5cbbd46c0f65369db	yes	Raw data and large processed single-cell objects are excluded.
tests/test_cnmf_input_prep_gse220243.ps1	test	7454	c8cde8454af9c2dd5869549ba987e49e84ba670207f66e94c27bd56ebfaae1d1	yes	Raw data and large processed single-cell objects are excluded.
tests/test_cnmf_program_interpretation_gse220243.ps1	test	5348	1d83b6b3057368c06683ca445e486241d75cae7052ee245538ce7e8ef0888b96	yes	Raw data and large processed single-cell objects are excluded.
tests/test_fibrochondrocyte_marker_de_batch_audit_gse220243.ps1	test	5881	aa8f8c7f8c1d70edcb8fdf3d9bcff8f906b1f7695d5a07b3db7bba5b1d97ba08	yes	Raw data and large processed single-cell objects are excluded.
tests/test_fibrochondrocyte_subset_scanpy_gse220243.ps1	test	6031	b0d281981930c81e278e1e5b725fe95f7f041c0b681b9d988877356ff75ca44a	yes	Raw data and large processed single-cell objects are excluded.
tests/test_filter_gse220243_meniscus_qc.ps1	test	5132	910f1d85189bfa93bd6c66a4abe4a57e4c4bd239497d797a46a735cbe8433bff	yes	Raw data and large processed single-cell objects are excluded.
tests/test_gse220243_manifest.ps1	test	2126	855d2222818fcbc4236af3753ad1fb231303ef1513b33f05fbc32fcde90c782f	yes	Raw data and large processed single-cell objects are excluded.
tests/test_hra001986_intake_reference.ps1	test	5612	73914b6e8782ea3ff9a28e5d2bb4c9549759bcf3974a8b7e34775b5917183e43	yes	Raw data and large processed single-cell objects are excluded.
tests/test_hra001986_msp_projection.ps1	test	4710	360da239a40ccafe0647913cf4c1afabc03aa79041663b3f31464d4a5e8f685a	yes	Raw data and large processed single-cell objects are excluded.
tests/test_initial_scanpy_gse220243_meniscus.ps1	test	4618	30ef714b5b99bb7d981f618db0c0ffefb34fd3eaf41c23d8c99fccf77bc871dc	yes	Raw data and large processed single-cell objects are excluded.
tests/test_josr_repackaging_application.ps1	test	10934	71461a5c51fe4c0e72f44453741323b9847a9c9431bfffcf17b9f850026e94f2	yes	Raw data and large processed single-cell objects are excluded.
tests/test_josr_repository_release_package.ps1	test	4540	98c4930492b8ba63b8e5c1d856bae3f05c93edf64ae6144b48cfd5769acf01c3	yes	Raw data and large processed single-cell objects are excluded.
tests/test_jot_author_metadata_confirmation_lock.ps1	test	6813	0eef3d8665562ad24a57a95f5ed9977d40722c36a67af55f758f554744169755	yes	Raw data and large processed single-cell objects are excluded.
tests/test_jot_figure_upload_package.ps1	test	5127	aa1b8e31e99f89322577e95dd6ee9632756c4a4445c7ee6b0f3008204e19916f	yes	Raw data and large processed single-cell objects are excluded.
tests/test_jot_final_submission_readiness.ps1	test	5736	3a2bff300466a142d782dec320cdc7267c541b190d38e9c71520803f3500cfd0	yes	Raw data and large processed single-cell objects are excluded.
tests/test_jot_metadata_scrub_author_confirmation.ps1	test	7602	80a2d1213786e45761b43bcb1415c4013bb18e6efd304d737a47020dcbca7275	yes	Raw data and large processed single-cell objects are excluded.
tests/test_jot_missing_figures_generation.ps1	test	7661	d8093df032853e56d5045b8a3099d8f5193406c7e614421b14aee99fb2439aaa	yes	Raw data and large processed single-cell objects are excluded.
tests/test_jot_pre_submission_qc_audit.ps1	test	5196	8dc2563a69c8b313b2e398f7cbe66386be4f5384f29b29f85249a68557143a22	yes	Raw data and large processed single-cell objects are excluded.
tests/test_jot_reference_completion.ps1	test	4950	17d174d10233c1f03c03cc9b56c1072b191d11089b5996281338fea6782c439f	yes	Raw data and large processed single-cell objects are excluded.
tests/test_jot_repository_staging.ps1	test	5601	e503802210e9f8e0fc5ecd8b66527092ecca4c487f3e37be582e877d4682b663	yes	Raw data and large processed single-cell objects are excluded.
tests/test_jot_revision_changelist_application.ps1	test	6693	ab90c6ef4e8dacab8b7603619068af3f354f6215c8eade24ed3f9fc2d7e477fa	yes	Raw data and large processed single-cell objects are excluded.
tests/test_jot_round3_revision_application.ps1	test	5167	43c9101691aee9d2b0ce5880a2ad796bea4c9ff25bb0849732b0a8c25a86f19e	yes	Raw data and large processed single-cell objects are excluded.
tests/test_jot_round4_revision_application.ps1	test	5941	0d154d06c007c3e7c7dfb55847a5a25720bc5ff61d4e252611b847f90edc03a8	yes	Raw data and large processed single-cell objects are excluded.
tests/test_jot_submission_adaptation.ps1	test	8471	98e9076a1ea0fddd67c0e8f55bbcc0a7da8cf1bfb449c416da35a562ea023aae	yes	Raw data and large processed single-cell objects are excluded.
tests/test_jot_submission_file_assembly.ps1	test	8502	832efa8043e20c6e757972991138f979ce0f716a0440f5839aeded0cf147ce21	yes	Raw data and large processed single-cell objects are excluded.
tests/test_jot_title_narrative_harmonization.ps1	test	4130	3f8e55946a8fd6a70593497fcb230aebd5fbe6a0c34d92aec1bd8879a12ae968	yes	Raw data and large processed single-cell objects are excluded.
tests/test_jot_upload_file_manifest.ps1	test	7190	663a9bd9be8c725aeb00d4cb8409e5ab5f1fc184a16fa345b6f77307c7782e18	yes	Raw data and large processed single-cell objects are excluded.
tests/test_jot_upload_handoff_package.ps1	test	8668	b5ca482b0ea849d703bd7ec1d4cef59e32a16b34ca8229cbefccd44b7a9b4b5a	yes	Raw data and large processed single-cell objects are excluded.
tests/test_merge_gse220243_meniscus_qc.ps1	test	4711	bd31c70a8df08965cddbd19a20d07a49cc569106084fba6b71458114708d92d5	yes	Raw data and large processed single-cell objects are excluded.
tests/test_msp_axis_target_concordance.ps1	test	2847	a58bef8e008de3f701db8e8ad2e3e981805f8397e36b4bb73a503ae4c1e3a009	yes	Raw data and large processed single-cell objects are excluded.
tests/test_msp_communication_tool_inputs.ps1	test	4619	3ace4630768428322ff79f63b68fc1e73c7f3d9a6f5c70f36c19293f29c92579	yes	Raw data and large processed single-cell objects are excluded.
tests/test_msp_discussion_package.ps1	test	6008	adf0b4c2886812e1f6b2c6b87a7559fcbb7ccc15c23859ead0dc813e23ab075b	yes	Raw data and large processed single-cell objects are excluded.
tests/test_msp_full_methods_reporting.ps1	test	7274	bd5e3aaa77618b335a23ac6db67734ff0ac031b2e7906f750a74f2bbd4695da3	yes	Raw data and large processed single-cell objects are excluded.
tests/test_msp_full_results_and_legends.ps1	test	5850	4bbf48a4da8eb664b09c126dd609f1d68d8e3fad1d87a868019247c691f8b9f5	yes	Raw data and large processed single-cell objects are excluded.
tests/test_msp_integrated_manuscript_draft.ps1	test	7605	16a54fca58881d3912fcdcfee570333b64d01ce6cea9f9daf7bbf1e65bfe3a2b	yes	Raw data and large processed single-cell objects are excluded.
tests/test_msp_lr_single_cell_context.ps1	test	4539	f86842e87132f80b5bfb1c9ae88811d4b7c84cdf9e77ef78172730fc1d3f3be8	yes	Raw data and large processed single-cell objects are excluded.
tests/test_msp_lr_validation_roadmap.ps1	test	3629	26eb51f42af2b417788866b4da5a3fe63fd0b558e293d948be8197ec83512398	yes	Raw data and large processed single-cell objects are excluded.
tests/test_msp_manuscript_figure_source_package.ps1	test	4882	70256465d7fde1f8d25f1e2d08c5789a7bd19c8d0b94e6fa6551e7cece872edd	yes	Raw data and large processed single-cell objects are excluded.
tests/test_msp_manuscript_master_index.ps1	test	6179	6b9371b673ee7f9742b7a4b593645cfe5903e5a44158c5ec23bd4c18dfa302f0	yes	Raw data and large processed single-cell objects are excluded.
tests/test_msp_manuscript_mechanism_package.ps1	test	3592	64aeb53299c285dc6bcff13ad29d8ec0b6743f721e7567da8afc261d3d596f65	yes	Raw data and large processed single-cell objects are excluded.
tests/test_msp_mechanism_axis_dossier.ps1	test	3835	8040a53a29f6bc330a8e9cc369197d5b7d47fe727d89820cf691ec77460cc4e7	yes	Raw data and large processed single-cell objects are excluded.
tests/test_msp_paracrine_lr_prioritization.ps1	test	6375	c368e0583468e41403f5a2a61ce5df781105b19963e8ce37a73e3932347df0d6	yes	Raw data and large processed single-cell objects are excluded.
tests/test_msp_results_outline_main_figures.ps1	test	5181	65d858bd3c58ddde7cfbc42440d6d927e2447fcdd27ed8e127dcb5cdac84f9fc	yes	Raw data and large processed single-cell objects are excluded.
tests/test_msp_title_abstract_manuscript_skeleton.ps1	test	7108	aff20a063c9e8faf593373fa26c04400d9861d4175b6191cc8d98f102d9e5aa1	yes	Raw data and large processed single-cell objects are excluded.
tests/test_sample_aware_program_prep_gse220243.ps1	test	6975	21af45c29cf811f19f0405ed34af02192b04c51d234d96925d54cf6497929e04	yes	Raw data and large processed single-cell objects are excluded.
tests/test_score_gse220243_initial_markers.ps1	test	4672	9c75203222c2eee437f4c64998f94b366546883fa2677d4d887a876980cd8279	yes	Raw data and large processed single-cell objects are excluded.
tests/test_scverse_env_contract.ps1	test	1078	31b780dcd4e7f967f0f0b1d8b15fcfa449348313fcd671ca4676b6121ec82a08	yes	Raw data and large processed single-cell objects are excluded.
tests/test_smoke_read_gse220243_sample.ps1	test	1717	5bda738f1faa2443f9a0f3b019be6ab3310d48d30b6bce18e03a4e0465502a97	yes	Raw data and large processed single-cell objects are excluded.
